{
  "type": "idas:idas_jigsaw_structure",
  "config": {
    "start_pool": "idas:ancient_mines/ancient_mines_entrance",
    "size": 20,
    "center_y_offset": -23,
    "structure_set_avoid_radius_check": 2,
    "structure_set_to_avoid": [
      "minecraft:villages",
      "idas:labyrinth",
      "idas:wizardtower",
      "idas:enchantingtower",
      "idas:castle",
      "idas:cottage",
      "idas:brickhouse",
      "idas:hauntedhouse",
      "idas:abandonedhouse",
      "idas:pillager_fortress",
      "quark:mega_dungeon",
      "betterdungeons:zombie_dungeon",
      "betterdungeons:small_dungeon",
      "betterdungeons:spider_dungeon",
      "betterdungeons:skeleton_dungeon",
      "bettermineshafts:mineshaft_acacia",
      "bettermineshafts:mineshaft_desert",
      "bettermineshafts:mineshaft_dripstone",
      "bettermineshafts:mineshaft_forest",
      "bettermineshafts:mineshaft_ice",
      "bettermineshafts:mineshaft_jungle",
      "bettermineshafts:mineshaft_lush",
      "bettermineshafts:mineshaft_mesa",
      "bettermineshafts:mineshaft_mushroom",
      "bettermineshafts:mineshaft_oak",
      "bettermineshafts:mineshaft_red_desert",
      "bettermineshafts:mineshaft_spruce",
      "bettermineshafts:mineshaft_spruce_snowy",
      "dungeons_arise:abandoned_lush",
      "dungeons_arise:aviary",
      "dungeons_arise:bandit_towers",
      "dungeons_arise:bandit_village",
      "dungeons_arise:ceryneian_hind",
      "dungeons_arise:coliseum",
      "dungeons_arise:foundry",
      "dungeons_arise:fishing_hut",
      "dungeons_arise:giant_mushroom",
      "dungeons_arise:heavenly_challenger",
      "dungeons_arise:heavenly_conqueror",
      "dungeons_arise:heavenly_rider",
      "dungeons_arise:illager_campsite",
      "dungeons_arise:illager_corsair",
      "dungeons_arise:illager_fort",
      "dungeons_arise:illager_gallery",
      "dungeons_arise:illager_windmill",
      "dungeons_arise:infested_temple",
      "dungeons_arise:lighthouse",
      "dungeons_arise:merchant_campsite",
      "dungeons_arise:mining_system",
      "dungeons_arise:monastery",
      "dungeons_arise:mushroom_house",
      "dungeons_arise:mushroom_mines",
      "dungeons_arise:mushroom_village",
      "dungeons_arise:plague_asylum",
      "dungeons_arise:scorched_mines",
      "dungeons_arise:shiraz_palace",
      "dungeons_arise:small_blimp",
      "dungeons_arise:small_prairie_house",
      "dungeons_arise:thornborn_towers",
      "dungeons_arise:typhon",
      "dungeons_arise:undead_pirate_ship",
      "dungeons_arise:wishing_well",
      "repurposed_structures:village_badlands",
      "repurposed_structures:village_birch",
      "repurposed_structures:village_crimson",
      "repurposed_structures:village_dark_forest",
      "repurposed_structures:village_giant_taiga",
      "repurposed_structures:village_jungle",
      "repurposed_structures:village_mountains",
      "repurposed_structures:village_mushroom",
      "repurposed_structures:village_oak",
      "repurposed_structures:village_swamp",
      "repurposed_structures:village_warped",
      "repurposed_structures:outpost_badlands",
      "repurposed_structures:outpost_birch",
      "repurposed_structures:outpost_crimson",
      "repurposed_structures:outpost_desert",
      "repurposed_structures:outpost_end",
      "repurposed_structures:outpost_giant_tree_taiga",
      "repurposed_structures:outpost_icy",
      "repurposed_structures:outpost_jungle",
      "repurposed_structures:outpost_nether_brick",
      "repurposed_structures:outpost_oak",
      "repurposed_structures:outpost_snowy",
      "repurposed_structures:outpost_taiga",
      "repurposed_structures:outpost_warped",
      "repurposed_structures:mansion_birch",
      "repurposed_structures:mansion_desert",
      "repurposed_structures:mansion_jungle",
      "repurposed_structures:mansion_oak",
      "repurposed_structures:mansion_savanna",
      "repurposed_structures:mansion_snowy",
      "repurposed_structures:mansion_taiga",
      "repurposed_structures:city_overworld",
      "repurposed_structures:city_nether",
      "repurposed_structures:igloo_grassy",
      "repurposed_structures:igloo_mushroom",
      "repurposed_structures:igloo_stone",
      "repurposed_structures:pyramid_badlands",
      "repurposed_structures:pyramid_dark_forest",
      "repurposed_structures:pyramid_end",
      "repurposed_structures:pyramid_flower_forest",
      "repurposed_structures:pyramid_giant_tree_taiga",
      "repurposed_structures:pyramid_icy",
      "repurposed_structures:pyramid_jungle",
      "repurposed_structures:pyramid_mushroom",
      "repurposed_structures:pyramid_ocean",
      "repurposed_structures:pyramid_snowy",
      "repurposed_structures:ruins_land_icy",
      "repurposed_structures:ruins_land_cold",
      "repurposed_structures:ruins_land_warm",
      "repurposed_structures:ruins_land_hot",
      "repurposed_structures:mineshaft_birch",
      "repurposed_structures:mineshaft_dark_forest",
      "repurposed_structures:mineshaft_desert",
      "repurposed_structures:mineshaft_end",
      "repurposed_structures:mineshaft_icy",
      "repurposed_structures:mineshaft_jungle",
      "repurposed_structures:mineshaft_ocean",
      "repurposed_structures:mineshaft_savanna",
      "repurposed_structures:mineshaft_stone",
      "repurposed_structures:mineshaft_swamp",
      "repurposed_structures:mineshaft_taiga",
      "repurposed_structures:mineshaft_warped",
      "terralith:fortified_village",
      "terralith:fortified_desert_village",
      "terralith:glacial_hut",
      "terralith:spire"
    ]
  },
  "biomes": "#idas:has_structure/ancient_mines_biomes",
  "adapt_noise": false,
  "spawn_overrides": {
    "monster": {
      "bounding_box": "piece",
      "spawns": [
        {
          "type": "minecraft:silverfish",
          "weight": 3,
          "minCount": 1,
          "maxCount": 5
        },
        {
          "type": "quark:wraith",
          "weight": 5,
          "minCount": 1,
          "maxCount": 5
        }
      ]
    }
  }
}