{
  "villagerMaps" : {
    "minecraft:cartographer": [
      {
        "tradeLevel": 2,
        "structure" : "idas:labyrinth",
        "mapName": "Desert Labyrinth Map",
        "mapIcon": "BANNER_YELLOW",
        "emeraldsRequired": 20,
        "tradesAllowed": 12,
        "xpReward": 10,
        "spawnRegionSearchRadius": 125
      },
      {
        "tradeLevel": 2,
        "structure": "idas:pillager_fortress",
        "mapName": "Pillager Fortress Map",
        "mapIcon": "MANSION",
        "emeraldsRequired": 20,
        "tradesAllowed": 12,
        "xpReward": 10,
        "spawnRegionSearchRadius": 125
      },
      {
        "tradeLevel": 2,
        "structure": "idas:ancient_mines",
        "mapName": "Ancient Mines Map",
        "mapIcon": "BANNER_RED",
        "emeraldsRequired": 20,
        "tradesAllowed": 12,
        "xpReward": 10,
        "spawnRegionSearchRadius": 125
      }
    ]
  }
}