{
	"credit": "Made with Blockbench",
	"ambientocclusion": false,
	"textures": {
		"particle": "block/ladder",
		"texture": "block/ladder"
	},
	"elements": [
		{
			"name": "Plank1",
			"from": [0, 12.5, 14.5],
			"to": [16, 15.5, 15.5],
			"shade": false,
			"rotation": {"angle": 0, "axis": "y", "origin": [8, 8, 7]},
			"faces": {
				"north": {"uv": [0, 0.5, 14, 3.5], "texture": "#texture"},
				"east": {"uv": [13, 0.5, 14, 3.5], "texture": "#texture"},
				"south": {"uv": [1, 0.5, 15, 3.5], "texture": "#texture"},
				"west": {"uv": [0, 0.5, 1, 3.5], "texture": "#texture"},
				"up": {"uv": [0, 2.5, 14, 3.5], "texture": "#texture"},
				"down": {"uv": [0, 2.5, 14, 3.5], "rotation": 180, "texture": "#texture"}
			}
		},
		{
			"name": "Plank2",
			"from": [0, 8.5, 14.5],
			"to": [16, 11.5, 15.5],
			"shade": false,
			"rotation": {"angle": 0, "axis": "y", "origin": [8, 8, 7]},
			"faces": {
				"north": {"uv": [0, 4.5, 14, 7.5], "texture": "#texture"},
				"east": {"uv": [13, 4.5, 14, 7.5], "texture": "#texture"},
				"south": {"uv": [1, 4.5, 15, 7.5], "texture": "#texture"},
				"west": {"uv": [0, 4.5, 1, 7.5], "texture": "#texture"},
				"up": {"uv": [0, 6.5, 14, 7.5], "texture": "#texture"},
				"down": {"uv": [0, 6.5, 14, 7.5], "rotation": 180, "texture": "#texture"}
			}
		},
		{
			"name": "Plank3",
			"from": [0, 4.5, 14.5],
			"to": [16, 7.5, 15.5],
			"shade": false,
			"rotation": {"angle": 0, "axis": "y", "origin": [8, 8, 7]},
			"faces": {
				"north": {"uv": [0, 8.5, 14, 11.5], "texture": "#texture"},
				"east": {"uv": [13, 8.5, 14, 11.5], "texture": "#texture"},
				"south": {"uv": [1, 8.5, 15, 11.5], "texture": "#texture"},
				"west": {"uv": [0, 8.5, 1, 11.5], "texture": "#texture"},
				"up": {"uv": [0, 10.5, 14, 11.5], "texture": "#texture"},
				"down": {"uv": [0, 10.5, 14, 11.5], "rotation": 180, "texture": "#texture"}
			}
		},
		{
			"name": "Plank4",
			"from": [0, 0.5, 14.5],
			"to": [16, 3.5, 15.5],
			"shade": false,
			"rotation": {"angle": 0, "axis": "y", "origin": [8, 8, 7]},
			"faces": {
				"north": {"uv": [0, 12.5, 14, 15.5], "texture": "#texture"},
				"east": {"uv": [13, 12.5, 14, 15.5], "texture": "#texture"},
				"south": {"uv": [1, 12.5, 15, 15.5], "texture": "#texture"},
				"west": {"uv": [0, 12.5, 1, 15.5], "texture": "#texture"},
				"up": {"uv": [0, 14.5, 14, 15.5], "texture": "#texture"},
				"down": {"uv": [0, 14.5, 14, 15.5], "rotation": 180, "texture": "#texture"}
			}
		},
		{
			"name": "base1",
			"from": [1, 0, 15],
			"to": [3, 16, 16],
			"shade": false,
			"faces": {
				"north": {"uv": [10, 0, 12, 16], "texture": "#texture"},
				"east": {"uv": [14, 0, 15, 16], "texture": "#texture"},
				"south": {"uv": [14, 0, 16, 16], "texture": "#texture"},
				"west": {"uv": [15, 0, 16, 16], "texture": "#texture"},
				"up": {"uv": [2, 3.5, 4, 4.5], "texture": "#texture"},
				"down": {"uv": [10, 11.5, 12, 12.5], "rotation": 180, "texture": "#texture"}
			}
		},
		{
			"name": "base2",
			"from": [13, 0, 15],
			"to": [15, 16, 16],
			"shade": false,
			"faces": {
				"north": {"uv": [2, 0, 4, 16], "texture": "#texture"},
				"east": {"uv": [14, 0, 15, 16], "texture": "#texture"},
				"south": {"uv": [14, 0, 16, 16], "texture": "#texture"},
				"west": {"uv": [15, 0, 16, 16], "texture": "#texture"},
				"up": {"uv": [10, 11.5, 12, 12.5], "texture": "#texture"},
				"down": {"uv": [10, 3.5, 12, 4.5], "rotation": 180, "texture": "#texture"}
			}
		}
	]
}