{
  "replace": false,
  "values": [
    "minecraft:dark_forest",
    {
      "id": "terralith:mirage_isles",
      "required": false
    },
    {
      "id": "byg:ancient_forest",
      "required": false
    },
    {
      "id": "byg:ebony_woods",
      "required": false
    },
    {
      "id": "biomesoplenty:ominous_woods",
      "required": false
    },
    {
      "id": "vampirism:vampire_forest",
      "required": false
    },
    {
      "id": "forge:spooky",
      "required": false
    },
    {
      "id": "c:spooky",
      "required": false
    },
    {
      "id": "forge:dead",
      "required": false
    },
    {
      "id": "c:dead",
      "required": false
    }
  ]
}