{
	"credit": "Made with Blockbench by Valdr687",
	"parent": "minecraft:block/door_top_right_open",
	"textures": {
		"3": "block/doors/acacia_door",
		"particle": "block/acacia_door_top",
		"top": "block/acacia_door_top"
	},
	"elements": [
		{
			"from": [0, 0, 0],
			"to": [3, 1, 16],
			"faces": {
				"north": {"uv": [13, 15, 16, 16], "texture": "#3"},
				"east": {"uv": [16, 15, 0, 16], "texture": "#top"},
				"south": {"uv": [13, 15, 16, 16], "texture": "#3"},
				"west": {"uv": [0, 15, 16, 16], "texture": "#top"},
				"up": {"uv": [1, 0, 4, 16], "texture": "#3"},
				"down": {"uv": [1, 0, 4, 16], "texture": "#3"}
			}
		},
		{
			"from": [0, 13, 0],
			"to": [3, 16, 16],
			"faces": {
				"north": {"uv": [13, 0, 16, 3], "texture": "#3"},
				"east": {"uv": [16, 0, 0, 3], "texture": "#top"},
				"south": {"uv": [13, 0, 16, 3], "texture": "#3"},
				"west": {"uv": [0, 0, 16, 3], "texture": "#top"},
				"up": {"uv": [1, 0, 4, 16], "texture": "#3"},
				"down": {"uv": [1, 0, 4, 16], "texture": "#3"}
			}
		},
		{
			"from": [0, 1, 13],
			"to": [3, 13, 16],
			"faces": {
				"north": {"uv": [4, 4, 7, 16], "texture": "#3"},
				"east": {"uv": [16, 3, 13, 15], "texture": "#top"},
				"south": {"uv": [13, 2, 16, 14], "texture": "#3"},
				"west": {"uv": [13, 3, 16, 15], "texture": "#top"}
			}
		},
		{
			"from": [0, 1, 0],
			"to": [3, 13, 3],
			"faces": {
				"north": {"uv": [13, 2, 16, 14], "texture": "#3"},
				"east": {"uv": [3, 3, 0, 15], "texture": "#top"},
				"south": {"uv": [13, 2, 16, 14], "texture": "#3"},
				"west": {"uv": [0, 3, 3, 15], "texture": "#top"}
			}
		},
		{
			"from": [0, 1, 5],
			"to": [3, 13, 7],
			"faces": {
				"north": {"uv": [7, 4, 10, 16], "texture": "#3"},
				"east": {"uv": [11, 3, 9, 15], "texture": "#top"},
				"south": {"uv": [7, 4, 10, 16], "texture": "#3"},
				"west": {"uv": [5, 3, 7, 15], "texture": "#top"}
			}
		},
		{
			"from": [0, 1, 9],
			"to": [3, 13, 11],
			"faces": {
				"north": {"uv": [4, 4, 7, 16], "texture": "#3"},
				"east": {"uv": [7, 3, 5, 15], "texture": "#top"},
				"south": {"uv": [4, 4, 7, 16], "texture": "#3"},
				"west": {"uv": [9, 3, 11, 15], "texture": "#top"}
			}
		},
		{
			"from": [-0.5, 0, 12],
			"to": [0, 1, 15],
			"faces": {
				"north": {"uv": [14, 15, 14.5, 16], "texture": "#top"},
				"south": {"uv": [12, 15, 12.5, 16], "texture": "#top"},
				"west": {"uv": [12, 15, 15, 16], "rotation": 180, "texture": "#top"},
				"up": {"uv": [12, 15, 15, 16], "rotation": 270, "texture": "#top"},
				"down": {"uv": [12, 15, 15, 16], "rotation": 90, "texture": "#top"}
			}
		},
		{
			"from": [3, 0, 12],
			"to": [3.5, 1, 15],
			"faces": {
				"north": {"uv": [14, 15, 14.5, 16], "texture": "#top"},
				"east": {"uv": [12, 15, 15, 16], "texture": "#top"},
				"south": {"uv": [12, 15, 13, 16], "texture": "#top"},
				"up": {"uv": [12, 15, 15, 16], "rotation": 270, "texture": "#top"},
				"down": {"uv": [12, 15, 15, 16], "rotation": 90, "texture": "#top"}
			}
		}
	],
	"groups": [
		0,
		1,
		2,
		3,
		4,
		5,
		{
			"name": "group",
			"origin": [0, 0, 0],
			"color": 0,
			"children": [6, 7]
		}
	]
}