{
	"credit": "Made with Blockbench by Valdr687",
	"parent": "minecraft:block/door_bottom_right",
	"textures": {
		"1": "block/acacia_door_bottom",
		"3": "block/doors/acacia_door",
		"particle": "block/acacia_door_bottom"
	},
	"elements": [
		{
			"from": [0, 15, 0],
			"to": [3, 16, 16],
			"faces": {
				"north": {"uv": [10, 0, 13, 1], "texture": "#3"},
				"east": {"uv": [0, 0, 16, 1], "texture": "#1"},
				"south": {"uv": [10, 0, 13, 1], "texture": "#3"},
				"west": {"uv": [16, 0, 0, 1], "texture": "#1"},
				"up": {"uv": [1, 0, 4, 16], "texture": "#3"},
				"down": {"uv": [0, 0, 16, 1], "texture": "#missing"}
			}
		},
		{
			"from": [0, 0, 0],
			"to": [3, 3, 16],
			"faces": {
				"north": {"uv": [10, 13, 13, 16], "texture": "#3"},
				"east": {"uv": [0, 13, 16, 16], "texture": "#1"},
				"south": {"uv": [10, 13, 13, 16], "texture": "#3"},
				"west": {"uv": [16, 13, 0, 16], "texture": "#1"},
				"up": {"uv": [1, 0, 4, 16], "texture": "#3"},
				"down": {"uv": [1, 0, 4, 16], "texture": "#3"}
			}
		},
		{
			"from": [0, 3, 13],
			"to": [3, 15, 16],
			"faces": {
				"north": {"uv": [4, 4, 7, 16], "texture": "#3"},
				"east": {"uv": [0, 1, 3, 13], "texture": "#1"},
				"south": {"uv": [10, 2, 13, 14], "texture": "#3"},
				"west": {"uv": [3, 1, 0, 13], "texture": "#1"}
			}
		},
		{
			"from": [0, 3, 0],
			"to": [3, 15, 3],
			"faces": {
				"north": {"uv": [10, 1, 13, 13], "texture": "#3"},
				"east": {"uv": [13, 1, 16, 13], "texture": "#1"},
				"south": {"uv": [10, 1, 13, 13], "texture": "#3"},
				"west": {"uv": [16, 1, 13, 13], "texture": "#1"}
			}
		},
		{
			"from": [0, 3, 5],
			"to": [3, 15, 7],
			"faces": {
				"north": {"uv": [7, 4, 10, 16], "texture": "#3"},
				"east": {"uv": [9, 1, 11, 13], "texture": "#1"},
				"south": {"uv": [7, 4, 10, 16], "texture": "#3"},
				"west": {"uv": [7, 1, 5, 13], "texture": "#1"}
			}
		},
		{
			"from": [0, 3, 9],
			"to": [3, 15, 11],
			"faces": {
				"north": {"uv": [4, 4, 7, 16], "texture": "#3"},
				"east": {"uv": [5, 1, 7, 13], "texture": "#1"},
				"south": {"uv": [4, 4, 7, 16], "texture": "#3"},
				"west": {"uv": [11, 1, 9, 13], "texture": "#1"}
			}
		},
		{
			"from": [3, 15, 1],
			"to": [3.5, 16, 2],
			"faces": {
				"north": {"uv": [14, 0, 15, 1], "texture": "#1"},
				"east": {"uv": [14, 0, 15, 1], "texture": "#1"},
				"south": {"uv": [14, 0, 15, 1], "texture": "#1"},
				"up": {"uv": [14, 0, 15, 1], "texture": "#1"},
				"down": {"uv": [14, 0, 15, 1], "texture": "#1"}
			}
		},
		{
			"from": [-0.5, 15, 1],
			"to": [0, 16, 2],
			"faces": {
				"north": {"uv": [14, 0, 15, 1], "texture": "#1"},
				"south": {"uv": [14, 0, 15, 1], "texture": "#1"},
				"west": {"uv": [14, 0, 15, 1], "texture": "#1"},
				"up": {"uv": [14, 0, 15, 1], "texture": "#1"},
				"down": {"uv": [14, 0, 15, 1], "texture": "#1"}
			}
		}
	],
	"groups": [
		0,
		1,
		2,
		3,
		4,
		5,
		{
			"name": "group",
			"origin": [0, 0, 0],
			"color": 0,
			"children": [6, 7]
		}
	]
}