{
	"credit": "Made with Blockbench by Valdr687",
	"textures": {
		"1": "block/rail_extra",
		"2": "block/activator_rail_on",
		"particle": "block/rail_extra",
		"rail": "block/rail"
	},
	"elements": [
		{
			"from": [2, 1, 0],
			"to": [4, 2, 16],
			"faces": {
				"north": {"uv": [14, 0, 16, 1], "texture": "#1"},
				"east": {"uv": [0, 1, 16, 2], "texture": "#rail"},
				"south": {"uv": [12, 15, 14, 16], "texture": "#1"},
				"west": {"uv": [0, 0, 16, 1], "texture": "#rail"},
				"up": {"uv": [12, 0, 14, 16], "texture": "#1"},
				"down": {"uv": [12, 0, 14, 16], "texture": "#1"}
			}
		},
		{
			"from": [12, 1, 0],
			"to": [14, 2, 16],
			"faces": {
				"north": {"uv": [12, 15, 14, 16], "texture": "#1"},
				"east": {"uv": [0, 3, 16, 4], "texture": "#rail"},
				"south": {"uv": [14, 15, 16, 16], "texture": "#1"},
				"west": {"uv": [0, 2, 16, 3], "texture": "#rail"},
				"up": {"uv": [14, 0, 16, 16], "texture": "#1"},
				"down": {"uv": [14, 0, 16, 16], "texture": "#1"}
			}
		},
		{
			"from": [1, 0, 1],
			"to": [15, 1, 3],
			"faces": {
				"north": {"uv": [2, 8, 16, 9], "texture": "#rail"},
				"east": {"uv": [2, 8, 4, 9], "texture": "#rail"},
				"south": {"uv": [2, 8, 16, 9], "texture": "#rail"},
				"west": {"uv": [14, 8, 16, 9], "texture": "#rail"},
				"up": {"uv": [2, 8, 16, 10], "texture": "#rail"},
				"down": {"uv": [2, 8, 16, 10], "texture": "#rail"}
			}
		},
		{
			"from": [1, 0, 5],
			"to": [15, 1, 7],
			"faces": {
				"north": {"uv": [2, 10, 16, 11], "texture": "#rail"},
				"east": {"uv": [2, 10, 4, 11], "texture": "#rail"},
				"south": {"uv": [2, 10, 16, 11], "texture": "#rail"},
				"west": {"uv": [14, 10, 16, 11], "texture": "#rail"},
				"up": {"uv": [2, 10, 16, 12], "texture": "#rail"},
				"down": {"uv": [2, 10, 16, 12], "texture": "#rail"}
			}
		},
		{
			"from": [1, 0, 9],
			"to": [15, 1, 11],
			"faces": {
				"north": {"uv": [2, 12, 16, 13], "texture": "#rail"},
				"east": {"uv": [2, 12, 4, 13], "texture": "#rail"},
				"south": {"uv": [2, 12, 16, 13], "texture": "#rail"},
				"west": {"uv": [14, 12, 16, 13], "texture": "#rail"},
				"up": {"uv": [2, 12, 16, 14], "texture": "#rail"},
				"down": {"uv": [2, 12, 16, 14], "texture": "#rail"}
			}
		},
		{
			"from": [1, 0, 13],
			"to": [15, 1, 15],
			"faces": {
				"north": {"uv": [2, 14, 16, 15], "texture": "#rail"},
				"east": {"uv": [2, 14, 4, 15], "texture": "#rail"},
				"south": {"uv": [2, 14, 16, 15], "texture": "#rail"},
				"west": {"uv": [14, 14, 16, 15], "texture": "#rail"},
				"up": {"uv": [2, 14, 16, 16], "texture": "#rail"},
				"down": {"uv": [2, 14, 16, 16], "texture": "#rail"}
			}
		},
		{
			"from": [4, 1, 1],
			"to": [6, 1.5, 3],
			"faces": {
				"north": {"uv": [4, 1, 6, 2], "texture": "#2"},
				"east": {"uv": [4, 1, 6, 2], "texture": "#2"},
				"south": {"uv": [4, 1, 6, 2], "texture": "#2"},
				"up": {"uv": [4, 1, 6, 3], "texture": "#2"}
			}
		},
		{
			"from": [4, 1, 5],
			"to": [6, 1.5, 7],
			"faces": {
				"north": {"uv": [4, 5, 6, 6], "texture": "#2"},
				"east": {"uv": [4, 5, 6, 6], "texture": "#2"},
				"south": {"uv": [4, 5, 6, 6], "texture": "#2"},
				"up": {"uv": [4, 5, 6, 7], "texture": "#2"}
			}
		},
		{
			"from": [4, 1, 9],
			"to": [6, 1.5, 11],
			"faces": {
				"north": {"uv": [4, 9, 6, 10], "texture": "#2"},
				"east": {"uv": [4, 9, 6, 10], "texture": "#2"},
				"south": {"uv": [4, 9, 6, 10], "texture": "#2"},
				"up": {"uv": [4, 9, 6, 11], "texture": "#2"}
			}
		},
		{
			"from": [4, 1, 13],
			"to": [6, 1.5, 15],
			"faces": {
				"north": {"uv": [4, 13, 6, 14], "texture": "#2"},
				"east": {"uv": [4, 13, 6, 14], "texture": "#2"},
				"south": {"uv": [4, 13, 6, 14], "texture": "#2"},
				"up": {"uv": [4, 13, 6, 15], "texture": "#2"}
			}
		},
		{
			"from": [10, 1, 13],
			"to": [12, 1.5, 15],
			"faces": {
				"north": {"uv": [10, 13, 12, 14], "texture": "#2"},
				"south": {"uv": [10, 13, 12, 14], "texture": "#2"},
				"west": {"uv": [10, 13, 12, 14], "texture": "#2"},
				"up": {"uv": [10, 13, 12, 15], "texture": "#2"}
			}
		},
		{
			"from": [10, 1, 9],
			"to": [12, 1.5, 11],
			"faces": {
				"north": {"uv": [10, 9, 12, 10], "texture": "#2"},
				"south": {"uv": [10, 9, 12, 10], "texture": "#2"},
				"west": {"uv": [10, 9, 12, 10], "texture": "#2"},
				"up": {"uv": [10, 9, 12, 11], "texture": "#2"}
			}
		},
		{
			"from": [10, 1, 5],
			"to": [12, 1.5, 7],
			"faces": {
				"north": {"uv": [10, 5, 12, 6], "texture": "#2"},
				"south": {"uv": [10, 5, 12, 6], "texture": "#2"},
				"west": {"uv": [10, 5, 12, 6], "texture": "#2"},
				"up": {"uv": [10, 5, 12, 7], "texture": "#2"}
			}
		},
		{
			"from": [10, 1, 1],
			"to": [12, 1.5, 3],
			"faces": {
				"north": {"uv": [10, 1, 12, 2], "texture": "#2"},
				"south": {"uv": [10, 1, 12, 2], "texture": "#2"},
				"west": {"uv": [10, 1, 12, 2], "texture": "#2"},
				"up": {"uv": [10, 1, 12, 3], "texture": "#2"}
			}
		},
		{
			"from": [7, 0, 3],
			"to": [9, 1, 5],
			"faces": {
				"east": {"uv": [7, 3, 9, 4], "texture": "#2"},
				"west": {"uv": [7, 3, 9, 4], "texture": "#2"},
				"up": {"uv": [7, 3, 9, 5], "texture": "#2"},
				"down": {"uv": [7, 3, 9, 5], "texture": "#2"}
			}
		},
		{
			"from": [7, 0, 7],
			"to": [9, 1, 9],
			"faces": {
				"east": {"uv": [7, 7, 9, 8], "texture": "#2"},
				"west": {"uv": [7, 7, 9, 8], "texture": "#2"},
				"up": {"uv": [7, 7, 9, 9], "texture": "#2"},
				"down": {"uv": [7, 7, 9, 9], "texture": "#2"}
			}
		},
		{
			"from": [7, 0, 11],
			"to": [9, 0.5, 13],
			"faces": {
				"east": {"uv": [7, 11, 9, 12], "texture": "#2"},
				"west": {"uv": [7, 11, 9, 12], "texture": "#2"},
				"up": {"uv": [7, 11, 9, 13], "texture": "#2"},
				"down": {"uv": [7, 11, 9, 13], "texture": "#2"}
			}
		}
	],
	"display": {
		"thirdperson_righthand": {
			"rotation": [90, 0, 0],
			"translation": [0, 3, 4.25],
			"scale": [0.55, 0.55, 0.55]
		},
		"thirdperson_lefthand": {
			"rotation": [90, 0, 0],
			"translation": [0, 3, 4.75],
			"scale": [0.55, 0.55, 0.55]
		},
		"firstperson_righthand": {
			"rotation": [50, 0, 90],
			"translation": [-1.12, 0.2, -1.62]
		},
		"firstperson_lefthand": {
			"rotation": [50, 0, 90],
			"translation": [-2.37, 0.2, -1.62]
		},
		"ground": {
			"translation": [0, 2, 0],
			"scale": [0.5, 0.5, 0.5]
		},
		"gui": {
			"rotation": [30, 225, 0],
			"scale": [0.625, 0.625, 0.625]
		},
		"head": {
			"rotation": [0, 180, 0],
			"translation": [0, 14.5, -0.25]
		},
		"fixed": {
			"rotation": [-90, 0, 0],
			"translation": [0, 0, -9.5]
		}
	}
}