{
	"credit": "Made with Blockbench by Valdr687",
	"parent": "minecraft:block/rail_flat",
	"ambientocclusion": false,
	"textures": {
		"1": "block/rail_extra",
		"2": "block/activator_rail",
		"particle": "block/rail_extra",
		"rail": "block/rail"
	},
	"elements": [
		{
			"from": [4, 0.7, 2],
			"to": [6, 1.2, 4],
			"rotation": {"angle": -45, "axis": "x", "origin": [0, 0, 0]},
			"faces": {
				"north": {"uv": [4, 1, 6, 2], "texture": "#2"},
				"east": {"uv": [4, 1, 6, 2], "texture": "#2"},
				"south": {"uv": [4, 1, 6, 2], "texture": "#2"},
				"up": {"uv": [4, 1, 6, 3], "texture": "#2"}
			}
		},
		{
			"from": [4, 0.7, 6],
			"to": [6, 1.2, 8],
			"rotation": {"angle": -45, "axis": "x", "origin": [0, 0, 0]},
			"faces": {
				"north": {"uv": [4, 5, 6, 6], "texture": "#2"},
				"east": {"uv": [4, 5, 6, 6], "texture": "#2"},
				"south": {"uv": [4, 5, 6, 6], "texture": "#2"},
				"up": {"uv": [4, 5, 6, 7], "texture": "#2"}
			}
		},
		{
			"from": [4, 0.7, 10],
			"to": [6, 1.2, 12],
			"rotation": {"angle": -45, "axis": "x", "origin": [0, 0, 0]},
			"faces": {
				"north": {"uv": [4, 9, 6, 10], "texture": "#2"},
				"east": {"uv": [4, 9, 6, 10], "texture": "#2"},
				"south": {"uv": [4, 9, 6, 10], "texture": "#2"},
				"up": {"uv": [4, 9, 6, 11], "texture": "#2"}
			}
		},
		{
			"from": [4, 0.7, 14],
			"to": [6, 1.2, 16],
			"rotation": {"angle": -45, "axis": "x", "origin": [0, 0, 0]},
			"faces": {
				"north": {"uv": [4, 13, 6, 14], "texture": "#2"},
				"east": {"uv": [4, 13, 6, 14], "texture": "#2"},
				"south": {"uv": [4, 13, 6, 14], "texture": "#2"},
				"up": {"uv": [4, 13, 6, 15], "texture": "#2"}
			}
		},
		{
			"from": [10, 0.7, 14],
			"to": [12, 1.2, 16],
			"rotation": {"angle": -45, "axis": "x", "origin": [0, 0, 0]},
			"faces": {
				"north": {"uv": [10, 13, 12, 14], "texture": "#2"},
				"east": {"uv": [10, 13, 12, 14], "texture": "#2"},
				"south": {"uv": [10, 13, 12, 14], "texture": "#2"},
				"west": {"uv": [10, 13, 12, 14], "texture": "#2"},
				"up": {"uv": [10, 13, 12, 15], "texture": "#2"}
			}
		},
		{
			"from": [10, 0.7, 10],
			"to": [12, 1.2, 12],
			"rotation": {"angle": -45, "axis": "x", "origin": [0, 0, 0]},
			"faces": {
				"north": {"uv": [10, 9, 12, 10], "texture": "#2"},
				"east": {"uv": [10, 9, 12, 10], "texture": "#2"},
				"south": {"uv": [10, 9, 12, 10], "texture": "#2"},
				"west": {"uv": [10, 9, 12, 10], "texture": "#2"},
				"up": {"uv": [10, 9, 12, 11], "texture": "#2"}
			}
		},
		{
			"from": [10, 0.7, 6],
			"to": [12, 1.2, 8],
			"rotation": {"angle": -45, "axis": "x", "origin": [0, 0, 0]},
			"faces": {
				"north": {"uv": [10, 5, 12, 6], "texture": "#2"},
				"east": {"uv": [10, 5, 12, 6], "texture": "#2"},
				"south": {"uv": [10, 5, 12, 6], "texture": "#2"},
				"west": {"uv": [10, 5, 12, 6], "texture": "#2"},
				"up": {"uv": [10, 5, 12, 7], "texture": "#2"}
			}
		},
		{
			"from": [10, 0.7, 2],
			"to": [12, 1.2, 4],
			"rotation": {"angle": -45, "axis": "x", "origin": [0, 0, 0]},
			"faces": {
				"north": {"uv": [10, 1, 12, 2], "texture": "#2"},
				"east": {"uv": [10, 1, 12, 2], "texture": "#2"},
				"south": {"uv": [10, 1, 12, 2], "texture": "#2"},
				"west": {"uv": [10, 1, 12, 2], "texture": "#2"},
				"up": {"uv": [10, 1, 12, 3], "texture": "#2"}
			}
		},
		{
			"from": [7, -0.3, 4],
			"to": [9, 0.7, 6],
			"rotation": {"angle": -45, "axis": "x", "origin": [0, 0, 0]},
			"faces": {
				"east": {"uv": [7, 3, 9, 4], "texture": "#2"},
				"west": {"uv": [7, 3, 9, 4], "texture": "#2"},
				"up": {"uv": [7, 3, 9, 5], "texture": "#2"},
				"down": {"uv": [7, 3, 9, 5], "texture": "#2"}
			}
		},
		{
			"from": [7, -0.3, 8],
			"to": [9, 0.7, 10],
			"rotation": {"angle": -45, "axis": "x", "origin": [0, 0, 0]},
			"faces": {
				"east": {"uv": [7, 7, 9, 8], "texture": "#2"},
				"west": {"uv": [7, 7, 9, 8], "texture": "#2"},
				"up": {"uv": [7, 7, 9, 9], "texture": "#2"},
				"down": {"uv": [7, 7, 9, 9], "texture": "#2"}
			}
		},
		{
			"from": [7, -0.3, 12],
			"to": [9, 0.7, 14],
			"rotation": {"angle": -45, "axis": "x", "origin": [0, 0, 0]},
			"faces": {
				"east": {"uv": [7, 11, 9, 12], "texture": "#2"},
				"west": {"uv": [7, 11, 9, 12], "texture": "#2"},
				"up": {"uv": [7, 11, 9, 13], "texture": "#2"},
				"down": {"uv": [7, 11, 9, 13], "texture": "#2"}
			}
		},
		{
			"from": [7, -0.3, 16],
			"to": [9, 0.7, 18],
			"rotation": {"angle": -45, "axis": "x", "origin": [0, 0, 0]},
			"faces": {
				"east": {"uv": [7, 11, 9, 12], "texture": "#2"},
				"west": {"uv": [7, 11, 9, 12], "texture": "#2"},
				"up": {"uv": [7, 11, 9, 13], "texture": "#2"},
				"down": {"uv": [7, 11, 9, 13], "texture": "#2"}
			}
		},
		{
			"from": [4, 0.7, 18],
			"to": [6, 1.2, 20],
			"rotation": {"angle": -45, "axis": "x", "origin": [0, 0, 0]},
			"faces": {
				"north": {"uv": [4, 13, 6, 14], "texture": "#2"},
				"east": {"uv": [4, 13, 6, 14], "texture": "#2"},
				"south": {"uv": [4, 13, 6, 14], "texture": "#2"},
				"up": {"uv": [4, 13, 6, 15], "texture": "#2"}
			}
		},
		{
			"from": [10, 0.7, 18],
			"to": [12, 1.2, 20],
			"rotation": {"angle": -45, "axis": "x", "origin": [0, 0, 0]},
			"faces": {
				"north": {"uv": [10, 13, 12, 14], "texture": "#2"},
				"south": {"uv": [10, 13, 12, 14], "texture": "#2"},
				"west": {"uv": [10, 13, 12, 14], "texture": "#2"},
				"up": {"uv": [10, 13, 12, 15], "texture": "#2"}
			}
		},
		{
			"from": [12.025, 0.7, 1],
			"to": [13.975, 1.775, 17],
			"rotation": {"angle": -45, "axis": "x", "origin": [0, 0, 0]},
			"faces": {
				"north": {"uv": [12, 15, 14, 16], "texture": "#1"},
				"east": {"uv": [0, 0, 16, 1], "texture": "#rail"},
				"west": {"uv": [0, 1, 16, 2], "texture": "#rail"},
				"up": {"uv": [12, 0, 14, 16], "rotation": 180, "texture": "#1"},
				"down": {"uv": [12, 0, 14, 16], "rotation": 180, "texture": "#1"}
			}
		},
		{
			"from": [2, 0.7, 1],
			"to": [4, 1.775, 17],
			"rotation": {"angle": -45, "axis": "x", "origin": [0, 0, 0]},
			"faces": {
				"north": {"uv": [14, 15, 16, 16.075], "texture": "#1"},
				"east": {"uv": [0, 2, 16, 3], "texture": "#rail"},
				"west": {"uv": [0, 3, 16, 4], "texture": "#rail"},
				"up": {"uv": [14, 0, 16, 16], "rotation": 180, "texture": "#1"},
				"down": {"uv": [14, 0, 16, 16], "rotation": 180, "texture": "#1"}
			}
		},
		{
			"from": [2, 0.7, 17],
			"to": [4, 1.775, 23.5],
			"rotation": {"angle": -45, "axis": "x", "origin": [0, 0, 0]},
			"faces": {
				"east": {"uv": [11, 2, 16, 3], "texture": "#rail"},
				"south": {"uv": [12, 15, 14, 16], "texture": "#1"},
				"west": {"uv": [11, 3, 16, 4], "texture": "#rail"},
				"up": {"uv": [14, 0, 16, 6], "rotation": 180, "texture": "#1"},
				"down": {"uv": [14, 0, 16, 5], "rotation": 180, "texture": "#1"}
			}
		},
		{
			"from": [12, 0.7, 17],
			"to": [14, 1.775, 23.5],
			"rotation": {"angle": -45, "axis": "x", "origin": [0, 0, 0]},
			"faces": {
				"north": {"uv": [14, 15, 16, 16], "texture": "#1"},
				"east": {"uv": [10, 0, 16, 1], "texture": "#rail"},
				"south": {"uv": [12, 15, 14, 16], "texture": "#1"},
				"west": {"uv": [10, 1, 16, 2], "texture": "#rail"},
				"up": {"uv": [12, 9, 14, 15], "rotation": 180, "texture": "#1"},
				"down": {"uv": [12, 9, 14, 15], "rotation": 180, "texture": "#1"}
			}
		},
		{
			"from": [1, -0.3, 14],
			"to": [15, 0.7, 16],
			"rotation": {"angle": -45, "axis": "x", "origin": [0, 0, 0]},
			"faces": {
				"north": {"uv": [2, 8, 16, 9], "texture": "#rail"},
				"east": {"uv": [14, 8, 16, 9], "texture": "#rail"},
				"south": {"uv": [2, 8, 16, 9], "texture": "#rail"},
				"west": {"uv": [2, 8, 4, 9], "texture": "#rail"},
				"up": {"uv": [2, 8, 16, 10], "rotation": 180, "texture": "#rail"},
				"down": {"uv": [2, 8, 16, 10], "rotation": 180, "texture": "#rail"}
			}
		},
		{
			"from": [1, -0.3, 18],
			"to": [15, 0.7, 20],
			"rotation": {"angle": -45, "axis": "x", "origin": [0, 0, 0]},
			"faces": {
				"north": {"uv": [2, 8, 16, 9], "texture": "#rail"},
				"east": {"uv": [14, 8, 16, 9], "texture": "#rail"},
				"south": {"uv": [2, 8, 16, 9], "texture": "#rail"},
				"west": {"uv": [2, 8, 4, 9], "texture": "#rail"},
				"up": {"uv": [2, 8, 16, 10], "rotation": 180, "texture": "#rail"},
				"down": {"uv": [2, 8, 16, 10], "rotation": 180, "texture": "#rail"}
			}
		},
		{
			"from": [1, -0.3, 10],
			"to": [15, 0.7, 12],
			"rotation": {"angle": -45, "axis": "x", "origin": [0, 0, 0]},
			"faces": {
				"north": {"uv": [2, 10, 16, 11], "texture": "#rail"},
				"east": {"uv": [14, 10, 16, 11], "texture": "#rail"},
				"south": {"uv": [2, 10, 16, 11], "texture": "#rail"},
				"west": {"uv": [2, 10, 4, 11], "texture": "#rail"},
				"up": {"uv": [2, 10, 16, 12], "rotation": 180, "texture": "#rail"},
				"down": {"uv": [2, 10, 16, 12], "rotation": 180, "texture": "#rail"}
			}
		},
		{
			"from": [1, -0.3, 6],
			"to": [15, 0.7, 8],
			"rotation": {"angle": -45, "axis": "x", "origin": [0, 0, 0]},
			"faces": {
				"north": {"uv": [2, 12, 16, 13], "texture": "#rail"},
				"east": {"uv": [14, 12, 16, 13], "texture": "#rail"},
				"south": {"uv": [2, 12, 16, 13], "texture": "#rail"},
				"west": {"uv": [2, 12, 4, 13], "texture": "#rail"},
				"up": {"uv": [2, 12, 16, 14], "rotation": 180, "texture": "#rail"},
				"down": {"uv": [2, 12, 16, 14], "rotation": 180, "texture": "#rail"}
			}
		},
		{
			"from": [1, -0.3, 2],
			"to": [15, 0.7, 4],
			"rotation": {"angle": -45, "axis": "x", "origin": [0, 0, 0]},
			"faces": {
				"north": {"uv": [2, 14, 16, 15], "texture": "#rail"},
				"east": {"uv": [14, 14, 16, 15], "texture": "#rail"},
				"south": {"uv": [2, 14, 16, 15], "texture": "#rail"},
				"west": {"uv": [2, 14, 4, 15], "texture": "#rail"},
				"up": {"uv": [2, 14, 16, 16], "rotation": 180, "texture": "#rail"},
				"down": {"uv": [2, 14, 16, 16], "rotation": 180, "texture": "#rail"}
			}
		},
		{
			"from": [2, 17, 15.5],
			"to": [4, 18, 16],
			"faces": {
				"north": {"uv": [14, 0, 16, 1], "texture": "#1"},
				"east": {"uv": [15, 1, 16, 2], "texture": "#rail"},
				"south": {"uv": [12, 15, 14, 16], "texture": "#1"},
				"west": {"uv": [15, 0, 16, 1], "texture": "#rail"},
				"up": {"uv": [12, 0, 14, 1], "texture": "#1"}
			}
		},
		{
			"from": [1.999, 19.7, 6.95],
			"to": [4.001, 20.7, 8],
			"rotation": {"angle": 45, "axis": "x", "origin": [8, 9, 8]},
			"faces": {
				"north": {"uv": [14, 0, 16, 1], "texture": "#1"},
				"east": {"uv": [13, 2, 14, 3], "texture": "#1"},
				"south": {"uv": [12, 15, 14, 16], "texture": "#1"},
				"west": {"uv": [12, 1, 13, 2], "texture": "#1"},
				"up": {"uv": [12, 0, 14, 1], "texture": "#1"},
				"down": {"uv": [12, 0, 14, 1], "texture": "#1"}
			}
		},
		{
			"from": [11.999, 19.7, 6.95],
			"to": [14.001, 20.7, 8],
			"rotation": {"angle": 45, "axis": "x", "origin": [18, 9, 8]},
			"faces": {
				"north": {"uv": [12, 0, 14, 1], "texture": "#1"},
				"east": {"uv": [12, 2, 13, 3], "texture": "#1"},
				"south": {"uv": [14, 15, 12, 16], "texture": "#1"},
				"west": {"uv": [13, 1, 14, 2], "texture": "#1"},
				"up": {"uv": [14, 0, 12, 1], "texture": "#1"},
				"down": {"uv": [12, 0, 14, 1], "texture": "#1"}
			}
		},
		{
			"from": [1.999, -2.3, 6.95],
			"to": [4.001, -1.3, 8],
			"rotation": {"angle": 45, "axis": "x", "origin": [8, 9, 8]},
			"faces": {
				"north": {"uv": [14, 0, 16, 1], "texture": "#1"},
				"east": {"uv": [13, 2, 14, 3], "texture": "#1"},
				"south": {"uv": [12, 15, 14, 16], "texture": "#1"},
				"west": {"uv": [12, 1, 13, 2], "texture": "#1"},
				"up": {"uv": [12, 0, 14, 1], "texture": "#1"},
				"down": {"uv": [12, 0, 14, 1], "texture": "#1"}
			}
		},
		{
			"from": [12.024, -2.3, 6.95],
			"to": [13.976, -1.3, 8],
			"rotation": {"angle": 45, "axis": "x", "origin": [18, 9, 8]},
			"faces": {
				"north": {"uv": [12, 0, 14, 1], "texture": "#1"},
				"east": {"uv": [12, 2, 13, 3], "texture": "#1"},
				"south": {"uv": [12, 15, 14, 16], "texture": "#1"},
				"west": {"uv": [13, 1, 14, 2], "texture": "#1"},
				"up": {"uv": [12, 0, 14, 1], "texture": "#1"},
				"down": {"uv": [14, 0, 12, 1], "texture": "#1"}
			}
		},
		{
			"from": [12, 17, 15.5],
			"to": [14, 18, 16],
			"rotation": {"angle": 0, "axis": "y", "origin": [10, 0, 0]},
			"faces": {
				"north": {"uv": [14, 0, 16, 1], "texture": "#1"},
				"east": {"uv": [14, 0, 15, 1], "texture": "#rail"},
				"south": {"uv": [14, 15, 12, 16], "texture": "#1"},
				"west": {"uv": [15, 1, 16, 2], "texture": "#rail"},
				"up": {"uv": [14, 0, 16, 1], "texture": "#1"}
			}
		},
		{
			"from": [12.025, 0, 13.5],
			"to": [13.975, 14, 15],
			"rotation": {"angle": 0, "axis": "y", "origin": [8, 0, 8]},
			"faces": {
				"north": {"uv": [0, 2, 2, 16], "texture": "#1"},
				"east": {"uv": [6, 2, 8, 16], "texture": "#1"},
				"south": {"uv": [2, 2, 4, 16], "texture": "#1", "cullface": "north"},
				"west": {"uv": [4, 2, 6, 16], "texture": "#1"},
				"down": {"uv": [0, 14.5, 1.95, 16], "rotation": 180, "texture": "#1", "cullface": "down"}
			}
		},
		{
			"from": [12.025, 13.975, 13.5],
			"to": [13.975, 16, 15],
			"rotation": {"angle": 0, "axis": "y", "origin": [8, 0, 8]},
			"faces": {
				"east": {"uv": [6, 2, 7.5, 4], "texture": "#1"},
				"south": {"uv": [2, 2, 3.95, 4], "texture": "#1", "cullface": "north"},
				"west": {"uv": [4, 2, 5.5, 4], "texture": "#1"}
			}
		},
		{
			"from": [2.025, 13.975, 13.5],
			"to": [3.975, 16, 15],
			"rotation": {"angle": 0, "axis": "y", "origin": [8, 0, 8]},
			"faces": {
				"east": {"uv": [6, 2, 7.5, 4], "texture": "#1"},
				"south": {"uv": [2, 2, 3.95, 4], "texture": "#1", "cullface": "north"},
				"west": {"uv": [4, 2, 5.5, 4], "texture": "#1"}
			}
		},
		{
			"from": [12.05, 0, 7.5],
			"to": [13.95, 10, 9],
			"rotation": {"angle": 0, "axis": "y", "origin": [8, 0, 8]},
			"faces": {
				"north": {"uv": [0, 3, 2, 16], "texture": "#1"},
				"east": {"uv": [6, 3, 8, 16], "texture": "#1"},
				"south": {"uv": [2, 3, 4, 16], "texture": "#1"},
				"west": {"uv": [4, 3, 6, 16], "texture": "#1"},
				"down": {"uv": [0, 14, 1.95, 15.5], "rotation": 180, "texture": "#1", "cullface": "down"}
			}
		},
		{
			"from": [12.05, 0, 2.5],
			"to": [13.95, 5, 4],
			"rotation": {"angle": 0, "axis": "y", "origin": [8, 0, 8]},
			"faces": {
				"north": {"uv": [0, 9, 2, 16], "texture": "#1"},
				"east": {"uv": [2, 9, 4, 16], "texture": "#1"},
				"south": {"uv": [4, 9, 6, 16], "texture": "#1"},
				"west": {"uv": [6, 9, 8, 16], "texture": "#1"},
				"down": {"uv": [0, 14, 1.95, 15.5], "texture": "#1", "cullface": "down"}
			}
		},
		{
			"from": [2.025, 0, 13.5],
			"to": [3.975, 14, 15],
			"rotation": {"angle": 0, "axis": "y", "origin": [8, 0, 8]},
			"faces": {
				"north": {"uv": [0, 2, 2, 16], "texture": "#1"},
				"east": {"uv": [6, 2, 8, 16], "texture": "#1"},
				"south": {"uv": [2, 2, 4, 16], "texture": "#1", "cullface": "north"},
				"west": {"uv": [4, 2, 6, 16], "texture": "#1"},
				"down": {"uv": [0, 14.5, 1.95, 16], "rotation": 180, "texture": "#1", "cullface": "down"}
			}
		},
		{
			"from": [2.025, 0, 7.5],
			"to": [3.975, 10, 9],
			"rotation": {"angle": 0, "axis": "y", "origin": [8, 0, 8]},
			"faces": {
				"north": {"uv": [0, 3, 2, 16], "texture": "#1"},
				"east": {"uv": [6, 3, 8, 16], "texture": "#1"},
				"south": {"uv": [2, 3, 4, 16], "texture": "#1"},
				"west": {"uv": [4, 3, 6, 16], "texture": "#1"},
				"down": {"uv": [0, 14, 1.95, 15.5], "rotation": 180, "texture": "#1", "cullface": "down"}
			}
		},
		{
			"from": [2.025, 0, 2.5],
			"to": [3.975, 5, 4],
			"rotation": {"angle": 0, "axis": "y", "origin": [8, 0, 8]},
			"faces": {
				"north": {"uv": [0, 9, 2, 16], "texture": "#1"},
				"east": {"uv": [2, 9, 4, 16], "texture": "#1"},
				"south": {"uv": [4, 9, 6, 16], "texture": "#1"},
				"west": {"uv": [6, 9, 8, 16], "texture": "#1"},
				"down": {"uv": [0, 14, 1.95, 15.5], "texture": "#1", "cullface": "down"}
			}
		}
	],
	"display": {
		"thirdperson_righthand": {
			"rotation": [90, 0, 0],
			"translation": [0, 3, 4.25],
			"scale": [0.55, 0.55, 0.55]
		},
		"thirdperson_lefthand": {
			"rotation": [90, 0, 0],
			"translation": [0, 3, 4.75],
			"scale": [0.55, 0.55, 0.55]
		},
		"firstperson_righthand": {
			"rotation": [50, 0, 90],
			"translation": [-1.12, 0.2, -1.62]
		},
		"firstperson_lefthand": {
			"rotation": [50, 0, 90],
			"translation": [-2.37, 0.2, -1.62]
		},
		"ground": {
			"translation": [0, 2, 0],
			"scale": [0.5, 0.5, 0.5]
		},
		"gui": {
			"rotation": [30, 225, 0],
			"scale": [0.625, 0.625, 0.625]
		},
		"head": {
			"rotation": [0, 180, 0],
			"translation": [0, 14.5, -0.25]
		},
		"fixed": {
			"rotation": [-90, 0, 0],
			"translation": [0, 0, -9.5]
		}
	}
}