{
	"credit": "Made with Blockbench by Valdr687",
	"textures": {
		"0": "block/amethyst_cluster",
		"particle": "block/amethyst_cluster"
	},
	"elements": [
		{
			"from": [5.5, 0, 5.5],
			"to": [10.5, 13, 10.5],
			"faces": {
				"north": {"uv": [5, 3, 10, 16], "texture": "#0"},
				"east": {"uv": [5, 3, 10, 16], "texture": "#0"},
				"south": {"uv": [5, 3, 10, 16], "texture": "#0"},
				"west": {"uv": [5, 3, 10, 16], "texture": "#0"},
				"up": {"uv": [5, 3, 10, 8], "texture": "#0"},
				"down": {"uv": [5, 11, 10, 16], "texture": "#0"}
			}
		},
		{
			"from": [5.5, 13, 5.5],
			"to": [8.5, 16, 8.5],
			"faces": {
				"north": {"uv": [5, 6, 8, 9], "texture": "#0"},
				"east": {"uv": [5, 6, 8, 9], "texture": "#0"},
				"south": {"uv": [5, 6, 8, 9], "texture": "#0"},
				"west": {"uv": [5, 6, 8, 9], "texture": "#0"},
				"up": {"uv": [5, 6, 8, 9], "texture": "#0"},
				"down": {"uv": [5, 6, 8, 9], "texture": "#0"}
			}
		},
		{
			"from": [3.5, 0, 3.5],
			"to": [5.5, 6, 5.5],
			"faces": {
				"north": {"uv": [3, 10, 5, 16], "texture": "#0"},
				"east": {"uv": [3, 10, 5, 16], "texture": "#0"},
				"south": {"uv": [3, 10, 5, 16], "texture": "#0"},
				"west": {"uv": [3, 10, 5, 16], "texture": "#0"},
				"up": {"uv": [3, 10, 5, 12], "texture": "#0"},
				"down": {"uv": [3, 14, 5, 16], "texture": "#0"}
			}
		},
		{
			"from": [6.5, 0, 10.5],
			"to": [8.5, 9, 12.5],
			"faces": {
				"north": {"uv": [5, 7, 7, 16], "texture": "#0"},
				"east": {"uv": [5, 7, 7, 16], "texture": "#0"},
				"south": {"uv": [5, 7, 7, 16], "texture": "#0"},
				"west": {"uv": [5, 7, 7, 16], "texture": "#0"},
				"up": {"uv": [3, 10, 5, 12], "texture": "#0"},
				"down": {"uv": [3, 14, 5, 16], "texture": "#0"}
			}
		},
		{
			"from": [10, 0, 10],
			"to": [13, 5, 13],
			"faces": {
				"north": {"uv": [10, 11, 13, 16], "texture": "#0"},
				"east": {"uv": [10, 11, 13, 16], "texture": "#0"},
				"south": {"uv": [10, 11, 13, 16], "texture": "#0"},
				"west": {"uv": [10, 11, 13, 16], "texture": "#0"},
				"up": {"uv": [10, 11, 13, 14], "texture": "#0"},
				"down": {"uv": [10, 13, 13, 16], "texture": "#0"}
			}
		},
		{
			"from": [9, 0, 3.5],
			"to": [12, 7, 6.5],
			"faces": {
				"north": {"uv": [7, 9, 10, 16], "texture": "#0"},
				"east": {"uv": [7, 9, 10, 16], "texture": "#0"},
				"south": {"uv": [7, 9, 10, 16], "texture": "#0"},
				"west": {"uv": [7, 9, 10, 16], "texture": "#0"},
				"up": {"uv": [7, 9, 10, 12], "texture": "#0"},
				"down": {"uv": [7, 13, 10, 16], "texture": "#0"}
			}
		},
		{
			"from": [3.5, 0, 7.5],
			"to": [6.5, 7, 11.5],
			"faces": {
				"north": {"uv": [5, 8, 8, 15], "texture": "#0"},
				"east": {"uv": [5, 8, 9, 15], "texture": "#0"},
				"south": {"uv": [5, 8, 8, 15], "texture": "#0"},
				"west": {"uv": [5, 8, 9, 15], "texture": "#0"},
				"up": {"uv": [5, 8, 8, 12], "texture": "#0"},
				"down": {"uv": [5, 8, 8, 12], "texture": "#0"}
			}
		}
	]
}