{
	"credit": "Made with Blockbench by Valdr687",
	"parent": "minecraft:block/stem_growth7",
	"textures": {
		"0": "block/attached_melon_stem",
		"particle": "block/attached_melon_stem"
	},
	"elements": [
		{
			"from": [6.975, -1, 6.975],
			"to": [9, 5, 9],
			"rotation": {"angle": 0, "axis": "y", "origin": [8, 2, 8]},
			"faces": {
				"north": {"uv": [0, 0, 0, 0], "texture": "#0"},
				"east": {"uv": [7, 10, 9, 16], "texture": "#0", "tintindex": 0},
				"south": {"uv": [0, 0, 0, 0], "texture": "#0"},
				"west": {"uv": [7, 10, 9, 16], "texture": "#0", "tintindex": 0},
				"up": {"uv": [7, 14, 9, 16], "texture": "#0", "tintindex": 0},
				"down": {"uv": [7, 10, 9, 12], "texture": "#0", "tintindex": 0}
			}
		},
		{
			"from": [4.975, -1, 6.975],
			"to": [16, 9, 9],
			"rotation": {"angle": 0, "axis": "y", "origin": [10.5, 4, 8]},
			"faces": {
				"north": {"uv": [0, 6, 11, 16], "texture": "#0", "tintindex": 0},
				"east": {"uv": [0, 0, 0, 0], "texture": "#0"},
				"south": {"uv": [11, 6, 0, 16], "texture": "#0", "tintindex": 0},
				"west": {"uv": [0, 0, 0, 0], "texture": "#0"},
				"up": {"uv": [0, 0, 0, 0], "texture": "#0"},
				"down": {"uv": [0, 0, 0, 0], "texture": "#0"}
			}
		},
		{
			"from": [7.975, 5, 6.975],
			"to": [12, 7, 9],
			"rotation": {"angle": 0, "axis": "y", "origin": [10, 6, 8]},
			"faces": {
				"north": {"uv": [0, 0, 0, 0], "texture": "#0"},
				"east": {"uv": [4, 10, 6, 8], "texture": "#0", "tintindex": 0},
				"south": {"uv": [0, 0, 0, 0], "texture": "#0"},
				"west": {"uv": [6, 8, 8, 10], "texture": "#0", "tintindex": 0},
				"up": {"uv": [4, 8, 8, 10], "texture": "#0", "tintindex": 0},
				"down": {"uv": [4, 8, 8, 10], "texture": "#0", "tintindex": 0}
			}
		},
		{
			"from": [10.975, 7, 6.975],
			"to": [13, 8, 9],
			"rotation": {"angle": 0, "axis": "y", "origin": [12, 7.5, 8]},
			"faces": {
				"north": {"uv": [0, 0, 0, 0], "texture": "#0"},
				"east": {"uv": [0, 0, 0, 0], "texture": "#0"},
				"south": {"uv": [0, 0, 0, 0], "texture": "#0"},
				"west": {"uv": [3, 8, 5, 7], "texture": "#0", "tintindex": 0},
				"up": {"uv": [1, 6, 3, 8], "texture": "#0", "tintindex": 0},
				"down": {"uv": [1, 6, 3, 8], "texture": "#0", "tintindex": 0}
			}
		},
		{
			"from": [12.975, 7, 6.975],
			"to": [16, 9, 9],
			"rotation": {"angle": 0, "axis": "y", "origin": [14.5, 8, 8]},
			"faces": {
				"north": {"uv": [0, 0, 0, 0], "texture": "#0"},
				"east": {"uv": [0, 8, 2, 6], "texture": "#0", "tintindex": 0},
				"south": {"uv": [0, 0, 0, 0], "texture": "#0"},
				"west": {"uv": [3, 8, 5, 6], "texture": "#0", "tintindex": 0},
				"up": {"uv": [0, 6, 3, 8], "texture": "#0", "tintindex": 0},
				"down": {"uv": [0, 6, 3, 8], "texture": "#0", "tintindex": 0}
			}
		}
	]
}