{
	"credit": "Made with Blockbench by Valdr687",
	"textures": {
		"particle": "block/azure_bluet_block"
	},
	"elements": [
		{
			"from": [4.5, 1, 8],
			"to": [8.5, 7, 8],
			"rotation": {"angle": -45, "axis": "y", "origin": [8, 4, 8]},
			"faces": {
				"north": {"uv": [13, 0, 9, 6], "texture": "#particle"},
				"east": {"uv": [0, 0, 0, 0], "texture": "#particle"},
				"south": {"uv": [9, 0, 13, 6], "texture": "#particle"},
				"west": {"uv": [0, 0, 0, 0], "texture": "#particle"},
				"up": {"uv": [0, 0, 0, 0], "texture": "#particle"},
				"down": {"uv": [0, 0, 0, 0], "texture": "#particle"}
			}
		},
		{
			"from": [7.5, 0, 7.5],
			"to": [8.5, 4, 8.5],
			"faces": {
				"north": {"uv": [7, 12, 8, 16], "texture": "#particle"},
				"east": {"uv": [7, 12, 8, 16], "texture": "#particle"},
				"south": {"uv": [7, 12, 8, 16], "texture": "#particle"},
				"west": {"uv": [7, 12, 8, 16], "texture": "#particle"},
				"up": {"uv": [7, 12, 8, 13], "texture": "#particle"},
				"down": {"uv": [7, 15, 8, 16], "texture": "#particle"}
			}
		},
		{
			"from": [8.5, 1, 8],
			"to": [11.5, 7, 8],
			"rotation": {"angle": 45, "axis": "y", "origin": [8, 4, 8]},
			"faces": {
				"north": {"uv": [16, 0, 13, 6], "texture": "#particle"},
				"east": {"uv": [0, 0, 0, 0], "texture": "#particle"},
				"south": {"uv": [13, 0, 16, 6], "texture": "#particle"},
				"west": {"uv": [0, 0, 0, 0], "texture": "#particle"},
				"up": {"uv": [0, 0, 0, 0], "texture": "#particle"},
				"down": {"uv": [0, 0, 0, 0], "texture": "#particle"}
			}
		},
		{
			"from": [4.5, 1, 8],
			"to": [8.5, 7, 8],
			"rotation": {"angle": 45, "axis": "y", "origin": [8, 4, 8]},
			"faces": {
				"north": {"uv": [13, 0, 9, 6], "texture": "#particle"},
				"east": {"uv": [0, 0, 0, 0], "texture": "#particle"},
				"south": {"uv": [9, 0, 13, 6], "texture": "#particle"},
				"west": {"uv": [0, 0, 0, 0], "texture": "#particle"},
				"up": {"uv": [0, 0, 0, 0], "texture": "#particle"},
				"down": {"uv": [0, 0, 0, 0], "texture": "#particle"}
			}
		},
		{
			"from": [8.5, 1, 8],
			"to": [11.5, 7, 8],
			"rotation": {"angle": -45, "axis": "y", "origin": [8, 4, 8]},
			"faces": {
				"north": {"uv": [16, 0, 13, 6], "texture": "#particle"},
				"east": {"uv": [0, 0, 0, 0], "texture": "#particle"},
				"south": {"uv": [13, 0, 16, 6], "texture": "#particle"},
				"west": {"uv": [0, 0, 0, 0], "texture": "#particle"},
				"up": {"uv": [0, 0, 0, 0], "texture": "#particle"},
				"down": {"uv": [0, 0, 0, 0], "texture": "#particle"}
			}
		},
		{
			"from": [10.4, 5, 6],
			"to": [10.4, 7, 8],
			"rotation": {"angle": 22.5, "axis": "y", "origin": [8, 0, 8]},
			"faces": {
				"north": {"uv": [0, 0, 0, 0], "texture": "#particle"},
				"east": {"uv": [3, 0, 5, 2], "texture": "#particle"},
				"south": {"uv": [0, 0, 0, 0], "texture": "#particle"},
				"west": {"uv": [3, 0, 5, 2], "texture": "#particle"},
				"up": {"uv": [0, 0, 0, 0], "texture": "#particle"},
				"down": {"uv": [0, 0, 0, 0], "texture": "#particle"}
			}
		},
		{
			"from": [11.5, 3, 7],
			"to": [11.5, 5, 9],
			"rotation": {"angle": 45, "axis": "y", "origin": [8, 0, 8]},
			"faces": {
				"north": {"uv": [0, 0, 0, 0], "texture": "#particle"},
				"east": {"uv": [0, 0, 2, 2], "texture": "#particle"},
				"south": {"uv": [0, 0, 0, 0], "texture": "#particle"},
				"west": {"uv": [0, 0, 2, 2], "texture": "#particle"},
				"up": {"uv": [0, 0, 0, 0], "texture": "#particle"},
				"down": {"uv": [0, 0, 0, 0], "texture": "#particle"}
			}
		},
		{
			"from": [4.75, 3, 6],
			"to": [4.75, 5, 8],
			"rotation": {"angle": -22.5, "axis": "y", "origin": [8, 0, 8]},
			"faces": {
				"north": {"uv": [0, 0, 0, 0], "texture": "#particle"},
				"east": {"uv": [0, 0, 2, 2], "texture": "#particle"},
				"south": {"uv": [0, 0, 0, 0], "texture": "#particle"},
				"west": {"uv": [0, 0, 2, 2], "texture": "#particle"},
				"up": {"uv": [0, 0, 0, 0], "texture": "#particle"},
				"down": {"uv": [0, 0, 0, 0], "texture": "#particle"}
			}
		},
		{
			"from": [7, 5.25, 5.5],
			"to": [9, 7.25, 5.5],
			"rotation": {"angle": 45, "axis": "y", "origin": [8, 0, 8]},
			"faces": {
				"north": {"uv": [3, 0, 5, 2], "texture": "#particle"},
				"east": {"uv": [0, 0, 0, 0], "texture": "#particle"},
				"south": {"uv": [3, 0, 5, 2], "texture": "#particle"},
				"west": {"uv": [0, 0, 0, 0], "texture": "#particle"},
				"up": {"uv": [0, 0, 0, 0], "texture": "#particle"},
				"down": {"uv": [0, 0, 0, 0], "texture": "#particle"}
			}
		},
		{
			"from": [4.5, 3, 7],
			"to": [4.5, 5, 9],
			"rotation": {"angle": 45, "axis": "y", "origin": [8, 0, 8]},
			"faces": {
				"north": {"uv": [0, 0, 0, 0], "texture": "#particle"},
				"east": {"uv": [0, 0, 2, 2], "texture": "#particle"},
				"south": {"uv": [0, 0, 0, 0], "texture": "#particle"},
				"west": {"uv": [0, 0, 2, 2], "texture": "#particle"},
				"up": {"uv": [0, 0, 0, 0], "texture": "#particle"},
				"down": {"uv": [0, 0, 0, 0], "texture": "#particle"}
			}
		},
		{
			"from": [5.5, 5, 7],
			"to": [5.5, 7, 9],
			"rotation": {"angle": 45, "axis": "y", "origin": [8, 0, 8]},
			"faces": {
				"north": {"uv": [0, 0, 0, 0], "texture": "#particle"},
				"east": {"uv": [3, 0, 5, 2], "texture": "#particle"},
				"south": {"uv": [0, 0, 0, 0], "texture": "#particle"},
				"west": {"uv": [3, 0, 5, 2], "texture": "#particle"},
				"up": {"uv": [0, 0, 0, 0], "texture": "#particle"},
				"down": {"uv": [0, 0, 0, 0], "texture": "#particle"}
			}
		},
		{
			"from": [11.5, 2.75, 7],
			"to": [11.5, 4.75, 9],
			"rotation": {"angle": -45, "axis": "y", "origin": [8, 0, 8]},
			"faces": {
				"north": {"uv": [0, 0, 0, 0], "texture": "#particle"},
				"east": {"uv": [0, 0, 2, 2], "texture": "#particle"},
				"south": {"uv": [0, 0, 0, 0], "texture": "#particle"},
				"west": {"uv": [0, 0, 2, 2], "texture": "#particle"},
				"up": {"uv": [0, 0, 0, 0], "texture": "#particle"},
				"down": {"uv": [0, 0, 0, 0], "texture": "#particle"}
			}
		},
		{
			"from": [8, 4.5, 10.325],
			"to": [10, 6.5, 10.325],
			"rotation": {"angle": 22.5, "axis": "y", "origin": [8, 0, 8]},
			"faces": {
				"north": {"uv": [3, 0, 5, 2], "texture": "#particle"},
				"east": {"uv": [0, 0, 0, 0], "texture": "#particle"},
				"south": {"uv": [3, 0, 5, 2], "texture": "#particle"},
				"west": {"uv": [0, 0, 0, 0], "texture": "#particle"},
				"up": {"uv": [0, 0, 0, 0], "texture": "#particle"},
				"down": {"uv": [0, 0, 0, 0], "texture": "#particle"}
			}
		}
	],
	"groups": [
		{
			"name": "base",
			"origin": [8, 4, 8],
			"color": 0,
			"children": [0, 1, 2, 3, 4]
		},
		5,
		6,
		7,
		8,
		9,
		10,
		11,
		12
	]
}