{
	"credit": "Made with Blockbench by Valdr687",
	"parent": "minecraft:block/door_top_right",
	"textures": {
		"2": "block/doors/bamboo_extra",
		"particle": "block/bamboo_door_top",
		"top": "block/bamboo_door_top"
	},
	"elements": [
		{
			"from": [0, 0, 12],
			"to": [3, 16, 16],
			"faces": {
				"north": {"uv": [6, 0, 9, 16], "texture": "#2"},
				"east": {"uv": [0, 0, 4, 16], "texture": "#top"},
				"south": {"uv": [6, 0, 9, 16], "texture": "#2"},
				"west": {"uv": [4, 0, 0, 16], "texture": "#top"},
				"up": {"uv": [0, 4, 3, 0], "texture": "#2"},
				"down": {"uv": [0, 0, 3, 4], "texture": "#2"}
			}
		},
		{
			"from": [0, 0, 0],
			"to": [3, 16, 4],
			"faces": {
				"north": {"uv": [3, 0, 6, 16], "texture": "#2"},
				"east": {"uv": [12, 0, 16, 16], "texture": "#top"},
				"south": {"uv": [3, 0, 6, 16], "texture": "#2"},
				"west": {"uv": [16, 0, 12, 16], "texture": "#top"},
				"up": {"uv": [0, 16, 3, 12], "texture": "#2"},
				"down": {"uv": [0, 12, 3, 16], "texture": "#2"}
			}
		},
		{
			"from": [0, 12, 4],
			"to": [3, 16, 12],
			"faces": {
				"north": {"uv": [3, 0, 6, 16], "texture": "#2"},
				"east": {"uv": [4, 0, 12, 4], "texture": "#top"},
				"south": {"uv": [3, 0, 6, 16], "texture": "#2"},
				"west": {"uv": [12, 0, 4, 4], "texture": "#top"},
				"up": {"uv": [0, 11, 3, 3], "texture": "#2"},
				"down": {"uv": [0, 3, 3, 11], "texture": "#2"}
			}
		},
		{
			"from": [0, 0, 4],
			"to": [3, 1, 12],
			"faces": {
				"north": {"uv": [3, 0, 6, 16], "texture": "#2"},
				"east": {"uv": [4, 15, 12, 16], "texture": "#top"},
				"south": {"uv": [3, 0, 6, 16], "texture": "#2"},
				"west": {"uv": [12, 15, 4, 16], "texture": "#top"},
				"up": {"uv": [0, 11, 3, 3], "texture": "#2"},
				"down": {"uv": [0, 3, 3, 11], "texture": "#2"}
			}
		},
		{
			"from": [1, 2, 4],
			"to": [2, 3, 12],
			"faces": {
				"north": {"uv": [6, 0, 3, 16], "texture": "#2"},
				"east": {"uv": [4, 13, 12, 14], "texture": "#top"},
				"south": {"uv": [6, 0, 3, 16], "texture": "#2"},
				"west": {"uv": [12, 13, 4, 14], "texture": "#top"},
				"up": {"uv": [4, 13, 12, 14], "rotation": 90, "texture": "#top"},
				"down": {"uv": [12, 13, 4, 14], "rotation": 90, "texture": "#top"}
			}
		},
		{
			"from": [1, 10, 4],
			"to": [2, 11, 12],
			"faces": {
				"north": {"uv": [6, 0, 3, 16], "texture": "#2"},
				"east": {"uv": [4, 5, 12, 6], "texture": "#top"},
				"south": {"uv": [6, 0, 3, 16], "texture": "#2"},
				"west": {"uv": [12, 5, 4, 6], "texture": "#top"},
				"up": {"uv": [4, 5, 12, 6], "rotation": 90, "texture": "#top"},
				"down": {"uv": [12, 5, 4, 6], "rotation": 90, "texture": "#top"}
			}
		},
		{
			"from": [1, 8, 11],
			"to": [2, 9, 12],
			"faces": {
				"north": {"uv": [5, 7, 4, 8], "texture": "#top"},
				"east": {"uv": [4, 7, 5, 8], "texture": "#top"},
				"south": {"uv": [5, 7, 4, 8], "texture": "#top"},
				"west": {"uv": [5, 7, 4, 8], "texture": "#top"},
				"up": {"uv": [4, 7, 5, 8], "rotation": 90, "texture": "#top"},
				"down": {"uv": [5, 7, 4, 8], "rotation": 90, "texture": "#top"}
			}
		},
		{
			"from": [1, 8, 4],
			"to": [2, 9, 5],
			"faces": {
				"north": {"uv": [12, 7, 11, 8], "texture": "#top"},
				"east": {"uv": [11, 7, 12, 8], "texture": "#top"},
				"south": {"uv": [12, 7, 11, 8], "texture": "#top"},
				"west": {"uv": [12, 7, 11, 8], "texture": "#top"},
				"up": {"uv": [11, 7, 12, 8], "rotation": 90, "texture": "#top"},
				"down": {"uv": [12, 7, 11, 8], "rotation": 90, "texture": "#top"}
			}
		},
		{
			"from": [1, 6, 4],
			"to": [2, 7, 5],
			"faces": {
				"north": {"uv": [12, 9, 11, 10], "texture": "#top"},
				"east": {"uv": [11, 9, 12, 10], "texture": "#top"},
				"south": {"uv": [12, 9, 11, 10], "texture": "#top"},
				"west": {"uv": [12, 9, 11, 10], "texture": "#top"},
				"up": {"uv": [11, 9, 12, 10], "rotation": 90, "texture": "#top"},
				"down": {"uv": [12, 9, 11, 10], "rotation": 90, "texture": "#top"}
			}
		},
		{
			"from": [1, 6, 11],
			"to": [2, 7, 12],
			"faces": {
				"north": {"uv": [5, 9, 4, 10], "texture": "#top"},
				"east": {"uv": [4, 9, 5, 10], "texture": "#top"},
				"south": {"uv": [5, 9, 4, 10], "texture": "#top"},
				"west": {"uv": [5, 9, 4, 10], "texture": "#top"},
				"up": {"uv": [4, 9, 5, 10], "rotation": 90, "texture": "#top"},
				"down": {"uv": [5, 9, 4, 10], "rotation": 90, "texture": "#top"}
			}
		},
		{
			"from": [1, 4, 4],
			"to": [2, 5, 5],
			"faces": {
				"north": {"uv": [12, 11, 11, 12], "texture": "#top"},
				"east": {"uv": [11, 11, 12, 12], "texture": "#top"},
				"south": {"uv": [12, 11, 11, 12], "texture": "#top"},
				"west": {"uv": [12, 11, 11, 12], "texture": "#top"},
				"up": {"uv": [11, 11, 12, 12], "rotation": 90, "texture": "#top"},
				"down": {"uv": [12, 11, 11, 12], "rotation": 90, "texture": "#top"}
			}
		},
		{
			"from": [1, 4, 11],
			"to": [2, 5, 12],
			"faces": {
				"north": {"uv": [5, 11, 4, 12], "texture": "#top"},
				"east": {"uv": [4, 11, 5, 12], "texture": "#top"},
				"south": {"uv": [5, 11, 4, 12], "texture": "#top"},
				"west": {"uv": [5, 11, 4, 12], "texture": "#top"},
				"up": {"uv": [4, 11, 5, 12], "rotation": 90, "texture": "#top"},
				"down": {"uv": [5, 11, 4, 12], "rotation": 90, "texture": "#top"}
			}
		},
		{
			"from": [1, 1, 5],
			"to": [1.95, 12, 6],
			"faces": {
				"north": {"uv": [11, 4, 10, 15], "texture": "#top"},
				"east": {"uv": [11, 4, 10, 15], "texture": "#top"},
				"south": {"uv": [11, 4, 10, 15], "texture": "#top"},
				"west": {"uv": [11, 4, 10, 15], "texture": "#top"},
				"up": {"uv": [11, 4, 10, 5], "texture": "#top"},
				"down": {"uv": [11, 4, 10, 5], "texture": "#top"}
			}
		},
		{
			"from": [1, 1, 10],
			"to": [1.95, 12, 11],
			"faces": {
				"north": {"uv": [6, 4, 5, 15], "texture": "#top"},
				"east": {"uv": [6, 4, 5, 15], "texture": "#top"},
				"south": {"uv": [6, 4, 5, 15], "texture": "#top"},
				"west": {"uv": [6, 4, 5, 15], "texture": "#top"},
				"up": {"uv": [6, 4, 5, 5], "texture": "#top"},
				"down": {"uv": [6, 4, 5, 5], "texture": "#top"}
			}
		}
	]
}