{
	"credit": "Made with Blockbench by Valdr687",
	"parent": "minecraft:block/door_bottom_left_open",
	"textures": {
		"2": "block/doors/bamboo_extra",
		"particle": "block/bamboo_door_bottom",
		"bottom": "block/bamboo_door_bottom"
	},
	"elements": [
		{
			"from": [0, 0, 0],
			"to": [3, 16, 16],
			"faces": {
				"north": {"uv": [6, 0, 9, 16], "texture": "#2"},
				"east": {"uv": [0, 0, 16, 16], "texture": "#bottom"},
				"south": {"uv": [6, 0, 9, 16], "texture": "#2"},
				"west": {"uv": [16, 0, 0, 16], "texture": "#bottom"},
				"up": {"uv": [0, 0, 3, 16], "texture": "#2"},
				"down": {"uv": [0, 0, 3, 16], "texture": "#2"}
			}
		},
		{
			"from": [-0.5, 12, 3],
			"to": [0, 13, 5],
			"faces": {
				"north": {"uv": [11, 3, 11.5, 4], "texture": "#bottom"},
				"south": {"uv": [12, 3, 12.5, 4], "texture": "#bottom"},
				"west": {"uv": [13, 3, 11, 4], "texture": "#bottom"},
				"up": {"uv": [11, 3, 13, 3.5], "rotation": 90, "texture": "#bottom"},
				"down": {"uv": [13, 3, 11, 3.5], "rotation": 90, "texture": "#bottom"}
			}
		},
		{
			"from": [-0.5, 13, 5],
			"to": [0, 15, 6],
			"faces": {
				"north": {"uv": [13, 1, 13.5, 3], "texture": "#bottom"},
				"south": {"uv": [13, 1, 13.5, 3], "texture": "#bottom"},
				"west": {"uv": [14, 1, 13, 3], "texture": "#bottom"},
				"up": {"uv": [13, 1, 14, 1.5], "rotation": 90, "texture": "#bottom"},
				"down": {"uv": [14, 1, 13, 1.5], "rotation": 90, "texture": "#bottom"}
			}
		},
		{
			"from": [-0.5, 13, 2],
			"to": [0, 15, 3],
			"faces": {
				"north": {"uv": [10, 1, 10.5, 3], "texture": "#bottom"},
				"south": {"uv": [10, 1, 10.5, 3], "texture": "#bottom"},
				"west": {"uv": [11, 1, 10, 3], "texture": "#bottom"},
				"up": {"uv": [10, 1, 11, 1.5], "rotation": 90, "texture": "#bottom"},
				"down": {"uv": [11, 1, 10, 1.5], "rotation": 90, "texture": "#bottom"}
			}
		},
		{
			"from": [-0.5, 15, 3],
			"to": [0, 16, 5],
			"faces": {
				"north": {"uv": [11, 0, 11.5, 1], "texture": "#bottom"},
				"south": {"uv": [12, 0, 12.5, 1], "texture": "#bottom"},
				"west": {"uv": [13, 0, 11, 1], "texture": "#bottom"},
				"up": {"uv": [11, 0, 13, 0.5], "rotation": 90, "texture": "#bottom"},
				"down": {"uv": [13, 0, 11, 0.5], "rotation": 90, "texture": "#bottom"}
			}
		},
		{
			"from": [3, 12, 3],
			"to": [3.5, 13, 5],
			"faces": {
				"north": {"uv": [11, 3, 11.5, 4], "texture": "#bottom"},
				"east": {"uv": [13, 3, 11, 4], "texture": "#bottom"},
				"south": {"uv": [12, 3, 12.5, 4], "texture": "#bottom"},
				"up": {"uv": [11, 3, 13, 3.5], "rotation": 90, "texture": "#bottom"},
				"down": {"uv": [13, 3, 11, 3.5], "rotation": 90, "texture": "#bottom"}
			}
		},
		{
			"from": [3, 13, 5],
			"to": [3.5, 15, 6],
			"faces": {
				"north": {"uv": [13, 1, 13.5, 3], "texture": "#bottom"},
				"east": {"uv": [14, 1, 13, 3], "texture": "#bottom"},
				"south": {"uv": [13, 1, 13.5, 3], "texture": "#bottom"},
				"up": {"uv": [13, 1, 14, 1.5], "rotation": 90, "texture": "#bottom"},
				"down": {"uv": [14, 1, 13, 1.5], "rotation": 90, "texture": "#bottom"}
			}
		},
		{
			"from": [3, 13, 2],
			"to": [3.5, 15, 3],
			"faces": {
				"north": {"uv": [10, 1, 10.5, 3], "texture": "#bottom"},
				"east": {"uv": [11, 1, 10, 3], "texture": "#bottom"},
				"south": {"uv": [10, 1, 10.5, 3], "texture": "#bottom"},
				"up": {"uv": [10, 1, 11, 1.5], "rotation": 90, "texture": "#bottom"},
				"down": {"uv": [11, 1, 10, 1.5], "rotation": 90, "texture": "#bottom"}
			}
		},
		{
			"from": [3, 15, 3],
			"to": [3.5, 16, 5],
			"faces": {
				"north": {"uv": [11, 0, 11.5, 1], "texture": "#bottom"},
				"east": {"uv": [13, 0, 11, 1], "texture": "#bottom"},
				"south": {"uv": [12, 0, 12.5, 1], "texture": "#bottom"},
				"up": {"uv": [11, 0, 13, 0.5], "rotation": 90, "texture": "#bottom"},
				"down": {"uv": [13, 0, 11, 0.5], "rotation": 90, "texture": "#bottom"}
			}
		}
	]
}