{
	"credit": "Made with Blockbench by Valdr687",
	"parent": "minecraft:block/template_orientable_trapdoor_top",
	"textures": {
		"1": "block/doors/bamboo_extra",
		"particle": "block/doors/bamboo_extra",
		"texture": "block/bamboo_trapdoor"
	},
	"elements": [
		{
			"from": [0, 13, 0],
			"to": [16, 16, 3],
			"faces": {
				"north": {"uv": [0, 0, 3, 16], "rotation": 90, "texture": "#1"},
				"east": {"uv": [0, 13, 3, 16], "rotation": 270, "texture": "#1"},
				"south": {"uv": [0, 0, 3, 16], "rotation": 90, "texture": "#1"},
				"west": {"uv": [0, 0, 3, 3], "rotation": 270, "texture": "#1"},
				"up": {"uv": [0, 0, 16, 3], "texture": "#texture"},
				"down": {"uv": [0, 3, 16, 0], "texture": "#texture"}
			}
		},
		{
			"from": [0, 13, 13],
			"to": [16, 16, 16],
			"faces": {
				"north": {"uv": [0, 0, 3, 16], "rotation": 90, "texture": "#1"},
				"east": {"uv": [0, 0, 3, 3], "rotation": 270, "texture": "#1"},
				"south": {"uv": [0, 0, 3, 16], "rotation": 90, "texture": "#1"},
				"west": {"uv": [0, 13, 3, 16], "rotation": 270, "texture": "#1"},
				"up": {"uv": [0, 13, 16, 16], "texture": "#texture"},
				"down": {"uv": [0, 16, 16, 13], "texture": "#texture"}
			}
		},
		{
			"from": [0, 13, 3],
			"to": [3, 16, 13],
			"faces": {
				"east": {"uv": [0, 3, 3, 13], "rotation": 90, "texture": "#texture"},
				"west": {"uv": [0, 3, 3, 13], "rotation": 90, "texture": "#1"},
				"up": {"uv": [0, 3, 3, 13], "texture": "#texture"},
				"down": {"uv": [0, 3, 3, 13], "texture": "#texture"}
			}
		},
		{
			"from": [13, 13, 3],
			"to": [16, 16, 13],
			"faces": {
				"east": {"uv": [0, 3, 3, 13], "rotation": 90, "texture": "#1"},
				"west": {"uv": [13, 3, 16, 13], "rotation": 90, "texture": "#texture"},
				"up": {"uv": [13, 3, 16, 13], "texture": "#texture"},
				"down": {"uv": [13, 3, 16, 13], "texture": "#texture"}
			}
		},
		{
			"from": [4, 14, 3],
			"to": [5, 15, 13],
			"faces": {
				"east": {"uv": [4, 3, 5, 13], "rotation": 90, "texture": "#texture"},
				"west": {"uv": [4, 13, 5, 3], "rotation": 90, "texture": "#texture"},
				"up": {"uv": [4, 3, 5, 13], "texture": "#texture"},
				"down": {"uv": [4, 3, 5, 13], "texture": "#texture"}
			}
		},
		{
			"from": [11, 14, 3],
			"to": [12, 15, 13],
			"faces": {
				"east": {"uv": [11, 3, 12, 13], "rotation": 90, "texture": "#texture"},
				"west": {"uv": [11, 13, 12, 3], "rotation": 90, "texture": "#texture"},
				"up": {"uv": [11, 3, 12, 13], "texture": "#texture"},
				"down": {"uv": [11, 3, 12, 13], "texture": "#texture"}
			}
		},
		{
			"from": [6, 14, 3],
			"to": [7, 15, 7],
			"faces": {
				"east": {"uv": [6, 3, 7, 7], "rotation": 90, "texture": "#texture"},
				"south": {"uv": [6, 6, 7, 7], "texture": "#texture"},
				"west": {"uv": [6, 7, 7, 3], "rotation": 90, "texture": "#texture"},
				"up": {"uv": [6, 3, 7, 7], "texture": "#texture"},
				"down": {"uv": [6, 3, 7, 7], "texture": "#texture"}
			}
		},
		{
			"from": [9, 14, 3],
			"to": [10, 15, 7],
			"faces": {
				"east": {"uv": [9, 3, 10, 7], "rotation": 90, "texture": "#texture"},
				"south": {"uv": [9, 6, 10, 7], "texture": "#texture"},
				"west": {"uv": [9, 7, 10, 3], "rotation": 90, "texture": "#texture"},
				"up": {"uv": [9, 3, 10, 7], "texture": "#texture"},
				"down": {"uv": [9, 3, 10, 7], "texture": "#texture"}
			}
		},
		{
			"from": [9, 14, 9],
			"to": [10, 15, 13],
			"faces": {
				"north": {"uv": [9, 9, 10, 10], "texture": "#texture"},
				"east": {"uv": [9, 9, 10, 13], "rotation": 90, "texture": "#texture"},
				"west": {"uv": [9, 13, 10, 9], "rotation": 90, "texture": "#texture"},
				"up": {"uv": [9, 9, 10, 13], "texture": "#texture"},
				"down": {"uv": [9, 9, 10, 13], "texture": "#texture"}
			}
		},
		{
			"from": [6, 14, 9],
			"to": [7, 15, 13],
			"faces": {
				"north": {"uv": [6, 9, 7, 10], "texture": "#texture"},
				"east": {"uv": [6, 9, 7, 13], "rotation": 90, "texture": "#texture"},
				"west": {"uv": [6, 13, 7, 9], "rotation": 90, "texture": "#texture"},
				"up": {"uv": [6, 9, 7, 13], "texture": "#texture"},
				"down": {"uv": [6, 9, 7, 13], "texture": "#texture"}
			}
		},
		{
			"from": [3, 14.025, 4],
			"to": [13, 14.975, 5],
			"faces": {
				"north": {"uv": [3, 4, 13, 4.95], "texture": "#texture"},
				"south": {"uv": [3, 4, 13, 4.95], "texture": "#texture"},
				"up": {"uv": [3, 4, 13, 5], "texture": "#texture"},
				"down": {"uv": [3, 4, 13, 5], "texture": "#texture"}
			}
		},
		{
			"from": [3, 14.025, 11],
			"to": [13, 14.975, 12],
			"faces": {
				"north": {"uv": [3, 11, 13, 11.95], "texture": "#texture"},
				"south": {"uv": [3, 11, 13, 11.95], "texture": "#texture"},
				"up": {"uv": [3, 11, 13, 12], "texture": "#texture"},
				"down": {"uv": [3, 11, 13, 12], "texture": "#texture"}
			}
		},
		{
			"from": [10, 14.025, 6],
			"to": [13, 14.975, 7],
			"faces": {
				"north": {"uv": [10, 6, 13, 7], "texture": "#texture"},
				"south": {"uv": [10, 6, 13, 7], "texture": "#texture"},
				"up": {"uv": [10, 6, 13, 7], "texture": "#texture"},
				"down": {"uv": [10, 6, 13, 7], "texture": "#texture"}
			}
		},
		{
			"from": [10, 14.025, 9],
			"to": [13, 14.975, 10],
			"faces": {
				"north": {"uv": [10, 9, 13, 10], "texture": "#texture"},
				"south": {"uv": [10, 9, 13, 10], "texture": "#texture"},
				"up": {"uv": [10, 9, 13, 10], "texture": "#texture"},
				"down": {"uv": [10, 9, 13, 10], "texture": "#texture"}
			}
		},
		{
			"from": [3, 14.025, 9],
			"to": [6, 14.975, 10],
			"faces": {
				"north": {"uv": [3, 9, 6, 10], "texture": "#texture"},
				"south": {"uv": [3, 9, 6, 10], "texture": "#texture"},
				"up": {"uv": [3, 9, 6, 10], "texture": "#texture"},
				"down": {"uv": [3, 9, 6, 10], "texture": "#texture"}
			}
		},
		{
			"from": [3, 14.025, 6],
			"to": [6, 14.975, 7],
			"faces": {
				"north": {"uv": [3, 6, 6, 7], "texture": "#texture"},
				"south": {"uv": [3, 6, 6, 7], "texture": "#texture"},
				"up": {"uv": [3, 6, 6, 7], "texture": "#texture"},
				"down": {"uv": [3, 6, 6, 7], "texture": "#texture"}
			}
		}
	]
}