{
	"credit": "Made with Blockbench by Valdr687",
	"parent": "minecraft:block/template_orientable_trapdoor_open",
	"textures": {
		"1": "block/doors/bamboo_extra",
		"particle": "block/doors/bamboo_extra",
		"texture": "block/bamboo_trapdoor"
	},
	"elements": [
		{
			"from": [0, 13, 13],
			"to": [16, 16, 16],
			"rotation": {"angle": 0, "axis": "x", "origin": [8, 1.5, 8]},
			"faces": {
				"north": {"uv": [0, 3, 16, 0], "rotation": 180, "texture": "#texture"},
				"east": {"uv": [0, 13, 3, 16], "rotation": 180, "texture": "#1"},
				"south": {"uv": [0, 0, 16, 3], "texture": "#texture"},
				"west": {"uv": [0, 0, 3, 3], "texture": "#1"},
				"up": {"uv": [0, 0, 3, 16], "rotation": 270, "texture": "#1"},
				"down": {"uv": [0, 0, 3, 16], "rotation": 90, "texture": "#1"}
			}
		},
		{
			"from": [0, 0, 13],
			"to": [16, 3, 16],
			"rotation": {"angle": 0, "axis": "x", "origin": [8, 1.5, 8]},
			"faces": {
				"north": {"uv": [0, 16, 16, 13], "rotation": 180, "texture": "#texture"},
				"east": {"uv": [0, 0, 3, 3], "rotation": 180, "texture": "#1"},
				"south": {"uv": [0, 13, 16, 16], "texture": "#texture"},
				"west": {"uv": [0, 13, 3, 16], "texture": "#1"},
				"up": {"uv": [0, 0, 3, 16], "rotation": 270, "texture": "#1"},
				"down": {"uv": [0, 0, 3, 16], "rotation": 90, "texture": "#1"}
			}
		},
		{
			"from": [0, 3, 13],
			"to": [3, 13, 16],
			"rotation": {"angle": 0, "axis": "x", "origin": [8, 1.5, 8]},
			"faces": {
				"north": {"uv": [0, 3, 3, 13], "rotation": 180, "texture": "#texture"},
				"east": {"uv": [0, 3, 3, 13], "texture": "#texture"},
				"south": {"uv": [0, 3, 3, 13], "texture": "#texture"},
				"west": {"uv": [0, 3, 3, 13], "rotation": 180, "texture": "#1"}
			}
		},
		{
			"from": [13, 3, 13],
			"to": [16, 13, 16],
			"rotation": {"angle": 0, "axis": "x", "origin": [8, 1.5, 8]},
			"faces": {
				"north": {"uv": [13, 3, 16, 13], "rotation": 180, "texture": "#texture"},
				"east": {"uv": [0, 3, 3, 13], "texture": "#1"},
				"south": {"uv": [13, 3, 16, 13], "texture": "#texture"},
				"west": {"uv": [13, 3, 16, 13], "rotation": 180, "texture": "#texture"}
			}
		},
		{
			"from": [4, 3, 14],
			"to": [5, 13, 15],
			"rotation": {"angle": 0, "axis": "x", "origin": [8, 1.5, 8]},
			"faces": {
				"north": {"uv": [4, 3, 5, 13], "rotation": 180, "texture": "#texture"},
				"east": {"uv": [4, 3, 5, 13], "texture": "#texture"},
				"south": {"uv": [4, 3, 5, 13], "texture": "#texture"},
				"west": {"uv": [4, 13, 5, 3], "rotation": 180, "texture": "#texture"}
			}
		},
		{
			"from": [11, 3, 14],
			"to": [12, 13, 15],
			"rotation": {"angle": 0, "axis": "x", "origin": [8, 1.5, 8]},
			"faces": {
				"north": {"uv": [11, 3, 12, 13], "rotation": 180, "texture": "#texture"},
				"east": {"uv": [11, 3, 12, 13], "texture": "#texture"},
				"south": {"uv": [11, 3, 12, 13], "texture": "#texture"},
				"west": {"uv": [11, 13, 12, 3], "rotation": 180, "texture": "#texture"}
			}
		},
		{
			"from": [6, 9, 14],
			"to": [7, 13, 15],
			"rotation": {"angle": 0, "axis": "x", "origin": [8, 1.5, 8]},
			"faces": {
				"north": {"uv": [6, 3, 7, 7], "rotation": 180, "texture": "#texture"},
				"east": {"uv": [6, 3, 7, 7], "texture": "#texture"},
				"south": {"uv": [6, 3, 7, 7], "texture": "#texture"},
				"west": {"uv": [6, 7, 7, 3], "rotation": 180, "texture": "#texture"},
				"down": {"uv": [6, 6, 7, 7], "texture": "#texture"}
			}
		},
		{
			"from": [9, 9, 14],
			"to": [10, 13, 15],
			"rotation": {"angle": 0, "axis": "x", "origin": [8, 1.5, 8]},
			"faces": {
				"north": {"uv": [9, 3, 10, 7], "rotation": 180, "texture": "#texture"},
				"east": {"uv": [9, 3, 10, 7], "texture": "#texture"},
				"south": {"uv": [9, 3, 10, 7], "texture": "#texture"},
				"west": {"uv": [9, 7, 10, 3], "rotation": 180, "texture": "#texture"},
				"down": {"uv": [9, 6, 10, 7], "texture": "#texture"}
			}
		},
		{
			"from": [9, 3, 14],
			"to": [10, 7, 15],
			"rotation": {"angle": 0, "axis": "x", "origin": [8, 1.5, 8]},
			"faces": {
				"north": {"uv": [9, 9, 10, 13], "rotation": 180, "texture": "#texture"},
				"east": {"uv": [9, 9, 10, 13], "texture": "#texture"},
				"south": {"uv": [9, 9, 10, 13], "texture": "#texture"},
				"west": {"uv": [9, 13, 10, 9], "rotation": 180, "texture": "#texture"},
				"up": {"uv": [9, 9, 10, 10], "rotation": 180, "texture": "#texture"}
			}
		},
		{
			"from": [6, 3, 14],
			"to": [7, 7, 15],
			"rotation": {"angle": 0, "axis": "x", "origin": [8, 1.5, 8]},
			"faces": {
				"north": {"uv": [6, 9, 7, 13], "rotation": 180, "texture": "#texture"},
				"east": {"uv": [6, 9, 7, 13], "texture": "#texture"},
				"south": {"uv": [6, 9, 7, 13], "texture": "#texture"},
				"west": {"uv": [6, 13, 7, 9], "rotation": 180, "texture": "#texture"},
				"up": {"uv": [6, 9, 7, 10], "rotation": 180, "texture": "#texture"}
			}
		},
		{
			"from": [3, 11, 14.025],
			"to": [13, 12, 14.975],
			"rotation": {"angle": 0, "axis": "x", "origin": [8, 1.5, 8]},
			"faces": {
				"north": {"uv": [3, 4, 13, 5], "rotation": 180, "texture": "#texture"},
				"south": {"uv": [3, 4, 13, 5], "texture": "#texture"},
				"up": {"uv": [3, 4, 13, 4.95], "rotation": 180, "texture": "#texture"},
				"down": {"uv": [3, 4, 13, 4.95], "texture": "#texture"}
			}
		},
		{
			"from": [3, 4, 14.025],
			"to": [13, 5, 14.975],
			"rotation": {"angle": 0, "axis": "x", "origin": [8, 1.5, 8]},
			"faces": {
				"north": {"uv": [3, 11, 13, 12], "rotation": 180, "texture": "#texture"},
				"south": {"uv": [3, 11, 13, 12], "texture": "#texture"},
				"up": {"uv": [3, 11, 13, 11.95], "rotation": 180, "texture": "#texture"},
				"down": {"uv": [3, 11, 13, 11.95], "texture": "#texture"}
			}
		},
		{
			"from": [10, 9, 14.025],
			"to": [13, 10, 14.975],
			"rotation": {"angle": 0, "axis": "x", "origin": [8, 1.5, 8]},
			"faces": {
				"north": {"uv": [10, 6, 13, 7], "rotation": 180, "texture": "#texture"},
				"south": {"uv": [10, 6, 13, 7], "texture": "#texture"},
				"up": {"uv": [10, 6, 13, 7], "rotation": 180, "texture": "#texture"},
				"down": {"uv": [10, 6, 13, 7], "texture": "#texture"}
			}
		},
		{
			"from": [10, 6, 14.025],
			"to": [13, 7, 14.975],
			"rotation": {"angle": 0, "axis": "x", "origin": [8, 1.5, 8]},
			"faces": {
				"north": {"uv": [10, 9, 13, 10], "rotation": 180, "texture": "#texture"},
				"south": {"uv": [10, 9, 13, 10], "texture": "#texture"},
				"up": {"uv": [10, 9, 13, 10], "rotation": 180, "texture": "#texture"},
				"down": {"uv": [10, 9, 13, 10], "texture": "#texture"}
			}
		},
		{
			"from": [3, 6, 14.025],
			"to": [6, 7, 14.975],
			"rotation": {"angle": 0, "axis": "x", "origin": [8, 1.5, 8]},
			"faces": {
				"north": {"uv": [3, 9, 6, 10], "rotation": 180, "texture": "#texture"},
				"south": {"uv": [3, 9, 6, 10], "texture": "#texture"},
				"up": {"uv": [3, 9, 6, 10], "rotation": 180, "texture": "#texture"},
				"down": {"uv": [3, 9, 6, 10], "texture": "#texture"}
			}
		},
		{
			"from": [3, 9, 14.025],
			"to": [6, 10, 14.975],
			"rotation": {"angle": 0, "axis": "x", "origin": [8, 1.5, 8]},
			"faces": {
				"north": {"uv": [3, 6, 6, 7], "rotation": 180, "texture": "#texture"},
				"south": {"uv": [3, 6, 6, 7], "texture": "#texture"},
				"up": {"uv": [3, 6, 6, 7], "rotation": 180, "texture": "#texture"},
				"down": {"uv": [3, 6, 6, 7], "texture": "#texture"}
			}
		}
	]
}