{
	"credit": "Made with Blockbench by Valdr687",
	"textures": {
		"0": "block/bamboo_stage0",
		"1": "block/bamboo_stage0_top",
		"particle": "block/bamboo_stage0"
	},
	"elements": [
		{
			"from": [5, 0, 5],
			"to": [11, 4, 11],
			"faces": {
				"north": {"uv": [5, 12, 11, 16], "texture": "#0"},
				"east": {"uv": [5, 12, 11, 16], "texture": "#0"},
				"south": {"uv": [5, 12, 11, 16], "texture": "#0"},
				"west": {"uv": [5, 12, 11, 16], "texture": "#0"},
				"up": {"uv": [0, 5, 6, 11], "texture": "#1"},
				"down": {"uv": [0, 5, 6, 11], "texture": "#1"}
			}
		},
		{
			"from": [5.5, 4, 5.5],
			"to": [10.5, 5, 10.5],
			"faces": {
				"north": {"uv": [5, 11, 10, 12], "texture": "#0"},
				"east": {"uv": [5, 11, 10, 12], "texture": "#0"},
				"south": {"uv": [5, 11, 10, 12], "texture": "#0"},
				"west": {"uv": [5, 11, 10, 12], "texture": "#0"},
				"up": {"uv": [6, 0, 11, 5], "texture": "#1"}
			}
		},
		{
			"from": [6, 5, 6],
			"to": [10, 10, 10],
			"faces": {
				"north": {"uv": [6, 6, 10, 11], "texture": "#0"},
				"east": {"uv": [6, 6, 10, 11], "texture": "#0"},
				"south": {"uv": [6, 6, 10, 11], "texture": "#0"},
				"west": {"uv": [6, 6, 10, 11], "texture": "#0"},
				"up": {"uv": [2, 0, 6, 4], "texture": "#1"}
			}
		},
		{
			"from": [7, 10, 7],
			"to": [9, 12, 9],
			"faces": {
				"north": {"uv": [7, 4, 9, 6], "texture": "#0"},
				"east": {"uv": [7, 4, 9, 6], "texture": "#0"},
				"south": {"uv": [7, 4, 9, 6], "texture": "#0"},
				"west": {"uv": [7, 4, 9, 6], "texture": "#0"},
				"up": {"uv": [0, 0, 2, 2], "texture": "#1"}
			}
		},
		{
			"from": [7.5, 12, 7.5],
			"to": [8.5, 14, 8.5],
			"faces": {
				"north": {"uv": [7, 2, 8, 4], "texture": "#0"},
				"east": {"uv": [7, 2, 8, 4], "texture": "#0"},
				"south": {"uv": [7, 2, 8, 4], "texture": "#0"},
				"west": {"uv": [7, 2, 8, 4], "texture": "#0"},
				"up": {"uv": [7, 2, 8, 3], "texture": "#0"}
			}
		}
	]
}