{
	"credit": "Made with Blockbench by Valdr687",
	"parent": "minecraft:block/crop",
	"textures": {
		"crop": "block/beetroots_stage0"
	},
	"elements": [
		{
			"from": [7, -1, 2.5],
			"to": [7, 4, 7.5],
			"rotation": {"angle": 22.5, "axis": "y", "origin": [8.5, 0, 12.5]},
			"faces": {
				"north": {"uv": [0, 11, 1, 9], "texture": "#crop"},
				"east": {"uv": [5, 11, 10, 16], "texture": "#crop"},
				"south": {"uv": [0, 11, 1, 9], "texture": "#crop"},
				"west": {"uv": [5, 11, 10, 16], "texture": "#crop"},
				"up": {"uv": [0, 0, 0, 0], "rotation": 270, "texture": "#crop"},
				"down": {"uv": [0, 0, 0, 0], "rotation": 90, "texture": "#crop"}
			}
		},
		{
			"from": [7, -1, 13.5],
			"to": [12, 4, 13.5],
			"rotation": {"angle": 22.5, "axis": "y", "origin": [8.5, 0, 12.5]},
			"faces": {
				"north": {"uv": [5, 11, 10, 16], "texture": "#crop"},
				"east": {"uv": [0, 11, 1, 9], "texture": "#crop"},
				"south": {"uv": [5, 11, 10, 16], "texture": "#crop"},
				"west": {"uv": [0, 11, 1, 9], "texture": "#crop"},
				"up": {"uv": [0, 0, 0, 0], "texture": "#crop"},
				"down": {"uv": [0, 0, 0, 0], "texture": "#crop"}
			}
		},
		{
			"from": [9.4, -1, 11],
			"to": [9.4, 4, 16],
			"rotation": {"angle": 22.5, "axis": "y", "origin": [8.5, 0, 12.5]},
			"faces": {
				"north": {"uv": [0, 11, 1, 9], "texture": "#crop"},
				"east": {"uv": [5, 11, 10, 16], "texture": "#crop"},
				"south": {"uv": [0, 11, 1, 9], "texture": "#crop"},
				"west": {"uv": [5, 11, 10, 16], "texture": "#crop"},
				"up": {"uv": [0, 0, 0, 0], "rotation": 270, "texture": "#crop"},
				"down": {"uv": [0, 0, 0, 0], "rotation": 90, "texture": "#crop"}
			}
		},
		{
			"from": [12, -1, 2],
			"to": [12, 4, 7],
			"rotation": {"angle": 22.5, "axis": "y", "origin": [12, 0, 4.5]},
			"faces": {
				"north": {"uv": [0, 11, 1, 9], "texture": "#crop"},
				"east": {"uv": [5, 11, 10, 16], "texture": "#crop"},
				"south": {"uv": [0, 11, 1, 9], "texture": "#crop"},
				"west": {"uv": [5, 11, 10, 16], "texture": "#crop"},
				"up": {"uv": [0, 0, 0, 0], "rotation": 270, "texture": "#crop"},
				"down": {"uv": [0, 0, 0, 0], "rotation": 90, "texture": "#crop"}
			}
		},
		{
			"from": [9, -1, 4.5],
			"to": [14, 4, 4.5],
			"rotation": {"angle": 22.5, "axis": "y", "origin": [12, 0, 3]},
			"faces": {
				"north": {"uv": [5, 11, 10, 16], "texture": "#crop"},
				"east": {"uv": [0, 11, 1, 9], "texture": "#crop"},
				"south": {"uv": [5, 11, 10, 16], "texture": "#crop"},
				"west": {"uv": [0, 11, 1, 9], "texture": "#crop"},
				"up": {"uv": [0, 0, 0, 0], "rotation": 180, "texture": "#crop"},
				"down": {"uv": [0, 0, 0, 0], "rotation": 180, "texture": "#crop"}
			}
		},
		{
			"from": [4.5, -1, 5],
			"to": [9.5, 4, 5],
			"rotation": {"angle": 22.5, "axis": "y", "origin": [8.5, 0, 12.5]},
			"faces": {
				"north": {"uv": [5, 11, 10, 16], "texture": "#crop"},
				"east": {"uv": [0, 11, 1, 9], "texture": "#crop"},
				"south": {"uv": [5, 11, 10, 16], "texture": "#crop"},
				"west": {"uv": [0, 11, 1, 9], "texture": "#crop"},
				"up": {"uv": [0, 0, 0, 0], "texture": "#crop"},
				"down": {"uv": [0, 0, 0, 0], "texture": "#crop"}
			}
		}
	]
}