{
	"credit": "Made with Blockbench by Valdr687",
	"parent": "minecraft:block/door_top_right_open",
	"textures": {
		"3": "block/doors/birch_door_extra",
		"top": "block/birch_door_top"
	},
	"elements": [
		{
			"from": [0, 13, 0],
			"to": [3, 16, 16],
			"faces": {
				"north": {"uv": [13, 0, 16, 3], "texture": "#3"},
				"east": {"uv": [16, 0, 0, 3], "texture": "#top"},
				"south": {"uv": [13, 0, 16, 3], "texture": "#3"},
				"west": {"uv": [0, 0, 16, 3], "texture": "#top"},
				"up": {"uv": [3, 0, 6, 16], "texture": "#3"},
				"down": {"uv": [6, 0, 9, 16], "texture": "#3"}
			}
		},
		{
			"from": [1, 0, 3],
			"to": [2, 13, 13],
			"faces": {
				"east": {"uv": [13, 3, 3, 16], "texture": "#top"},
				"west": {"uv": [3, 3, 13, 16], "texture": "#top"},
				"down": {"uv": [3, 3, 13, 4], "rotation": 90, "texture": "#top"}
			}
		},
		{
			"from": [0, 0, 13],
			"to": [3, 13, 16],
			"faces": {
				"north": {"uv": [13, 3, 16, 16], "texture": "#3"},
				"east": {"uv": [16, 3, 13, 16], "texture": "#top"},
				"south": {"uv": [13, 3, 16, 16], "texture": "#3"},
				"west": {"uv": [13, 3, 16, 16], "texture": "#top"},
				"down": {"uv": [3, 0, 6, 3], "texture": "#3"}
			}
		},
		{
			"from": [0, 0, 0],
			"to": [3, 13, 3],
			"faces": {
				"north": {"uv": [13, 3, 16, 16], "texture": "#3"},
				"east": {"uv": [3, 3, 0, 16], "texture": "#top"},
				"south": {"uv": [13, 3, 16, 16], "texture": "#3"},
				"west": {"uv": [0, 3, 3, 16], "texture": "#top"},
				"down": {"uv": [3, 13, 6, 16], "texture": "#3"}
			}
		},
		{
			"from": [3, 0, 14],
			"to": [3.5, 2, 15],
			"faces": {
				"north": {"uv": [14, 14, 15, 16], "texture": "#top"},
				"east": {"uv": [14, 14, 15, 16], "texture": "#top"},
				"south": {"uv": [14, 14, 15, 16], "texture": "#top"},
				"up": {"uv": [14, 14, 14.5, 15], "texture": "#top"},
				"down": {"uv": [14, 15, 14.5, 16], "texture": "#top"}
			}
		},
		{
			"from": [-0.5, 0, 14],
			"to": [0, 2, 15],
			"faces": {
				"north": {"uv": [14, 14, 15, 16], "texture": "#top"},
				"south": {"uv": [14, 14, 15, 16], "texture": "#top"},
				"west": {"uv": [14, 14, 15, 16], "texture": "#top"},
				"up": {"uv": [14, 14, 14.5, 15], "texture": "#top"},
				"down": {"uv": [14, 15, 14.5, 16], "texture": "#top"}
			}
		}
	],
	"groups": [
		0,
		1,
		2,
		3,
		{
			"name": "group",
			"origin": [0, 0, 0],
			"color": 0,
			"children": [4, 5]
		}
	]
}