{
	"credit": "Made with Blockbench by Valdr687",
	"parent": "minecraft:block/door_bottom_right",
	"textures": {
		"3": "block/doors/birch_door_extra",
		"bottom": "block/birch_door_bottom"
	},
	"elements": [
		{
			"from": [1, 12, 3],
			"to": [2, 16, 13],
			"faces": {
				"east": {"uv": [3, 0, 13, 4], "texture": "#bottom"},
				"west": {"uv": [13, 0, 3, 4], "texture": "#bottom"},
				"up": {"uv": [3, 0, 13, 1], "rotation": 90, "texture": "#bottom"}
			}
		},
		{
			"from": [0, 12, 13],
			"to": [3, 16, 16],
			"faces": {
				"north": {"uv": [10, 0, 13, 4], "texture": "#3"},
				"east": {"uv": [0, 0, 3, 4], "texture": "#bottom"},
				"south": {"uv": [10, 0, 13, 4], "texture": "#3"},
				"west": {"uv": [3, 0, 0, 4], "texture": "#bottom"},
				"up": {"uv": [3, 13, 6, 16], "texture": "#3"}
			}
		},
		{
			"from": [0, 12, 0],
			"to": [3, 16, 3],
			"faces": {
				"north": {"uv": [10, 0, 13, 4], "texture": "#3"},
				"east": {"uv": [13, 0, 16, 4], "texture": "#bottom"},
				"south": {"uv": [10, 0, 13, 4], "texture": "#3"},
				"west": {"uv": [16, 0, 13, 4], "texture": "#bottom"},
				"up": {"uv": [3, 0, 6, 3], "texture": "#3"}
			}
		},
		{
			"from": [0, 0, 0],
			"to": [3, 12, 16],
			"faces": {
				"north": {"uv": [10, 4, 13, 16], "texture": "#3"},
				"east": {"uv": [0, 4, 16, 16], "texture": "#bottom"},
				"south": {"uv": [10, 4, 13, 16], "texture": "#3"},
				"west": {"uv": [16, 4, 0, 16], "texture": "#bottom"},
				"up": {"uv": [3, 0, 6, 16], "texture": "#3"},
				"down": {"uv": [3, 0, 6, 16], "texture": "#3"}
			}
		}
	]
}