{
	"credit": "Made with Blockbench by Valdr687",
	"parent": "minecraft:block/template_orientable_trapdoor_bottom",
	"ambientocclusion": false,
	"textures": {
		"3": "block/doors/birch_door_extra",
		"particle": "block/birch_trapdoor",
		"texture": "block/birch_trapdoor"
	},
	"elements": [
		{
			"from": [0, 0, 13],
			"to": [16, 3, 16],
			"rotation": {"angle": 0, "axis": "y", "origin": [8, 0, 8]},
			"faces": {
				"north": {"uv": [3, 0, 6, 16], "rotation": 270, "texture": "#3"},
				"east": {"uv": [10, 13, 13, 16], "rotation": 90, "texture": "#3"},
				"south": {"uv": [3, 0, 6, 16], "rotation": 270, "texture": "#3"},
				"west": {"uv": [10, 13, 13, 16], "rotation": 270, "texture": "#3"},
				"up": {"uv": [0, 0, 16, 3], "rotation": 180, "texture": "#texture"},
				"down": {"uv": [0, 3, 16, 0], "rotation": 180, "texture": "#texture"}
			}
		},
		{
			"from": [0, 0, 0],
			"to": [16, 3, 3],
			"rotation": {"angle": 0, "axis": "y", "origin": [8, 0, 8]},
			"faces": {
				"north": {"uv": [3, 0, 6, 16], "rotation": 270, "texture": "#3"},
				"east": {"uv": [13, 0, 16, 3], "rotation": 90, "texture": "#3"},
				"south": {"uv": [3, 0, 6, 16], "rotation": 270, "texture": "#3"},
				"west": {"uv": [13, 0, 16, 3], "rotation": 270, "texture": "#3"},
				"up": {"uv": [0, 13, 16, 16], "rotation": 180, "texture": "#texture"},
				"down": {"uv": [0, 16, 16, 13], "rotation": 180, "texture": "#texture"}
			}
		},
		{
			"from": [6, -0.5, 1],
			"to": [10, 0, 2],
			"rotation": {"angle": 0, "axis": "y", "origin": [8, 0, 8]},
			"faces": {
				"north": {"uv": [6, 14, 10, 14.5], "rotation": 180, "texture": "#texture"},
				"east": {"uv": [9, 14, 10, 14.5], "texture": "#texture"},
				"south": {"uv": [6, 14, 10, 14.5], "rotation": 180, "texture": "#texture"},
				"west": {"uv": [6, 14, 7, 14.5], "texture": "#texture"},
				"down": {"uv": [6, 14, 10, 15], "rotation": 180, "texture": "#texture"}
			}
		},
		{
			"from": [6, 3, 1],
			"to": [10, 3.5, 2],
			"rotation": {"angle": 0, "axis": "y", "origin": [8, 0, 8]},
			"faces": {
				"north": {"uv": [6, 14, 10, 14.5], "rotation": 180, "texture": "#texture"},
				"east": {"uv": [9, 14, 10, 14.5], "texture": "#texture"},
				"south": {"uv": [6, 14, 10, 14.5], "rotation": 180, "texture": "#texture"},
				"west": {"uv": [6, 14, 7, 14.5], "texture": "#texture"},
				"up": {"uv": [6, 14, 10, 15], "rotation": 180, "texture": "#texture"}
			}
		},
		{
			"from": [5, 0, 3],
			"to": [11, 3, 4],
			"rotation": {"angle": 0, "axis": "y", "origin": [8, 0, 8]},
			"faces": {
				"east": {"uv": [10, 5, 13, 6], "rotation": 90, "texture": "#3"},
				"south": {"uv": [3, 3, 6, 9], "rotation": 90, "texture": "#3"},
				"west": {"uv": [3, 3, 6, 4], "rotation": 90, "texture": "#3"},
				"up": {"uv": [5, 12, 11, 13], "rotation": 180, "texture": "#texture"},
				"down": {"uv": [5, 12, 11, 13], "rotation": 180, "texture": "#texture"}
			}
		},
		{
			"from": [13, 0, 3],
			"to": [16, 3, 13],
			"rotation": {"angle": 0, "axis": "y", "origin": [8, 0, 8]},
			"faces": {
				"east": {"uv": [3, 1, 6, 11], "rotation": 90, "texture": "#3"},
				"west": {"uv": [3, 2, 6, 12], "rotation": 90, "texture": "#3"},
				"up": {"uv": [0, 3, 3, 13], "rotation": 180, "texture": "#texture"},
				"down": {"uv": [0, 13, 3, 3], "rotation": 180, "texture": "#texture"}
			}
		},
		{
			"from": [0, 0, 3],
			"to": [3, 3, 13],
			"rotation": {"angle": 0, "axis": "y", "origin": [8, 0, 8]},
			"faces": {
				"east": {"uv": [3, 1, 6, 11], "rotation": 90, "texture": "#3"},
				"west": {"uv": [3, 2, 6, 12], "rotation": 90, "texture": "#3"},
				"up": {"uv": [13, 3, 16, 13], "rotation": 180, "texture": "#texture"},
				"down": {"uv": [13, 13, 16, 3], "rotation": 180, "texture": "#texture"}
			}
		},
		{
			"from": [3, 1, 3],
			"to": [13, 2, 13],
			"rotation": {"angle": 0, "axis": "y", "origin": [8, 0, 8]},
			"faces": {
				"up": {"uv": [3, 3, 13, 13], "rotation": 180, "texture": "#texture"},
				"down": {"uv": [3, 13, 13, 3], "rotation": 180, "texture": "#texture"}
			}
		}
	]
}