{
	"credit": "Made with Blockbench by Valdr687",
	"ambientocclusion": false,
	"textures": {
		"0": "block/bookshelf_e",
		"1": "block/bookshelf_top",
		"2": "block/books",
		"particle": "block/bookshelf_e"
	},
	"elements": [
		{
			"from": [0, 0, 0],
			"to": [16, 1, 16],
			"faces": {
				"north": {"uv": [0, 0, 16, 1], "texture": "#0"},
				"east": {"uv": [0, 0, 16, 1], "texture": "#0"},
				"south": {"uv": [0, 0, 16, 1], "texture": "#0"},
				"west": {"uv": [0, 0, 16, 1], "texture": "#0"},
				"up": {"uv": [0, 0, 16, 16], "texture": "#0"},
				"down": {"uv": [0, 0, 16, 16], "texture": "#1"}
			}
		},
		{
			"from": [0, 15, 0],
			"to": [16, 16, 16],
			"faces": {
				"north": {"uv": [0, 0, 16, 1], "texture": "#0"},
				"east": {"uv": [0, 0, 16, 1], "texture": "#0"},
				"south": {"uv": [0, 0, 16, 1], "texture": "#0"},
				"west": {"uv": [0, 0, 16, 1], "texture": "#0"},
				"up": {"uv": [0, 0, 16, 16], "texture": "#1"},
				"down": {"uv": [0, 0, 16, 16], "texture": "#0"}
			}
		},
		{
			"from": [15, 1, 0],
			"to": [16, 15, 1],
			"faces": {
				"north": {"uv": [0, 0, 1, 14], "texture": "#0"},
				"east": {"uv": [0, 0, 1, 14], "texture": "#0"},
				"south": {"uv": [0, 0, 1, 14], "texture": "#0"},
				"west": {"uv": [0, 0, 1, 14], "texture": "#0"}
			}
		},
		{
			"from": [15, 1, 15],
			"to": [16, 15, 16],
			"faces": {
				"north": {"uv": [0, 0, 1, 14], "texture": "#0"},
				"east": {"uv": [0, 0, 1, 14], "texture": "#0"},
				"south": {"uv": [0, 0, 1, 14], "texture": "#0"},
				"west": {"uv": [0, 0, 1, 14], "texture": "#0"}
			}
		},
		{
			"from": [0, 1, 15],
			"to": [1, 15, 16],
			"faces": {
				"north": {"uv": [0, 0, 1, 14], "texture": "#0"},
				"east": {"uv": [0, 0, 1, 14], "texture": "#0"},
				"south": {"uv": [0, 0, 1, 14], "texture": "#0"},
				"west": {"uv": [0, 0, 1, 14], "texture": "#0"}
			}
		},
		{
			"from": [1, 1, 1],
			"to": [15, 15, 15],
			"faces": {
				"north": {"uv": [1, 1, 15, 15], "texture": "#0"},
				"east": {"uv": [1, 1, 15, 15], "texture": "#0"},
				"south": {"uv": [1, 1, 15, 15], "texture": "#0"},
				"west": {"uv": [1, 1, 15, 15], "texture": "#0"}
			}
		},
		{
			"from": [0, 1, 0],
			"to": [1, 15, 1],
			"faces": {
				"north": {"uv": [0, 0, 1, 14], "texture": "#0"},
				"east": {"uv": [0, 0, 1, 14], "texture": "#0"},
				"south": {"uv": [0, 0, 1, 14], "texture": "#0"},
				"west": {"uv": [0, 0, 1, 14], "texture": "#0"}
			}
		},
		{
			"from": [1, 7, 0],
			"to": [15, 9, 1],
			"faces": {
				"north": {"uv": [1, 7, 15, 9], "texture": "#0"},
				"up": {"uv": [0, 0, 14, 1], "texture": "#0"},
				"down": {"uv": [0, 0, 14, 1], "texture": "#0"}
			}
		},
		{
			"from": [0, 7, 1],
			"to": [1, 9, 15],
			"rotation": {"angle": 0, "axis": "y", "origin": [8, 8, 8]},
			"faces": {
				"west": {"uv": [1, 7, 15, 9], "texture": "#0"},
				"up": {"uv": [0, 0, 14, 1], "rotation": 270, "texture": "#0"},
				"down": {"uv": [0, 0, 14, 1], "rotation": 90, "texture": "#0"}
			}
		},
		{
			"from": [1, 7, 15],
			"to": [15, 9, 16],
			"rotation": {"angle": 0, "axis": "y", "origin": [8, 8, 8]},
			"faces": {
				"south": {"uv": [1, 7, 15, 9], "texture": "#0"},
				"up": {"uv": [0, 0, 14, 1], "rotation": 180, "texture": "#0"},
				"down": {"uv": [0, 0, 14, 1], "rotation": 180, "texture": "#0"}
			}
		},
		{
			"from": [15, 7, 1],
			"to": [16, 9, 15],
			"rotation": {"angle": 0, "axis": "y", "origin": [8, 8, 8]},
			"faces": {
				"east": {"uv": [1, 7, 15, 9], "texture": "#0"},
				"up": {"uv": [0, 0, 14, 1], "rotation": 90, "texture": "#0"},
				"down": {"uv": [0, 0, 14, 1], "rotation": 270, "texture": "#0"}
			}
		},
		{
			"from": [1, 1, 0.25],
			"to": [2, 5, 1],
			"rotation": {"angle": 0, "axis": "y", "origin": [8, 8, 8]},
			"faces": {
				"north": {"uv": [3, 11, 4, 15], "texture": "#2", "cullface": "north"},
				"east": {"uv": [3, 11, 4, 15], "texture": "#2", "cullface": "north"},
				"up": {"uv": [3, 11, 4, 12], "texture": "#2", "cullface": "north"}
			}
		},
		{
			"from": [2, 1, 0.75],
			"to": [4, 6, 1],
			"rotation": {"angle": 0, "axis": "y", "origin": [8, 8, 8]},
			"faces": {
				"north": {"uv": [4, 2, 6, 7], "texture": "#2", "cullface": "north"},
				"west": {"uv": [5, 2, 6, 7], "texture": "#2"},
				"up": {"uv": [4, 2, 5, 3], "texture": "#2", "cullface": "north"}
			}
		},
		{
			"from": [4, 1, 0.5],
			"to": [6, 6, 1],
			"rotation": {"angle": 0, "axis": "y", "origin": [8, 8, 8]},
			"faces": {
				"north": {"uv": [13, 10, 15, 15], "texture": "#2", "cullface": "north"},
				"west": {"uv": [14, 10, 15, 15], "texture": "#2"},
				"up": {"uv": [13, 10, 14, 11], "texture": "#2", "cullface": "north"}
			}
		},
		{
			"from": [6, 1, 0.25],
			"to": [8, 7, 1],
			"rotation": {"angle": 0, "axis": "y", "origin": [8, 8, 8]},
			"faces": {
				"north": {"uv": [6, 9, 8, 15], "texture": "#2", "cullface": "north"},
				"east": {"uv": [6, 9, 7, 15], "texture": "#2", "cullface": "north"},
				"west": {"uv": [7, 9, 8, 15], "texture": "#2"}
			}
		},
		{
			"from": [9, 1, 0.25],
			"to": [11, 7, 1],
			"rotation": {"angle": 0, "axis": "y", "origin": [8, 8, 8]},
			"faces": {
				"north": {"uv": [12, 1, 14, 7], "texture": "#2", "cullface": "north"},
				"east": {"uv": [12, 1, 13, 7], "texture": "#2", "cullface": "north"},
				"west": {"uv": [13, 1, 14, 7], "texture": "#2"}
			}
		},
		{
			"from": [8, 1, 0.75],
			"to": [9, 6, 1],
			"rotation": {"angle": 0, "axis": "y", "origin": [8, 8, 8]},
			"faces": {
				"north": {"uv": [4, 2, 5, 7], "texture": "#2", "cullface": "north"},
				"up": {"uv": [4, 2, 5, 3], "texture": "#2", "cullface": "north"}
			}
		},
		{
			"from": [13, 1, 0.5],
			"to": [15, 5, 1],
			"rotation": {"angle": 0, "axis": "y", "origin": [8, 8, 8]},
			"faces": {
				"north": {"uv": [13, 11, 15, 15], "texture": "#2", "cullface": "north"},
				"west": {"uv": [14, 11, 15, 15], "texture": "#2"},
				"up": {"uv": [13, 11, 14, 12], "texture": "#2", "cullface": "north"}
			}
		},
		{
			"from": [13, 9, 0.25],
			"to": [15, 14, 1],
			"rotation": {"angle": 0, "axis": "y", "origin": [8, 8, 8]},
			"faces": {
				"north": {"uv": [9, 2, 11, 7], "texture": "#2", "cullface": "north"},
				"west": {"uv": [10, 2, 11, 7], "texture": "#2"},
				"up": {"uv": [9, 2, 10, 3], "texture": "#2", "cullface": "north"}
			}
		},
		{
			"from": [12, 9, 0.75],
			"to": [13, 13, 1],
			"rotation": {"angle": 0, "axis": "y", "origin": [8, 8, 8]},
			"faces": {
				"north": {"uv": [14, 3, 15, 7], "texture": "#2", "cullface": "north"},
				"up": {"uv": [14, 3, 15, 4], "texture": "#2", "cullface": "north"}
			}
		},
		{
			"from": [10, 9, 0.5],
			"to": [12, 13, 1],
			"rotation": {"angle": 0, "axis": "y", "origin": [8, 8, 8]},
			"faces": {
				"north": {"uv": [1, 10, 3, 14], "texture": "#2", "cullface": "north"},
				"east": {"uv": [1, 10, 2, 14], "texture": "#2", "cullface": "north"},
				"west": {"uv": [2, 10, 3, 14], "texture": "#2"},
				"up": {"uv": [1, 10, 2, 11], "texture": "#2", "cullface": "north"}
			}
		},
		{
			"from": [9, 9, 0.25],
			"to": [10, 12, 1],
			"rotation": {"angle": 0, "axis": "y", "origin": [8, 8, 8]},
			"faces": {
				"north": {"uv": [6, 4, 7, 7], "texture": "#2", "cullface": "north"},
				"east": {"uv": [6, 4, 7, 7], "texture": "#2", "cullface": "north"},
				"west": {"uv": [6, 4, 7, 7], "texture": "#2"},
				"up": {"uv": [6, 4, 7, 5], "texture": "#2", "cullface": "north"}
			}
		},
		{
			"from": [1, 9, 0.5],
			"to": [3, 14, 1],
			"rotation": {"angle": 0, "axis": "y", "origin": [8, 8, 8]},
			"faces": {
				"north": {"uv": [1, 10, 3, 15], "texture": "#2", "cullface": "north"},
				"east": {"uv": [1, 10, 2, 15], "texture": "#2", "cullface": "north"},
				"up": {"uv": [1, 10, 2, 11], "texture": "#2", "cullface": "north"}
			}
		},
		{
			"from": [3, 9, 0.25],
			"to": [4, 13, 1],
			"rotation": {"angle": 0, "axis": "y", "origin": [8, 8, 8]},
			"faces": {
				"north": {"uv": [10, 10, 11, 14], "texture": "#2", "cullface": "north"},
				"east": {"uv": [10, 10, 11, 14], "texture": "#2", "cullface": "north"},
				"west": {"uv": [10, 10, 11, 14], "texture": "#2"},
				"up": {"uv": [10, 10, 11, 11], "texture": "#2", "cullface": "north"}
			}
		},
		{
			"from": [0.25, 1, 14],
			"to": [1, 5, 15],
			"rotation": {"angle": 0, "axis": "y", "origin": [8, 8, 8]},
			"faces": {
				"north": {"uv": [3, 11, 4, 15], "texture": "#2", "cullface": "west"},
				"west": {"uv": [3, 11, 4, 15], "texture": "#2", "cullface": "west"},
				"up": {"uv": [3, 11, 4, 12], "rotation": 270, "texture": "#2", "cullface": "west"}
			}
		},
		{
			"from": [0.75, 1, 12],
			"to": [1, 6, 14],
			"rotation": {"angle": 0, "axis": "y", "origin": [8, 8, 8]},
			"faces": {
				"south": {"uv": [5, 2, 6, 7], "texture": "#2"},
				"west": {"uv": [4, 2, 6, 7], "texture": "#2", "cullface": "west"},
				"up": {"uv": [4, 2, 5, 3], "rotation": 270, "texture": "#2", "cullface": "west"}
			}
		},
		{
			"from": [0.5, 1, 10],
			"to": [1, 5, 12],
			"rotation": {"angle": 0, "axis": "y", "origin": [8, 8, 8]},
			"faces": {
				"south": {"uv": [14, 11, 14.5, 15], "texture": "#2"},
				"west": {"uv": [13, 11, 15, 15], "texture": "#2", "cullface": "west"},
				"up": {"uv": [13, 11, 15, 11.5], "rotation": 270, "texture": "#2", "cullface": "west"}
			}
		},
		{
			"from": [0.25, 1, 8],
			"to": [1, 7, 10],
			"rotation": {"angle": 0, "axis": "y", "origin": [8, 8, 8]},
			"faces": {
				"north": {"uv": [6, 9, 7, 15], "texture": "#2", "cullface": "west"},
				"south": {"uv": [7, 9, 8, 15], "texture": "#2"},
				"west": {"uv": [6, 9, 8, 15], "texture": "#2", "cullface": "west"}
			}
		},
		{
			"from": [0.25, 1, 5],
			"to": [1, 7, 7],
			"rotation": {"angle": 0, "axis": "y", "origin": [8, 8, 8]},
			"faces": {
				"north": {"uv": [12, 1, 13, 7], "texture": "#2", "cullface": "west"},
				"south": {"uv": [13, 1, 14, 7], "texture": "#2"},
				"west": {"uv": [12, 1, 14, 7], "texture": "#2", "cullface": "west"}
			}
		},
		{
			"from": [0.75, 1, 7],
			"to": [1, 6, 8],
			"rotation": {"angle": 0, "axis": "y", "origin": [8, 8, 8]},
			"faces": {
				"west": {"uv": [4, 2, 5, 7], "texture": "#2", "cullface": "west"},
				"up": {"uv": [4, 2, 5, 3], "rotation": 270, "texture": "#2", "cullface": "west"}
			}
		},
		{
			"from": [0.5, 1, 1],
			"to": [1, 5, 3],
			"rotation": {"angle": 0, "axis": "y", "origin": [8, 8, 8]},
			"faces": {
				"south": {"uv": [14, 11, 15, 15], "texture": "#2"},
				"west": {"uv": [13, 11, 15, 15], "texture": "#2", "cullface": "west"},
				"up": {"uv": [13, 11, 14, 12], "rotation": 270, "texture": "#2", "cullface": "west"}
			}
		},
		{
			"from": [0.25, 9, 1],
			"to": [1, 14, 3],
			"rotation": {"angle": 0, "axis": "y", "origin": [8, 8, 8]},
			"faces": {
				"south": {"uv": [10, 2, 11, 7], "texture": "#2"},
				"west": {"uv": [9, 2, 11, 7], "texture": "#2", "cullface": "west"},
				"up": {"uv": [9, 2, 10, 3], "rotation": 270, "texture": "#2", "cullface": "west"}
			}
		},
		{
			"from": [0.75, 9, 3],
			"to": [1, 13, 4],
			"rotation": {"angle": 0, "axis": "y", "origin": [8, 8, 8]},
			"faces": {
				"west": {"uv": [14, 3, 15, 7], "texture": "#2", "cullface": "west"},
				"up": {"uv": [14, 3, 15, 4], "rotation": 270, "texture": "#2", "cullface": "west"}
			}
		},
		{
			"from": [0.5, 9, 4],
			"to": [1, 13, 6],
			"rotation": {"angle": 0, "axis": "y", "origin": [8, 8, 8]},
			"faces": {
				"north": {"uv": [1, 10, 2, 14], "texture": "#2", "cullface": "west"},
				"south": {"uv": [2, 10, 3, 14], "texture": "#2"},
				"west": {"uv": [1, 10, 3, 14], "texture": "#2", "cullface": "west"},
				"up": {"uv": [1, 10, 2, 11], "rotation": 270, "texture": "#2", "cullface": "west"}
			}
		},
		{
			"from": [0.25, 9, 6],
			"to": [1, 12, 7],
			"rotation": {"angle": 0, "axis": "y", "origin": [8, 8, 8]},
			"faces": {
				"north": {"uv": [6, 4, 7, 7], "texture": "#2", "cullface": "west"},
				"south": {"uv": [6, 4, 7, 7], "texture": "#2"},
				"west": {"uv": [6, 4, 7, 7], "texture": "#2", "cullface": "west"},
				"up": {"uv": [6, 4, 7, 5], "rotation": 270, "texture": "#2", "cullface": "west"}
			}
		},
		{
			"from": [0.5, 9, 13],
			"to": [1, 14, 15],
			"rotation": {"angle": 0, "axis": "y", "origin": [8, 8, 8]},
			"faces": {
				"north": {"uv": [1, 10, 2, 15], "texture": "#2", "cullface": "west"},
				"west": {"uv": [1, 10, 3, 15], "texture": "#2", "cullface": "west"},
				"up": {"uv": [1, 10, 2, 11], "rotation": 270, "texture": "#2", "cullface": "west"}
			}
		},
		{
			"from": [0.25, 9, 12],
			"to": [1, 13, 13],
			"rotation": {"angle": 0, "axis": "y", "origin": [8, 8, 8]},
			"faces": {
				"north": {"uv": [10, 10, 11, 14], "texture": "#2", "cullface": "west"},
				"south": {"uv": [10, 10, 11, 14], "texture": "#2"},
				"west": {"uv": [10, 10, 11, 14], "texture": "#2", "cullface": "west"},
				"up": {"uv": [10, 10, 11, 11], "rotation": 270, "texture": "#2", "cullface": "west"}
			}
		},
		{
			"from": [14, 1, 15],
			"to": [15, 5, 15.75],
			"rotation": {"angle": 0, "axis": "y", "origin": [8, 8, 8]},
			"faces": {
				"south": {"uv": [3, 11, 4, 15], "texture": "#2", "cullface": "south"},
				"west": {"uv": [3, 11, 4, 15], "texture": "#2", "cullface": "south"},
				"up": {"uv": [3, 11, 4, 12], "rotation": 180, "texture": "#2", "cullface": "south"}
			}
		},
		{
			"from": [12, 1, 15],
			"to": [14, 6, 15.25],
			"rotation": {"angle": 0, "axis": "y", "origin": [8, 8, 8]},
			"faces": {
				"east": {"uv": [5, 2, 6, 7], "texture": "#2"},
				"south": {"uv": [4, 2, 6, 7], "texture": "#2", "cullface": "south"},
				"up": {"uv": [4, 2, 5, 3], "rotation": 180, "texture": "#2", "cullface": "south"}
			}
		},
		{
			"from": [10, 1, 15],
			"to": [12, 6, 15.5],
			"rotation": {"angle": 0, "axis": "y", "origin": [8, 8, 8]},
			"faces": {
				"east": {"uv": [14, 10, 15, 15], "texture": "#2"},
				"south": {"uv": [13, 10, 15, 15], "texture": "#2", "cullface": "south"},
				"up": {"uv": [13, 10, 14, 11], "rotation": 180, "texture": "#2", "cullface": "south"}
			}
		},
		{
			"from": [8, 1, 15],
			"to": [10, 7, 15.75],
			"rotation": {"angle": 0, "axis": "y", "origin": [8, 8, 8]},
			"faces": {
				"east": {"uv": [7, 9, 8, 15], "texture": "#2"},
				"south": {"uv": [6, 9, 8, 15], "texture": "#2", "cullface": "south"},
				"west": {"uv": [6, 9, 7, 15], "texture": "#2", "cullface": "south"}
			}
		},
		{
			"from": [5, 1, 15],
			"to": [7, 7, 15.75],
			"rotation": {"angle": 0, "axis": "y", "origin": [8, 8, 8]},
			"faces": {
				"east": {"uv": [13, 1, 14, 7], "texture": "#2"},
				"south": {"uv": [12, 1, 14, 7], "texture": "#2", "cullface": "south"},
				"west": {"uv": [12, 1, 13, 7], "texture": "#2", "cullface": "south"}
			}
		},
		{
			"from": [7, 1, 15],
			"to": [8, 6, 15.25],
			"rotation": {"angle": 0, "axis": "y", "origin": [8, 8, 8]},
			"faces": {
				"south": {"uv": [4, 2, 5, 7], "texture": "#2", "cullface": "south"},
				"up": {"uv": [4, 2, 5, 3], "rotation": 180, "texture": "#2", "cullface": "south"}
			}
		},
		{
			"from": [1, 1, 15],
			"to": [3, 5, 15.5],
			"rotation": {"angle": 0, "axis": "y", "origin": [8, 8, 8]},
			"faces": {
				"east": {"uv": [14, 11, 15, 15], "texture": "#2"},
				"south": {"uv": [13, 11, 15, 15], "texture": "#2", "cullface": "south"},
				"up": {"uv": [13, 11, 14, 12], "rotation": 180, "texture": "#2", "cullface": "south"}
			}
		},
		{
			"from": [1, 9, 15],
			"to": [3, 14, 15.75],
			"rotation": {"angle": 0, "axis": "y", "origin": [8, 8, 8]},
			"faces": {
				"east": {"uv": [10, 2, 11, 7], "texture": "#2"},
				"south": {"uv": [9, 2, 11, 7], "texture": "#2", "cullface": "south"},
				"up": {"uv": [9, 2, 10, 3], "rotation": 180, "texture": "#2", "cullface": "south"}
			}
		},
		{
			"from": [3, 9, 15],
			"to": [4, 13, 15.25],
			"rotation": {"angle": 0, "axis": "y", "origin": [8, 8, 8]},
			"faces": {
				"south": {"uv": [14, 3, 15, 7], "texture": "#2", "cullface": "south"},
				"up": {"uv": [14, 3, 15, 4], "rotation": 180, "texture": "#2", "cullface": "south"}
			}
		},
		{
			"from": [4, 9, 15],
			"to": [6, 13, 15.5],
			"rotation": {"angle": 0, "axis": "y", "origin": [8, 8, 8]},
			"faces": {
				"east": {"uv": [2, 10, 3, 14], "texture": "#2"},
				"south": {"uv": [1, 10, 3, 14], "texture": "#2", "cullface": "south"},
				"west": {"uv": [1, 10, 2, 14], "texture": "#2", "cullface": "south"},
				"up": {"uv": [1, 10, 2, 11], "rotation": 180, "texture": "#2", "cullface": "south"}
			}
		},
		{
			"from": [6, 9, 15],
			"to": [7, 12, 15.75],
			"rotation": {"angle": 0, "axis": "y", "origin": [8, 8, 8]},
			"faces": {
				"east": {"uv": [6, 4, 7, 7], "texture": "#2"},
				"south": {"uv": [6, 4, 7, 7], "texture": "#2", "cullface": "south"},
				"west": {"uv": [6, 4, 7, 7], "texture": "#2", "cullface": "south"},
				"up": {"uv": [6, 4, 7, 5], "rotation": 180, "texture": "#2", "cullface": "south"}
			}
		},
		{
			"from": [13, 9, 15],
			"to": [15, 14, 15.5],
			"rotation": {"angle": 0, "axis": "y", "origin": [8, 8, 8]},
			"faces": {
				"south": {"uv": [1, 10, 3, 15], "texture": "#2", "cullface": "south"},
				"west": {"uv": [1, 10, 2, 15], "texture": "#2", "cullface": "south"},
				"up": {"uv": [1, 10, 2, 11], "rotation": 180, "texture": "#2", "cullface": "south"}
			}
		},
		{
			"from": [12, 9, 15],
			"to": [13, 13, 15.75],
			"rotation": {"angle": 0, "axis": "y", "origin": [8, 8, 8]},
			"faces": {
				"east": {"uv": [10, 10, 11, 14], "texture": "#2"},
				"south": {"uv": [10, 10, 11, 14], "texture": "#2", "cullface": "south"},
				"west": {"uv": [10, 10, 11, 14], "texture": "#2", "cullface": "south"},
				"up": {"uv": [10, 10, 11, 11], "rotation": 180, "texture": "#2", "cullface": "south"}
			}
		},
		{
			"from": [15, 1, 1],
			"to": [15.75, 5, 2],
			"rotation": {"angle": 0, "axis": "y", "origin": [8, 8, 8]},
			"faces": {
				"east": {"uv": [3, 11, 4, 15], "texture": "#2", "cullface": "east"},
				"south": {"uv": [3, 11, 4, 15], "texture": "#2", "cullface": "east"},
				"up": {"uv": [3, 11, 4, 12], "rotation": 90, "texture": "#2", "cullface": "east"}
			}
		},
		{
			"from": [15, 1, 2],
			"to": [15.25, 6, 4],
			"rotation": {"angle": 0, "axis": "y", "origin": [8, 8, 8]},
			"faces": {
				"north": {"uv": [5, 2, 6, 7], "texture": "#2"},
				"east": {"uv": [4, 2, 6, 7], "texture": "#2", "cullface": "east"},
				"up": {"uv": [4, 2, 5, 3], "rotation": 90, "texture": "#2", "cullface": "east"}
			}
		},
		{
			"from": [15, 1, 4],
			"to": [15.5, 6, 6],
			"rotation": {"angle": 0, "axis": "y", "origin": [8, 8, 8]},
			"faces": {
				"north": {"uv": [14, 10, 15, 15], "texture": "#2"},
				"east": {"uv": [13, 10, 15, 15], "texture": "#2", "cullface": "east"},
				"up": {"uv": [13, 10, 14, 11], "rotation": 90, "texture": "#2", "cullface": "east"}
			}
		},
		{
			"from": [15, 1, 6],
			"to": [15.75, 7, 8],
			"rotation": {"angle": 0, "axis": "y", "origin": [8, 8, 8]},
			"faces": {
				"north": {"uv": [7, 9, 8, 15], "texture": "#2"},
				"east": {"uv": [6, 9, 8, 15], "texture": "#2", "cullface": "east"},
				"south": {"uv": [6, 9, 7, 15], "texture": "#2", "cullface": "east"}
			}
		},
		{
			"from": [15, 1, 9],
			"to": [15.75, 7, 11],
			"rotation": {"angle": 0, "axis": "y", "origin": [8, 8, 8]},
			"faces": {
				"north": {"uv": [13, 1, 14, 7], "texture": "#2"},
				"east": {"uv": [12, 1, 14, 7], "texture": "#2", "cullface": "east"},
				"south": {"uv": [12, 1, 13, 7], "texture": "#2", "cullface": "east"}
			}
		},
		{
			"from": [15, 1, 8],
			"to": [15.25, 6, 9],
			"rotation": {"angle": 0, "axis": "y", "origin": [8, 8, 8]},
			"faces": {
				"east": {"uv": [4, 2, 5, 7], "texture": "#2", "cullface": "east"},
				"up": {"uv": [4, 2, 5, 3], "rotation": 90, "texture": "#2", "cullface": "east"}
			}
		},
		{
			"from": [15, 1, 13],
			"to": [15.5, 5, 15],
			"rotation": {"angle": 0, "axis": "y", "origin": [8, 8, 8]},
			"faces": {
				"north": {"uv": [14, 11, 15, 15], "texture": "#2"},
				"east": {"uv": [13, 11, 15, 15], "texture": "#2", "cullface": "east"},
				"up": {"uv": [13, 11, 14, 12], "rotation": 90, "texture": "#2", "cullface": "east"}
			}
		},
		{
			"from": [15, 9, 13],
			"to": [15.75, 14, 15],
			"rotation": {"angle": 0, "axis": "y", "origin": [8, 8, 8]},
			"faces": {
				"north": {"uv": [10, 2, 11, 7], "texture": "#2"},
				"east": {"uv": [9, 2, 11, 7], "texture": "#2", "cullface": "east"},
				"up": {"uv": [9, 2, 10, 3], "rotation": 90, "texture": "#2", "cullface": "east"}
			}
		},
		{
			"from": [15, 9, 12],
			"to": [15.25, 13, 13],
			"rotation": {"angle": 0, "axis": "y", "origin": [8, 8, 8]},
			"faces": {
				"east": {"uv": [14, 3, 15, 7], "texture": "#2", "cullface": "east"},
				"up": {"uv": [14, 3, 15, 4], "rotation": 90, "texture": "#2", "cullface": "east"}
			}
		},
		{
			"from": [15, 9, 10],
			"to": [15.5, 13, 12],
			"rotation": {"angle": 0, "axis": "y", "origin": [8, 8, 8]},
			"faces": {
				"north": {"uv": [2, 10, 3, 14], "texture": "#2"},
				"east": {"uv": [1, 10, 3, 14], "texture": "#2", "cullface": "east"},
				"south": {"uv": [1, 10, 2, 14], "texture": "#2", "cullface": "east"},
				"up": {"uv": [1, 10, 2, 11], "rotation": 90, "texture": "#2", "cullface": "east"}
			}
		},
		{
			"from": [15, 9, 9],
			"to": [15.75, 12, 10],
			"rotation": {"angle": 0, "axis": "y", "origin": [8, 8, 8]},
			"faces": {
				"north": {"uv": [6, 4, 7, 7], "texture": "#2"},
				"east": {"uv": [6, 4, 7, 7], "texture": "#2", "cullface": "east"},
				"south": {"uv": [6, 4, 7, 7], "texture": "#2", "cullface": "east"},
				"up": {"uv": [6, 4, 7, 5], "rotation": 90, "texture": "#2", "cullface": "east"}
			}
		},
		{
			"from": [15, 9, 1],
			"to": [15.5, 14, 3],
			"rotation": {"angle": 0, "axis": "y", "origin": [8, 8, 8]},
			"faces": {
				"east": {"uv": [1, 10, 3, 15], "texture": "#2", "cullface": "east"},
				"south": {"uv": [1, 10, 2, 15], "texture": "#2", "cullface": "east"},
				"up": {"uv": [1, 10, 2, 11], "rotation": 90, "texture": "#2", "cullface": "east"}
			}
		},
		{
			"from": [15, 9, 3],
			"to": [15.75, 13, 4],
			"rotation": {"angle": 0, "axis": "y", "origin": [8, 8, 8]},
			"faces": {
				"north": {"uv": [10, 10, 11, 14], "texture": "#2"},
				"east": {"uv": [10, 10, 11, 14], "texture": "#2", "cullface": "east"},
				"south": {"uv": [10, 10, 11, 14], "texture": "#2", "cullface": "east"},
				"up": {"uv": [10, 10, 11, 11], "rotation": 90, "texture": "#2", "cullface": "east"}
			}
		}
	],
	"display": {
		"thirdperson_righthand": {
			"rotation": [75, 45, 0],
			"translation": [0, 2.5, 0],
			"scale": [0.375, 0.375, 0.375]
		},
		"thirdperson_lefthand": {
			"rotation": [75, 45, 0],
			"translation": [0, 2.5, 0],
			"scale": [0.375, 0.375, 0.375]
		},
		"firstperson_righthand": {
			"rotation": [0, 45, 0],
			"scale": [0.4, 0.4, 0.4]
		},
		"firstperson_lefthand": {
			"rotation": [0, 225, 0],
			"scale": [0.4, 0.4, 0.4]
		},
		"ground": {
			"translation": [0, 3, 0],
			"scale": [0.25, 0.25, 0.25]
		},
		"gui": {
			"rotation": [30, 225, 0],
			"scale": [0.625, 0.625, 0.625]
		},
		"fixed": {
			"scale": [0.5, 0.5, 0.5]
		}
	},
	"groups": [
		{
			"name": "bookshelf",
			"origin": [8, 8, 8],
			"color": 0,
			"children": [
				{
					"name": "group",
					"origin": [8, 7.05154, 7.93934],
					"color": 0,
					"children": [0, 1, 2, 3, 4, 5, 6, 7, 8, 9, 10]
				},
				{
					"name": "group",
					"origin": [0, 0, 0],
					"color": 0,
					"children": [11, 12, 13, 14, 15, 16, 17, 18, 19, 20, 21, 22, 23]
				},
				{
					"name": "group",
					"origin": [0, 0, 0],
					"color": 0,
					"children": [24, 25, 26, 27, 28, 29, 30, 31, 32, 33, 34, 35, 36]
				},
				{
					"name": "group",
					"origin": [0, 0, 0],
					"color": 0,
					"children": [37, 38, 39, 40, 41, 42, 43, 44, 45, 46, 47, 48, 49]
				},
				{
					"name": "group",
					"origin": [0, 0, 0],
					"color": 0,
					"children": [50, 51, 52, 53, 54, 55, 56, 57, 58, 59, 60, 61, 62]
				}
			]
		}
	]
}