{
	"credit": "Made with Blockbench by Valdr687",
	"ambientocclusion": false,
	"textures": {
		"0": "block/bookshelf_e",
		"1": "block/bookshelf_top",
		"2": "block/books",
		"particle": "block/bookshelf_e"
	},
	"elements": [
		{
			"from": [0, 0, 0],
			"to": [16, 1, 16],
			"faces": {
				"north": {"uv": [0, 0, 16, 1], "texture": "#0", "cullface": "north"},
				"east": {"uv": [0, 0, 16, 1], "texture": "#0", "cullface": "east"},
				"south": {"uv": [0, 0, 16, 1], "texture": "#0", "cullface": "south"},
				"west": {"uv": [0, 0, 16, 1], "texture": "#0", "cullface": "west"},
				"up": {"uv": [0, 0, 16, 16], "texture": "#0"},
				"down": {"uv": [0, 0, 16, 16], "texture": "#1", "cullface": "down"}
			}
		},
		{
			"from": [0, 15, 0],
			"to": [16, 16, 16],
			"faces": {
				"north": {"uv": [0, 0, 16, 1], "texture": "#0", "cullface": "north"},
				"east": {"uv": [0, 0, 16, 1], "texture": "#0", "cullface": "east"},
				"south": {"uv": [0, 0, 16, 1], "texture": "#0", "cullface": "south"},
				"west": {"uv": [0, 0, 16, 1], "texture": "#0", "cullface": "west"},
				"up": {"uv": [0, 0, 16, 16], "texture": "#1", "cullface": "up"},
				"down": {"uv": [0, 0, 16, 16], "texture": "#0", "cullface": "down"}
			}
		},
		{
			"from": [15, 1, 0],
			"to": [16, 15, 1],
			"faces": {
				"north": {"uv": [0, 0, 1, 14], "texture": "#0"},
				"east": {"uv": [0, 0, 1, 14], "texture": "#0"},
				"south": {"uv": [0, 0, 1, 14], "texture": "#0"},
				"west": {"uv": [0, 0, 1, 14], "texture": "#0"}
			}
		},
		{
			"from": [15, 1, 15],
			"to": [16, 15, 16],
			"faces": {
				"north": {"uv": [0, 0, 1, 14], "texture": "#0"},
				"east": {"uv": [0, 0, 1, 14], "texture": "#0"},
				"south": {"uv": [0, 0, 1, 14], "texture": "#0"},
				"west": {"uv": [0, 0, 1, 14], "texture": "#0"}
			}
		},
		{
			"from": [0, 1, 15],
			"to": [1, 15, 16],
			"faces": {
				"north": {"uv": [0, 0, 1, 14], "texture": "#0"},
				"east": {"uv": [0, 0, 1, 14], "texture": "#0"},
				"south": {"uv": [0, 0, 1, 14], "texture": "#0"},
				"west": {"uv": [0, 0, 1, 14], "texture": "#0"}
			}
		},
		{
			"from": [1, 1, 1],
			"to": [15, 15, 15],
			"faces": {
				"north": {"uv": [1, 1, 15, 15], "texture": "#0", "cullface": "north"},
				"east": {"uv": [1, 1, 15, 15], "texture": "#0", "cullface": "east"},
				"south": {"uv": [1, 1, 15, 15], "texture": "#0", "cullface": "south"},
				"west": {"uv": [1, 1, 15, 15], "texture": "#0", "cullface": "west"}
			}
		},
		{
			"from": [0, 1, 0],
			"to": [1, 15, 1],
			"faces": {
				"north": {"uv": [0, 0, 1, 14], "texture": "#0"},
				"east": {"uv": [0, 0, 1, 14], "texture": "#0"},
				"south": {"uv": [0, 0, 1, 14], "texture": "#0"},
				"west": {"uv": [0, 0, 1, 14], "texture": "#0"}
			}
		},
		{
			"from": [1, 7, 0],
			"to": [15, 9, 1],
			"faces": {
				"north": {"uv": [1, 7, 15, 9], "texture": "#0", "cullface": "north"},
				"up": {"uv": [0, 0, 14, 1], "texture": "#0", "cullface": "up"},
				"down": {"uv": [0, 0, 14, 1], "texture": "#0", "cullface": "down"}
			}
		},
		{
			"from": [0, 7, 1],
			"to": [1, 9, 15],
			"rotation": {"angle": 0, "axis": "y", "origin": [8, 8, 8]},
			"faces": {
				"west": {"uv": [1, 7, 15, 9], "texture": "#0", "cullface": "west"},
				"up": {"uv": [0, 0, 14, 1], "rotation": 270, "texture": "#0", "cullface": "up"},
				"down": {"uv": [0, 0, 14, 1], "rotation": 90, "texture": "#0", "cullface": "down"}
			}
		},
		{
			"from": [1, 7, 15],
			"to": [15, 9, 16],
			"rotation": {"angle": 0, "axis": "y", "origin": [8, 8, 8]},
			"faces": {
				"south": {"uv": [1, 7, 15, 9], "texture": "#0", "cullface": "south"},
				"up": {"uv": [0, 0, 14, 1], "rotation": 180, "texture": "#0", "cullface": "up"},
				"down": {"uv": [0, 0, 14, 1], "rotation": 180, "texture": "#0", "cullface": "down"}
			}
		},
		{
			"from": [15, 7, 1],
			"to": [16, 9, 15],
			"rotation": {"angle": 0, "axis": "y", "origin": [8, 8, 8]},
			"faces": {
				"east": {"uv": [1, 7, 15, 9], "texture": "#0", "cullface": "east"},
				"up": {"uv": [0, 0, 14, 1], "rotation": 90, "texture": "#0", "cullface": "up"},
				"down": {"uv": [0, 0, 14, 1], "rotation": 270, "texture": "#0", "cullface": "down"}
			}
		},
		{
			"from": [9.15, 6.625, 0.75],
			"to": [11.15, 11.625, 1.25],
			"rotation": {"angle": 22.5, "axis": "z", "origin": [2, 3, 0.625]},
			"faces": {
				"north": {"uv": [4, 2, 6, 7], "texture": "#2", "cullface": "north"},
				"east": {"uv": [4, 2, 6, 7], "texture": "#2", "cullface": "north"},
				"south": {"uv": [4, 2, 6, 7], "texture": "#2", "cullface": "north"},
				"west": {"uv": [4, 2, 6, 7], "texture": "#2", "cullface": "north"},
				"up": {"uv": [5, 2, 6, 3], "texture": "#2", "cullface": "north"},
				"down": {"uv": [4, 7, 4, 7], "texture": "#2", "cullface": "north"}
			}
		},
		{
			"from": [11.125, 5.725, 0.2],
			"to": [13.125, 10.725, 1],
			"rotation": {"angle": 22.5, "axis": "z", "origin": [2, 3, 0.625]},
			"faces": {
				"north": {"uv": [4, 10, 6, 15], "texture": "#2", "cullface": "north"},
				"east": {"uv": [4, 10, 6, 15], "texture": "#2", "cullface": "north"},
				"west": {"uv": [4, 10, 6, 15], "texture": "#2", "cullface": "north"},
				"up": {"uv": [5, 11, 4, 10], "texture": "#2", "cullface": "north"},
				"down": {"uv": [5, 14, 6, 15], "texture": "#2", "cullface": "north"}
			}
		},
		{
			"from": [13, 9, 0.25],
			"to": [14, 14, 1],
			"rotation": {"angle": 0, "axis": "y", "origin": [8, 0, 8]},
			"faces": {
				"north": {"uv": [10, 10, 11, 15], "texture": "#2", "cullface": "north"},
				"east": {"uv": [10, 10, 11, 15], "texture": "#2", "cullface": "north"},
				"west": {"uv": [10, 10, 11, 15], "texture": "#2", "cullface": "north"},
				"up": {"uv": [10, 10, 11, 11], "texture": "#2", "cullface": "north"}
			}
		},
		{
			"from": [0.75, 9, 3],
			"to": [1, 13, 4],
			"rotation": {"angle": 0, "axis": "y", "origin": [8, 0, 8]},
			"faces": {
				"south": {"uv": [14, 3, 15, 7], "texture": "#2", "cullface": "west"},
				"west": {"uv": [14, 3, 15, 7], "texture": "#2", "cullface": "west"},
				"up": {"uv": [15, 4, 14, 3], "rotation": 270, "texture": "#2", "cullface": "west"}
			}
		},
		{
			"from": [0.25, 9, 2],
			"to": [1, 14, 3],
			"rotation": {"angle": 0, "axis": "y", "origin": [8, 0, 8]},
			"faces": {
				"north": {"uv": [10, 10, 11, 15], "texture": "#2", "cullface": "west"},
				"south": {"uv": [10, 10, 11, 15], "texture": "#2", "cullface": "west"},
				"west": {"uv": [10, 10, 11, 15], "texture": "#2", "cullface": "west"},
				"up": {"uv": [10, 10, 11, 11], "rotation": 270, "texture": "#2", "cullface": "west"}
			}
		},
		{
			"from": [3, 9, 15],
			"to": [4, 13, 15.25],
			"rotation": {"angle": 0, "axis": "y", "origin": [8, 0, 8]},
			"faces": {
				"east": {"uv": [14, 3, 15, 7], "texture": "#2", "cullface": "south"},
				"south": {"uv": [14, 3, 15, 7], "texture": "#2", "cullface": "south"},
				"up": {"uv": [15, 4, 14, 3], "rotation": 180, "texture": "#2", "cullface": "south"}
			}
		},
		{
			"from": [15, 9, 13],
			"to": [15.75, 14, 14],
			"rotation": {"angle": 0, "axis": "y", "origin": [8, 0, 8]},
			"faces": {
				"north": {"uv": [10, 10, 11, 15], "texture": "#2", "cullface": "east"},
				"east": {"uv": [10, 10, 11, 15], "texture": "#2", "cullface": "east"},
				"south": {"uv": [10, 10, 11, 15], "texture": "#2", "cullface": "east"},
				"up": {"uv": [10, 10, 11, 11], "rotation": 90, "texture": "#2", "cullface": "east"}
			}
		},
		{
			"from": [15, 9, 12],
			"to": [15.25, 13, 13],
			"rotation": {"angle": 0, "axis": "y", "origin": [8, 0, 8]},
			"faces": {
				"north": {"uv": [14, 3, 15, 7], "texture": "#2", "cullface": "east"},
				"east": {"uv": [14, 3, 15, 7], "texture": "#2", "cullface": "east"},
				"up": {"uv": [15, 4, 14, 3], "rotation": 90, "texture": "#2", "cullface": "east"}
			}
		},
		{
			"from": [2, 9, 15],
			"to": [3, 14, 15.75],
			"rotation": {"angle": 0, "axis": "y", "origin": [8, 0, 8]},
			"faces": {
				"east": {"uv": [10, 10, 11, 15], "texture": "#2", "cullface": "south"},
				"south": {"uv": [10, 10, 11, 15], "texture": "#2", "cullface": "south"},
				"west": {"uv": [10, 10, 11, 15], "texture": "#2", "cullface": "south"},
				"up": {"uv": [10, 10, 11, 11], "rotation": 180, "texture": "#2", "cullface": "south"}
			}
		},
		{
			"from": [5.125, 8.175, 0.25],
			"to": [7.125, 13.175, 1],
			"rotation": {"angle": 22.5, "axis": "z", "origin": [2, 3, 0.625]},
			"faces": {
				"north": {"uv": [11, 10, 13, 15], "texture": "#2", "cullface": "north"},
				"east": {"uv": [11, 10, 13, 15], "texture": "#2", "cullface": "north"},
				"south": {"uv": [11, 10, 13, 15], "texture": "#2", "cullface": "north"},
				"west": {"uv": [11, 10, 13, 15], "texture": "#2", "cullface": "north"},
				"up": {"uv": [11, 10, 12, 11], "texture": "#2", "cullface": "north"},
				"down": {"uv": [13, 15, 13, 15], "texture": "#2", "cullface": "north"}
			}
		},
		{
			"from": [7.125, 7.375, 0.7],
			"to": [9.125, 12.375, 1],
			"rotation": {"angle": 22.5, "axis": "z", "origin": [2, 3, 0.625]},
			"faces": {
				"north": {"uv": [7, 2, 9, 7], "texture": "#2", "cullface": "north"},
				"east": {"uv": [7, 2, 9, 7], "texture": "#2", "cullface": "north"},
				"south": {"uv": [7, 2, 9, 7], "texture": "#2", "cullface": "north"},
				"west": {"uv": [7, 2, 9, 7], "texture": "#2", "cullface": "north"},
				"up": {"uv": [7, 2, 8, 3], "texture": "#2", "cullface": "north"},
				"down": {"uv": [8, 6, 9, 7], "texture": "#2", "cullface": "north"}
			}
		},
		{
			"from": [11.125, 5.725, 0.7],
			"to": [13.125, 10.725, 1],
			"rotation": {"angle": 22.5, "axis": "z", "origin": [2, 3, 0.625]},
			"faces": {
				"south": {"uv": [4, 10, 6, 15], "texture": "#2"}
			}
		},
		{
			"from": [12, 9, 0.75],
			"to": [13, 13, 1],
			"faces": {
				"north": {"uv": [14, 3, 15, 7], "texture": "#2", "cullface": "north"},
				"west": {"uv": [14, 3, 15, 7], "texture": "#2", "cullface": "north"},
				"up": {"uv": [15, 4, 14, 3], "texture": "#2", "cullface": "north"}
			}
		},
		{
			"from": [0.25, 8.825, 11.95],
			"to": [1, 13.825, 13.95],
			"rotation": {"angle": 22.5, "axis": "x", "origin": [0.5, 11, 14]},
			"faces": {
				"north": {"uv": [11, 10, 12, 15], "texture": "#2", "cullface": "west"},
				"east": {"uv": [11, 10, 13, 15], "texture": "#2", "cullface": "west"},
				"south": {"uv": [11, 10, 13, 15], "texture": "#2", "cullface": "west"},
				"west": {"uv": [11, 10, 13, 15], "texture": "#2", "cullface": "west"},
				"up": {"uv": [11, 10, 12, 11], "texture": "#2", "cullface": "west"},
				"down": {"uv": [11, 14, 12, 15], "texture": "#2", "cullface": "west"}
			}
		},
		{
			"from": [0.5, 7.975, 9.95],
			"to": [1, 12.975, 11.95],
			"rotation": {"angle": 22.5, "axis": "x", "origin": [0.5, 11, 14]},
			"faces": {
				"north": {"uv": [7, 2, 8, 7], "texture": "#2", "cullface": "west"},
				"east": {"uv": [7, 2, 9, 7], "texture": "#2", "cullface": "west"},
				"south": {"uv": [7, 2, 9, 7], "texture": "#2", "cullface": "west"},
				"west": {"uv": [7, 2, 9, 7], "texture": "#2", "cullface": "west"},
				"up": {"uv": [7, 2, 8, 3], "texture": "#2", "cullface": "west"},
				"down": {"uv": [7, 6, 8, 7], "texture": "#2", "cullface": "west"}
			}
		},
		{
			"from": [0.75, 7.15, 7.95],
			"to": [1, 12.15, 9.95],
			"rotation": {"angle": 22.5, "axis": "x", "origin": [0.5, 11, 14]},
			"faces": {
				"north": {"uv": [4, 2, 5, 7], "texture": "#2", "cullface": "west"},
				"east": {"uv": [4, 2, 6, 7], "texture": "#2", "cullface": "west"},
				"south": {"uv": [4, 2, 6, 7], "texture": "#2", "cullface": "west"},
				"west": {"uv": [4, 2, 6, 7], "texture": "#2", "cullface": "west"},
				"up": {"uv": [4, 2, 6, 7], "texture": "#2", "cullface": "west"},
				"down": {"uv": [4, 2, 6, 7], "texture": "#2", "cullface": "west"}
			}
		},
		{
			"from": [0.25, 6.35, 5.95],
			"to": [1, 11.35, 7.95],
			"rotation": {"angle": 22.5, "axis": "x", "origin": [0.5, 11, 14]},
			"faces": {
				"north": {"uv": [4, 10, 5, 15], "texture": "#2", "cullface": "west"},
				"east": {"uv": [4, 10, 6, 15], "texture": "#2", "cullface": "west"},
				"south": {"uv": [4, 10, 6, 15], "texture": "#2", "cullface": "west"},
				"west": {"uv": [4, 10, 6, 15], "texture": "#2", "cullface": "west"},
				"up": {"uv": [4, 10, 5, 11], "texture": "#2", "cullface": "west"},
				"down": {"uv": [4, 14, 5, 15], "texture": "#2", "cullface": "west"}
			}
		},
		{
			"from": [12, 9.25, 15],
			"to": [14, 14.25, 15.75],
			"rotation": {"angle": -22.5, "axis": "z", "origin": [13, 11.5, 15.5]},
			"faces": {
				"north": {"uv": [11, 10, 13, 15], "texture": "#2", "cullface": "south"},
				"east": {"uv": [11, 10, 13, 15], "texture": "#2", "cullface": "south"},
				"south": {"uv": [11, 10, 13, 15], "texture": "#2", "cullface": "south"},
				"west": {"uv": [11, 10, 12, 15], "texture": "#2", "cullface": "south"},
				"up": {"uv": [11, 10, 12, 11], "texture": "#2", "cullface": "south"},
				"down": {"uv": [11, 14, 12, 15], "texture": "#2", "cullface": "south"}
			}
		},
		{
			"from": [10, 8.375, 15],
			"to": [12, 13.375, 15.5],
			"rotation": {"angle": -22.5, "axis": "z", "origin": [13, 11.5, 15.5]},
			"faces": {
				"north": {"uv": [7, 2, 9, 7], "texture": "#2", "cullface": "south"},
				"east": {"uv": [7, 2, 9, 7], "texture": "#2", "cullface": "south"},
				"south": {"uv": [7, 2, 9, 7], "texture": "#2", "cullface": "south"},
				"west": {"uv": [7, 2, 8, 7], "texture": "#2", "cullface": "south"},
				"up": {"uv": [7, 2, 8, 3], "texture": "#2", "cullface": "south"},
				"down": {"uv": [7, 6, 8, 7], "texture": "#2", "cullface": "south"}
			}
		},
		{
			"from": [8, 7.55, 15],
			"to": [10, 12.55, 15.25],
			"rotation": {"angle": -22.5, "axis": "z", "origin": [13, 11.5, 15.5]},
			"faces": {
				"north": {"uv": [4, 2, 6, 7], "texture": "#2", "cullface": "south"},
				"east": {"uv": [4, 2, 6, 7], "texture": "#2", "cullface": "south"},
				"south": {"uv": [4, 2, 6, 7], "texture": "#2", "cullface": "south"},
				"west": {"uv": [4, 2, 6, 7], "texture": "#2", "cullface": "south"},
				"up": {"uv": [4, 2, 5, 3], "texture": "#2", "cullface": "south"},
				"down": {"uv": [4, 6, 5, 7], "texture": "#2", "cullface": "south"}
			}
		},
		{
			"from": [6, 6.725, 15],
			"to": [8, 11.725, 15.75],
			"rotation": {"angle": -22.5, "axis": "z", "origin": [13, 11.5, 15.5]},
			"faces": {
				"north": {"uv": [4, 10, 6, 15], "texture": "#2", "cullface": "south"},
				"east": {"uv": [4, 10, 6, 15], "texture": "#2", "cullface": "south"},
				"south": {"uv": [4, 10, 6, 15], "texture": "#2", "cullface": "south"},
				"west": {"uv": [4, 10, 5, 15], "texture": "#2", "cullface": "south"},
				"up": {"uv": [4, 10, 5, 11], "texture": "#2", "cullface": "south"},
				"down": {"uv": [5, 14, 6, 15], "texture": "#2", "cullface": "south"}
			}
		},
		{
			"from": [15, 9.2, 2],
			"to": [15.75, 14.2, 4],
			"rotation": {"angle": -22.5, "axis": "x", "origin": [15.5, 11.5, 3]},
			"faces": {
				"north": {"uv": [11, 10, 13, 15], "texture": "#2", "cullface": "east"},
				"east": {"uv": [11, 10, 13, 15], "texture": "#2", "cullface": "east"},
				"south": {"uv": [11, 10, 12, 15], "texture": "#2", "cullface": "east"},
				"west": {"uv": [11, 10, 13, 15], "texture": "#2", "cullface": "east"},
				"up": {"uv": [11, 10, 12, 11], "texture": "#2", "cullface": "east"},
				"down": {"uv": [12, 14, 13, 15], "texture": "#2", "cullface": "east"}
			}
		},
		{
			"from": [15, 8.375, 4],
			"to": [15.25, 13.375, 6],
			"rotation": {"angle": -22.5, "axis": "x", "origin": [15.5, 11.5, 3]},
			"faces": {
				"north": {"uv": [7, 2, 9, 7], "texture": "#2", "cullface": "east"},
				"east": {"uv": [7, 2, 9, 7], "texture": "#2", "cullface": "east"},
				"south": {"uv": [7, 2, 8, 7], "texture": "#2", "cullface": "east"},
				"west": {"uv": [7, 2, 9, 7], "texture": "#2", "cullface": "east"},
				"up": {"uv": [7, 2, 8, 3], "texture": "#2", "cullface": "east"},
				"down": {"uv": [7, 6, 8, 7], "texture": "#2", "cullface": "east"}
			}
		},
		{
			"from": [15, 7.55, 6.025],
			"to": [15.5, 12.55, 8.025],
			"rotation": {"angle": -22.5, "axis": "x", "origin": [15.5, 11.5, 3]},
			"faces": {
				"north": {"uv": [4, 2, 6, 7], "texture": "#2", "cullface": "east"},
				"east": {"uv": [4, 2, 6, 7], "texture": "#2", "cullface": "east"},
				"south": {"uv": [4, 2, 5, 7], "texture": "#2", "cullface": "east"},
				"west": {"uv": [4, 2, 6, 7], "texture": "#2", "cullface": "east"},
				"up": {"uv": [4, 2, 5, 3], "texture": "#2", "cullface": "east"},
				"down": {"uv": [4, 6, 5, 7], "texture": "#2", "cullface": "east"}
			}
		},
		{
			"from": [15, 6.725, 8.025],
			"to": [15.75, 11.725, 10.025],
			"rotation": {"angle": -22.5, "axis": "x", "origin": [15.5, 11.5, 3]},
			"faces": {
				"north": {"uv": [4, 10, 6, 15], "texture": "#2", "cullface": "east"},
				"east": {"uv": [4, 10, 6, 15], "texture": "#2", "cullface": "east"},
				"south": {"uv": [4, 10, 5, 15], "texture": "#2", "cullface": "east"},
				"west": {"uv": [4, 10, 6, 15], "texture": "#2", "cullface": "east"},
				"up": {"uv": [4, 10, 5, 11], "texture": "#2", "cullface": "east"},
				"down": {"uv": [5, 14, 6, 15], "texture": "#2", "cullface": "east"}
			}
		}
	],
	"display": {
		"thirdperson_righthand": {
			"rotation": [75, 45, 0],
			"translation": [0, 2.5, 0],
			"scale": [0.375, 0.375, 0.375]
		},
		"thirdperson_lefthand": {
			"rotation": [75, 45, 0],
			"translation": [0, 2.5, 0],
			"scale": [0.375, 0.375, 0.375]
		},
		"firstperson_righthand": {
			"rotation": [0, 45, 0],
			"scale": [0.4, 0.4, 0.4]
		},
		"firstperson_lefthand": {
			"rotation": [0, 225, 0],
			"scale": [0.4, 0.4, 0.4]
		},
		"ground": {
			"translation": [0, 3, 0],
			"scale": [0.25, 0.25, 0.25]
		},
		"gui": {
			"rotation": [30, 225, 0],
			"scale": [0.625, 0.625, 0.625]
		},
		"fixed": {
			"scale": [0.5, 0.5, 0.5]
		}
	},
	"groups": [
		{
			"name": "bookshelf",
			"origin": [8, 8, 8],
			"color": 0,
			"children": [
				{
					"name": "group",
					"origin": [8, 7.05154, 7.93934],
					"color": 0,
					"children": [0, 1, 2, 3, 4, 5, 6, 7, 8, 9, 10]
				},
				{
					"name": "group",
					"origin": [8, 7.05154, 7.93934],
					"color": 0,
					"children": [11, 12, 13, 14, 15, 16, 17, 18, 19]
				},
				{
					"name": "group",
					"origin": [8, 7.05154, 7.93934],
					"color": 0,
					"children": [20, 21, 22, 23, 24, 25, 26, 27, 28, 29, 30, 31, 32, 33, 34, 35]
				}
			]
		}
	]
}