{
	"credit": "Made with Blockbench by Valdr687",
	"ambientocclusion": false,
	"textures": {
		"0": "block/bookshelf1",
		"1": "block/bookshelf_top",
		"particle": "block/bookshelf1"
	},
	"elements": [
		{
			"from": [0, 0, 0],
			"to": [16, 1, 16],
			"faces": {
				"north": {"uv": [0, 0, 16, 1], "texture": "#0"},
				"east": {"uv": [0, 0, 16, 1], "texture": "#0"},
				"south": {"uv": [0, 0, 16, 1], "texture": "#0"},
				"west": {"uv": [0, 0, 16, 1], "texture": "#0"},
				"up": {"uv": [0, 0, 16, 16], "texture": "#0"},
				"down": {"uv": [0, 0, 16, 16], "texture": "#1"}
			}
		},
		{
			"from": [0, 15, 0],
			"to": [16, 16, 16],
			"faces": {
				"north": {"uv": [0, 0, 16, 1], "texture": "#0"},
				"east": {"uv": [0, 0, 16, 1], "texture": "#0"},
				"south": {"uv": [0, 0, 16, 1], "texture": "#0"},
				"west": {"uv": [0, 0, 16, 1], "texture": "#0"},
				"up": {"uv": [0, 0, 16, 16], "texture": "#1"},
				"down": {"uv": [0, 0, 16, 16], "texture": "#0"}
			}
		},
		{
			"from": [15, 1, 0],
			"to": [16, 15, 1],
			"faces": {
				"north": {"uv": [0, 0, 1, 14], "texture": "#0"},
				"east": {"uv": [0, 0, 1, 14], "texture": "#0"},
				"south": {"uv": [0, 0, 1, 14], "texture": "#0"},
				"west": {"uv": [0, 0, 1, 14], "texture": "#0"}
			}
		},
		{
			"from": [15, 1, 15],
			"to": [16, 15, 16],
			"faces": {
				"north": {"uv": [0, 0, 1, 14], "texture": "#0"},
				"east": {"uv": [0, 0, 1, 14], "texture": "#0"},
				"south": {"uv": [0, 0, 1, 14], "texture": "#0"},
				"west": {"uv": [0, 0, 1, 14], "texture": "#0"}
			}
		},
		{
			"from": [0, 1, 15],
			"to": [1, 15, 16],
			"faces": {
				"north": {"uv": [0, 0, 1, 14], "texture": "#0"},
				"east": {"uv": [0, 0, 1, 14], "texture": "#0"},
				"south": {"uv": [0, 0, 1, 14], "texture": "#0"},
				"west": {"uv": [0, 0, 1, 14], "texture": "#0"}
			}
		},
		{
			"from": [1, 1, 1],
			"to": [15, 15, 15],
			"faces": {
				"north": {"uv": [1, 1, 15, 15], "texture": "#0"},
				"east": {"uv": [1, 1, 15, 15], "texture": "#0"},
				"south": {"uv": [1, 1, 15, 15], "texture": "#0"},
				"west": {"uv": [1, 1, 15, 15], "texture": "#0"}
			}
		},
		{
			"from": [0, 1, 0],
			"to": [1, 15, 1],
			"faces": {
				"north": {"uv": [0, 0, 1, 14], "texture": "#0"},
				"east": {"uv": [0, 0, 1, 14], "texture": "#0"},
				"south": {"uv": [0, 0, 1, 14], "texture": "#0"},
				"west": {"uv": [0, 0, 1, 14], "texture": "#0"}
			}
		},
		{
			"from": [1, 7, 0],
			"to": [15, 9, 1],
			"faces": {
				"north": {"uv": [1, 7, 15, 9], "texture": "#0"},
				"up": {"uv": [0, 0, 14, 1], "texture": "#0"},
				"down": {"uv": [0, 0, 14, 1], "texture": "#0"}
			}
		},
		{
			"from": [0, 7, 1],
			"to": [1, 9, 15],
			"rotation": {"angle": 0, "axis": "y", "origin": [8, 8, 8]},
			"faces": {
				"west": {"uv": [1, 7, 15, 9], "texture": "#0"},
				"up": {"uv": [0, 0, 14, 1], "rotation": 270, "texture": "#0"},
				"down": {"uv": [0, 0, 14, 1], "rotation": 90, "texture": "#0"}
			}
		},
		{
			"from": [1, 7, 15],
			"to": [15, 9, 16],
			"rotation": {"angle": 0, "axis": "y", "origin": [8, 8, 8]},
			"faces": {
				"south": {"uv": [1, 7, 15, 9], "texture": "#0"},
				"up": {"uv": [0, 0, 14, 1], "rotation": 180, "texture": "#0"},
				"down": {"uv": [0, 0, 14, 1], "rotation": 180, "texture": "#0"}
			}
		},
		{
			"from": [15, 7, 1],
			"to": [16, 9, 15],
			"rotation": {"angle": 0, "axis": "y", "origin": [8, 8, 8]},
			"faces": {
				"east": {"uv": [1, 7, 15, 9], "texture": "#0"},
				"up": {"uv": [0, 0, 14, 1], "rotation": 90, "texture": "#0"},
				"down": {"uv": [0, 0, 14, 1], "rotation": 270, "texture": "#0"}
			}
		},
		{
			"from": [5, 9, 0.18934],
			"to": [7, 14, 1.18934],
			"rotation": {"angle": 0, "axis": "y", "origin": [8, 8, 8]},
			"faces": {
				"north": {"uv": [9, 2, 11, 7], "texture": "#0", "cullface": "north"},
				"east": {"uv": [9, 2, 10, 7], "texture": "#0", "cullface": "north"},
				"west": {"uv": [10, 2, 11, 7], "texture": "#0", "cullface": "north"},
				"up": {"uv": [9, 2, 11, 3], "rotation": 180, "texture": "#0", "cullface": "north"}
			}
		},
		{
			"from": [2, 9, 0.68934],
			"to": [4, 15, 1.18934],
			"rotation": {"angle": 0, "axis": "y", "origin": [8, 8, 8]},
			"faces": {
				"north": {"uv": [12, 1, 14, 7], "texture": "#0", "cullface": "north"},
				"east": {"uv": [12, 1, 13, 7], "texture": "#0", "cullface": "north"},
				"west": {"uv": [13, 1, 14, 7], "texture": "#0", "cullface": "north"}
			}
		},
		{
			"from": [8, 1, 0.93934],
			"to": [10, 7, 1.18934],
			"rotation": {"angle": 0, "axis": "y", "origin": [8, 8, 8]},
			"faces": {
				"north": {"uv": [6, 9, 8, 15], "texture": "#0", "cullface": "north"},
				"east": {"uv": [6, 9, 7, 15], "texture": "#0", "cullface": "north"},
				"west": {"uv": [7, 9, 8, 15], "texture": "#0", "cullface": "north"}
			}
		},
		{
			"from": [10, 9, 0.18934],
			"to": [12, 14, 1.43934],
			"rotation": {"angle": 0, "axis": "y", "origin": [8, 8, 8]},
			"faces": {
				"north": {"uv": [4, 2, 6, 7], "texture": "#0", "cullface": "north"},
				"east": {"uv": [4, 2, 5, 7], "texture": "#0", "cullface": "north"},
				"west": {"uv": [5, 2, 6, 7], "texture": "#0", "cullface": "north"},
				"up": {"uv": [4, 2, 6, 3], "rotation": 180, "texture": "#0", "cullface": "north"}
			}
		},
		{
			"from": [13, 1, 0.68934],
			"to": [15, 6, 0.93934],
			"rotation": {"angle": 0, "axis": "y", "origin": [8, 8, 8]},
			"faces": {
				"north": {"uv": [1, 10, 3, 15], "texture": "#0", "cullface": "north"},
				"south": {"uv": [0, 0, 2, 5], "texture": "#missing", "cullface": "north"},
				"west": {"uv": [2, 10, 3, 15], "texture": "#0", "cullface": "north"},
				"up": {"uv": [1, 10, 3, 11], "rotation": 180, "texture": "#0", "cullface": "north"}
			}
		},
		{
			"from": [10.06066, 1, 0.18934],
			"to": [12.06066, 6, 1.43934],
			"rotation": {"angle": 0, "axis": "y", "origin": [8, 8, 8]},
			"faces": {
				"north": {"uv": [4, 10, 6, 15], "texture": "#0", "cullface": "north"},
				"east": {"uv": [4, 10, 5, 15], "texture": "#0", "cullface": "north"},
				"west": {"uv": [5, 10, 6, 15], "texture": "#0", "cullface": "north"},
				"up": {"uv": [4, 10, 6, 11], "rotation": 180, "texture": "#0", "cullface": "north"}
			}
		},
		{
			"from": [3, 1, -0.06066],
			"to": [5, 6, 1.43934],
			"rotation": {"angle": 0, "axis": "y", "origin": [8, 8, 8]},
			"faces": {
				"north": {"uv": [11, 10, 13, 15], "texture": "#0", "cullface": "north"},
				"east": {"uv": [11, 10, 12, 15], "texture": "#0", "cullface": "north"},
				"west": {"uv": [12, 10, 13, 15], "texture": "#0", "cullface": "north"},
				"up": {"uv": [11, 10, 13, 11], "rotation": 180, "texture": "#0", "cullface": "north"},
				"down": {"uv": [0, 0, 1, 2], "rotation": 90, "texture": "#missing"}
			}
		},
		{
			"from": [1, 1, 0.43934],
			"to": [3, 5, 1.43934],
			"rotation": {"angle": 0, "axis": "y", "origin": [8, 8, 8]},
			"faces": {
				"north": {"uv": [13, 11, 15, 15], "texture": "#0", "cullface": "north"},
				"up": {"uv": [13, 11, 15, 12], "rotation": 180, "texture": "#0", "cullface": "north"}
			}
		},
		{
			"from": [12.06066, 1, 0.43934],
			"to": [13.06066, 5, 1.43934],
			"rotation": {"angle": 0, "axis": "y", "origin": [8, 8, 8]},
			"faces": {
				"north": {"uv": [3, 11, 4, 15], "texture": "#0", "cullface": "north"},
				"east": {"uv": [3, 11, 4, 15], "texture": "#0", "cullface": "north"},
				"up": {"uv": [3, 11, 4, 15], "texture": "#0", "cullface": "north"}
			}
		},
		{
			"from": [1, 9, -0.06066],
			"to": [2, 13, 1.43934],
			"rotation": {"angle": 0, "axis": "y", "origin": [8, 8, 8]},
			"faces": {
				"north": {"uv": [14, 3, 15, 7], "texture": "#0", "cullface": "north"},
				"east": {"uv": [14, 3, 15, 7], "texture": "#0", "cullface": "north"},
				"west": {"uv": [14, 3, 15, 7], "texture": "#0", "cullface": "north"},
				"up": {"uv": [14, 3, 15, 7], "texture": "#0", "cullface": "north"},
				"down": {"uv": [14, 3, 15, 7], "texture": "#0"}
			}
		},
		{
			"from": [7.74146, 9.0804, 0.43934],
			"to": [8.74146, 13.0804, 1.43934],
			"rotation": {"angle": 0, "axis": "x", "origin": [8, 8, 8]},
			"faces": {
				"north": {"uv": [11, 11, 12, 15], "texture": "#0", "cullface": "north"},
				"east": {"uv": [11, 11, 12, 15], "texture": "#0", "cullface": "north"},
				"west": {"uv": [11, 11, 12, 15], "texture": "#0", "cullface": "north"},
				"up": {"uv": [11, 10, 12, 11], "rotation": 270, "texture": "#0", "cullface": "north"},
				"down": {"uv": [12, 14, 13, 15], "rotation": 90, "texture": "#0"}
			}
		},
		{
			"from": [14, 9, 0.43934],
			"to": [15, 13, 1.43934],
			"rotation": {"angle": 0, "axis": "y", "origin": [8, 8, 8]},
			"faces": {
				"north": {"uv": [1, 3, 2, 7], "texture": "#0", "cullface": "north"},
				"west": {"uv": [1, 3, 2, 7], "texture": "#0", "cullface": "north"},
				"up": {"uv": [1, 3, 2, 4], "rotation": 180, "texture": "#0", "cullface": "north"}
			}
		},
		{
			"from": [0.43934, 9, 9],
			"to": [1.43934, 14, 11],
			"rotation": {"angle": 0, "axis": "y", "origin": [8, 8, 8]},
			"faces": {
				"north": {"uv": [9, 2, 10, 7], "texture": "#0", "cullface": "west"},
				"south": {"uv": [10, 2, 11, 7], "texture": "#0", "cullface": "west"},
				"west": {"uv": [9, 2, 11, 7], "texture": "#0", "cullface": "west"},
				"up": {"uv": [9, 2, 11, 3], "rotation": 90, "texture": "#0", "cullface": "west"}
			}
		},
		{
			"from": [0.93934, 9, 12],
			"to": [1.43934, 15, 14],
			"rotation": {"angle": 0, "axis": "y", "origin": [8, 8, 8]},
			"faces": {
				"north": {"uv": [12, 1, 13, 7], "texture": "#0", "cullface": "west"},
				"south": {"uv": [13, 1, 14, 7], "texture": "#0", "cullface": "west"},
				"west": {"uv": [12, 1, 14, 7], "texture": "#0", "cullface": "west"}
			}
		},
		{
			"from": [0.43934, 9, 4],
			"to": [1.68934, 14, 6],
			"rotation": {"angle": 0, "axis": "y", "origin": [8, 8, 8]},
			"faces": {
				"north": {"uv": [4, 2, 5, 7], "texture": "#0", "cullface": "west"},
				"south": {"uv": [5, 2, 6, 7], "texture": "#0", "cullface": "west"},
				"west": {"uv": [4, 2, 6, 7], "texture": "#0", "cullface": "west"},
				"up": {"uv": [4, 2, 6, 3], "rotation": 90, "texture": "#0", "cullface": "west"}
			}
		},
		{
			"from": [0.93934, 1, 1],
			"to": [1.18934, 6, 3],
			"rotation": {"angle": 0, "axis": "y", "origin": [8, 8, 8]},
			"faces": {
				"south": {"uv": [2, 10, 3, 15], "texture": "#0", "cullface": "west"},
				"west": {"uv": [1, 10, 3, 15], "texture": "#0", "cullface": "west"},
				"up": {"uv": [1, 10, 3, 11], "rotation": 90, "texture": "#0", "cullface": "west"}
			}
		},
		{
			"from": [0.43934, 1, 3.93934],
			"to": [1.68934, 6, 5.93934],
			"rotation": {"angle": 0, "axis": "y", "origin": [8, 8, 8]},
			"faces": {
				"north": {"uv": [4, 10, 5, 15], "texture": "#0", "cullface": "west"},
				"south": {"uv": [5, 10, 6, 15], "texture": "#0", "cullface": "west"},
				"west": {"uv": [4, 10, 6, 15], "texture": "#0", "cullface": "west"},
				"up": {"uv": [4, 10, 6, 11], "rotation": 90, "texture": "#0", "cullface": "west"}
			}
		},
		{
			"from": [0.18934, 1, 11],
			"to": [1.68934, 6, 13],
			"rotation": {"angle": 0, "axis": "y", "origin": [8, 8, 8]},
			"faces": {
				"north": {"uv": [11, 10, 12, 15], "texture": "#0", "cullface": "west"},
				"south": {"uv": [12, 10, 13, 15], "texture": "#0", "cullface": "west"},
				"west": {"uv": [11, 10, 13, 15], "texture": "#0", "cullface": "west"},
				"up": {"uv": [11, 10, 13, 11], "rotation": 90, "texture": "#0", "cullface": "west"}
			}
		},
		{
			"from": [0.68934, 1, 13],
			"to": [1.68934, 5, 15],
			"rotation": {"angle": 0, "axis": "y", "origin": [8, 8, 8]},
			"faces": {
				"west": {"uv": [13, 11, 15, 15], "texture": "#0", "cullface": "west"},
				"up": {"uv": [13, 11, 15, 12], "rotation": 90, "texture": "#0", "cullface": "west"}
			}
		},
		{
			"from": [0.68934, 1, 2.93934],
			"to": [1.68934, 5, 3.93934],
			"rotation": {"angle": 0, "axis": "y", "origin": [8, 8, 8]},
			"faces": {
				"north": {"uv": [3, 11, 4, 15], "texture": "#0", "cullface": "west"},
				"west": {"uv": [3, 11, 4, 15], "texture": "#0", "cullface": "west"},
				"up": {"uv": [3, 11, 4, 15], "texture": "#0", "cullface": "west"}
			}
		},
		{
			"from": [0.18934, 9, 14],
			"to": [1.68934, 13, 15],
			"rotation": {"angle": 0, "axis": "y", "origin": [8, 8, 8]},
			"faces": {
				"north": {"uv": [14, 3, 15, 7], "texture": "#0", "cullface": "west"},
				"west": {"uv": [14, 3, 15, 7], "texture": "#0", "cullface": "west"},
				"up": {"uv": [14, 3, 15, 7], "rotation": 270, "texture": "#0", "cullface": "west"}
			}
		},
		{
			"from": [0.68934, 9.0804, 7.25854],
			"to": [1.68934, 13.0804, 8.25854],
			"rotation": {"angle": 0, "axis": "y", "origin": [8, 8, 8]},
			"faces": {
				"north": {"uv": [11, 11, 12, 15], "texture": "#0", "cullface": "west"},
				"south": {"uv": [11, 11, 12, 15], "texture": "#0", "cullface": "west"},
				"west": {"uv": [11, 11, 12, 15], "texture": "#0", "cullface": "west"},
				"up": {"uv": [11, 10, 12, 11], "rotation": 180, "texture": "#0", "cullface": "west"},
				"down": {"uv": [12, 14, 13, 15], "rotation": 180, "texture": "#0"}
			}
		},
		{
			"from": [0.68934, 9, 1],
			"to": [1.68934, 13, 2],
			"rotation": {"angle": 0, "axis": "y", "origin": [8, 8, 8]},
			"faces": {
				"south": {"uv": [1, 3, 2, 7], "texture": "#0", "cullface": "west"},
				"west": {"uv": [1, 3, 2, 7], "texture": "#0", "cullface": "west"},
				"up": {"uv": [1, 3, 2, 4], "rotation": 90, "texture": "#0", "cullface": "west"}
			}
		},
		{
			"from": [9, 9, 14.56066],
			"to": [11, 14, 15.56066],
			"rotation": {"angle": 0, "axis": "y", "origin": [8, 8, 8]},
			"faces": {
				"east": {"uv": [10, 2, 11, 7], "texture": "#0", "cullface": "south"},
				"south": {"uv": [9, 2, 11, 7], "texture": "#0", "cullface": "south"},
				"west": {"uv": [9, 2, 10, 7], "texture": "#0", "cullface": "south"},
				"up": {"uv": [9, 2, 11, 3], "texture": "#0", "cullface": "south"}
			}
		},
		{
			"from": [12, 9, 14.56066],
			"to": [14, 15, 15.06066],
			"rotation": {"angle": 0, "axis": "y", "origin": [8, 8, 8]},
			"faces": {
				"east": {"uv": [13, 1, 14, 7], "texture": "#0", "cullface": "south"},
				"south": {"uv": [12, 1, 14, 7], "texture": "#0", "cullface": "south"},
				"west": {"uv": [12, 1, 13, 7], "texture": "#0", "cullface": "south"}
			}
		},
		{
			"from": [4, 9, 14.31066],
			"to": [6, 14, 15.56066],
			"rotation": {"angle": 0, "axis": "y", "origin": [8, 8, 8]},
			"faces": {
				"east": {"uv": [5, 2, 6, 7], "texture": "#0", "cullface": "south"},
				"south": {"uv": [4, 2, 6, 7], "texture": "#0", "cullface": "south"},
				"west": {"uv": [4, 2, 5, 7], "texture": "#0", "cullface": "south"},
				"up": {"uv": [4, 2, 6, 3], "texture": "#0", "cullface": "south"}
			}
		},
		{
			"from": [1, 1, 14.81066],
			"to": [3, 6, 15.06066],
			"rotation": {"angle": 0, "axis": "y", "origin": [8, 8, 8]},
			"faces": {
				"east": {"uv": [2, 10, 3, 15], "texture": "#0", "cullface": "south"},
				"south": {"uv": [1, 10, 3, 15], "texture": "#0", "cullface": "south"},
				"up": {"uv": [1, 10, 3, 11], "texture": "#0", "cullface": "south"}
			}
		},
		{
			"from": [3.93934, 1, 14.31066],
			"to": [5.93934, 6, 15.56066],
			"rotation": {"angle": 0, "axis": "y", "origin": [8, 8, 8]},
			"faces": {
				"east": {"uv": [5, 10, 6, 15], "texture": "#0", "cullface": "south"},
				"south": {"uv": [4, 10, 6, 15], "texture": "#0", "cullface": "south"},
				"west": {"uv": [4, 10, 5, 15], "texture": "#0", "cullface": "south"},
				"up": {"uv": [4, 10, 6, 11], "texture": "#0", "cullface": "south"}
			}
		},
		{
			"from": [11, 1, 14.31066],
			"to": [13, 6, 15.81066],
			"rotation": {"angle": 0, "axis": "y", "origin": [8, 8, 8]},
			"faces": {
				"east": {"uv": [12, 10, 13, 15], "texture": "#0", "cullface": "south"},
				"south": {"uv": [11, 10, 13, 15], "texture": "#0", "cullface": "south"},
				"west": {"uv": [11, 10, 12, 15], "texture": "#0", "cullface": "south"},
				"up": {"uv": [11, 10, 13, 11], "texture": "#0", "cullface": "south"}
			}
		},
		{
			"from": [13, 1, 14.31066],
			"to": [15, 5, 15.31066],
			"rotation": {"angle": 0, "axis": "y", "origin": [8, 8, 8]},
			"faces": {
				"south": {"uv": [13, 11, 15, 15], "texture": "#0", "cullface": "south"},
				"up": {"uv": [13, 11, 15, 12], "texture": "#0", "cullface": "south"}
			}
		},
		{
			"from": [2.93934, 1, 14.31066],
			"to": [3.93934, 5, 15.31066],
			"rotation": {"angle": 0, "axis": "y", "origin": [8, 8, 8]},
			"faces": {
				"south": {"uv": [3, 11, 4, 15], "texture": "#0", "cullface": "south"},
				"west": {"uv": [3, 11, 4, 15], "texture": "#0", "cullface": "south"},
				"up": {"uv": [3, 11, 4, 15], "texture": "#0", "cullface": "south"}
			}
		},
		{
			"from": [14, 9, 14.31066],
			"to": [15, 13, 15.81066],
			"rotation": {"angle": 0, "axis": "y", "origin": [8, 8, 8]},
			"faces": {
				"south": {"uv": [14, 3, 15, 7], "texture": "#0", "cullface": "south"},
				"west": {"uv": [14, 3, 15, 7], "texture": "#0", "cullface": "south"},
				"up": {"uv": [14, 3, 15, 7], "rotation": 180, "texture": "#0", "cullface": "south"}
			}
		},
		{
			"from": [7.25854, 9.0804, 14.31066],
			"to": [8.25854, 13.0804, 15.31066],
			"rotation": {"angle": 0, "axis": "y", "origin": [8, 8, 8]},
			"faces": {
				"east": {"uv": [11, 11, 12, 15], "texture": "#0", "cullface": "south"},
				"south": {"uv": [11, 11, 12, 15], "texture": "#0", "cullface": "south"},
				"west": {"uv": [11, 11, 12, 15], "texture": "#0", "cullface": "south"},
				"up": {"uv": [11, 10, 12, 11], "rotation": 90, "texture": "#0", "cullface": "south"},
				"down": {"uv": [12, 14, 13, 15], "rotation": 270, "texture": "#0"}
			}
		},
		{
			"from": [1, 9, 14.31066],
			"to": [2, 13, 15.31066],
			"rotation": {"angle": 0, "axis": "y", "origin": [8, 8, 8]},
			"faces": {
				"east": {"uv": [1, 3, 2, 7], "texture": "#0", "cullface": "south"},
				"south": {"uv": [1, 3, 2, 7], "texture": "#0", "cullface": "south"},
				"up": {"uv": [1, 3, 2, 4], "texture": "#0", "cullface": "south"}
			}
		},
		{
			"from": [14.56066, 9, 5],
			"to": [15.56066, 14, 7],
			"rotation": {"angle": 0, "axis": "y", "origin": [8, 8, 8]},
			"faces": {
				"north": {"uv": [10, 2, 11, 7], "texture": "#0", "cullface": "east"},
				"east": {"uv": [9, 2, 11, 7], "texture": "#0", "cullface": "east"},
				"south": {"uv": [9, 2, 10, 7], "texture": "#0", "cullface": "east"},
				"up": {"uv": [9, 2, 11, 3], "rotation": 270, "texture": "#0", "cullface": "east"}
			}
		},
		{
			"from": [14.56066, 9, 2],
			"to": [15.06066, 15, 4],
			"rotation": {"angle": 0, "axis": "y", "origin": [8, 8, 8]},
			"faces": {
				"north": {"uv": [13, 1, 14, 7], "texture": "#0", "cullface": "east"},
				"east": {"uv": [12, 1, 14, 7], "texture": "#0", "cullface": "east"},
				"south": {"uv": [12, 1, 13, 7], "texture": "#0", "cullface": "east"}
			}
		},
		{
			"from": [14.31066, 9, 10],
			"to": [15.56066, 14, 12],
			"rotation": {"angle": 0, "axis": "y", "origin": [8, 8, 8]},
			"faces": {
				"north": {"uv": [5, 2, 6, 7], "texture": "#0", "cullface": "east"},
				"east": {"uv": [4, 2, 6, 7], "texture": "#0", "cullface": "east"},
				"south": {"uv": [4, 2, 5, 7], "texture": "#0", "cullface": "east"},
				"up": {"uv": [4, 2, 6, 3], "rotation": 270, "texture": "#0", "cullface": "east"}
			}
		},
		{
			"from": [14.81066, 1, 13],
			"to": [15.06066, 6, 15],
			"rotation": {"angle": 0, "axis": "y", "origin": [8, 8, 8]},
			"faces": {
				"north": {"uv": [2, 10, 3, 15], "texture": "#0", "cullface": "east"},
				"east": {"uv": [1, 10, 3, 15], "texture": "#0", "cullface": "east"},
				"up": {"uv": [1, 10, 3, 11], "rotation": 270, "texture": "#0", "cullface": "east"}
			}
		},
		{
			"from": [14.31066, 1, 10.06066],
			"to": [15.56066, 6, 12.06066],
			"rotation": {"angle": 0, "axis": "y", "origin": [8, 8, 8]},
			"faces": {
				"north": {"uv": [5, 10, 6, 15], "texture": "#0", "cullface": "east"},
				"east": {"uv": [4, 10, 6, 15], "texture": "#0", "cullface": "east"},
				"south": {"uv": [4, 10, 5, 15], "texture": "#0", "cullface": "east"},
				"up": {"uv": [4, 10, 6, 11], "rotation": 270, "texture": "#0", "cullface": "east"}
			}
		},
		{
			"from": [14.31066, 1, 3],
			"to": [15.81066, 6, 5],
			"rotation": {"angle": 0, "axis": "y", "origin": [8, 8, 8]},
			"faces": {
				"north": {"uv": [12, 10, 13, 15], "texture": "#0", "cullface": "east"},
				"east": {"uv": [11, 10, 13, 15], "texture": "#0", "cullface": "east"},
				"south": {"uv": [11, 10, 12, 15], "texture": "#0", "cullface": "east"},
				"up": {"uv": [11, 10, 13, 11], "rotation": 270, "texture": "#0", "cullface": "east"}
			}
		},
		{
			"from": [14.31066, 1, 1],
			"to": [15.31066, 5, 3],
			"rotation": {"angle": 0, "axis": "y", "origin": [8, 8, 8]},
			"faces": {
				"east": {"uv": [13, 11, 15, 15], "texture": "#0", "cullface": "east"},
				"up": {"uv": [13, 11, 15, 12], "rotation": 270, "texture": "#0", "cullface": "east"}
			}
		},
		{
			"from": [14.31066, 1, 12.06066],
			"to": [15.31066, 5, 13.06066],
			"rotation": {"angle": 0, "axis": "y", "origin": [8, 8, 8]},
			"faces": {
				"east": {"uv": [3, 11, 4, 15], "texture": "#0", "cullface": "east"},
				"south": {"uv": [3, 11, 4, 15], "texture": "#0", "cullface": "east"},
				"up": {"uv": [3, 11, 4, 15], "texture": "#0", "cullface": "east"}
			}
		},
		{
			"from": [14.31066, 9, 1],
			"to": [15.81066, 13, 2],
			"rotation": {"angle": 0, "axis": "y", "origin": [8, 8, 8]},
			"faces": {
				"east": {"uv": [14, 3, 15, 7], "texture": "#0", "cullface": "east"},
				"south": {"uv": [14, 3, 15, 7], "texture": "#0", "cullface": "east"},
				"up": {"uv": [14, 3, 15, 7], "rotation": 90, "texture": "#0", "cullface": "east"}
			}
		},
		{
			"from": [14.31066, 9.0804, 7.74146],
			"to": [15.31066, 13.0804, 8.74146],
			"rotation": {"angle": 0, "axis": "y", "origin": [8, 8, 8]},
			"faces": {
				"north": {"uv": [11, 11, 12, 15], "texture": "#0", "cullface": "east"},
				"east": {"uv": [11, 11, 12, 15], "texture": "#0", "cullface": "east"},
				"south": {"uv": [11, 11, 12, 15], "texture": "#0", "cullface": "east"},
				"up": {"uv": [11, 10, 12, 11], "texture": "#0", "cullface": "east"},
				"down": {"uv": [12, 14, 13, 15], "texture": "#0"}
			}
		},
		{
			"from": [14.31066, 9, 14],
			"to": [15.31066, 13, 15],
			"rotation": {"angle": 0, "axis": "y", "origin": [8, 8, 8]},
			"faces": {
				"north": {"uv": [1, 3, 2, 7], "texture": "#0", "cullface": "east"},
				"east": {"uv": [1, 3, 2, 7], "texture": "#0", "cullface": "east"},
				"up": {"uv": [1, 3, 2, 4], "rotation": 270, "texture": "#0", "cullface": "east"}
			}
		},
		{
			"from": [6, 1, 0.5],
			"to": [8, 6, 1],
			"faces": {
				"north": {"uv": [8, 10, 10, 15], "texture": "#0"},
				"east": {"uv": [8, 10, 10, 15], "texture": "#0"},
				"west": {"uv": [8, 10, 10, 15], "texture": "#0"},
				"up": {"uv": [8, 10, 10, 15], "texture": "#0"}
			}
		}
	],
	"display": {
		"thirdperson_righthand": {
			"rotation": [75, 45, 0],
			"translation": [0, 2.5, 0],
			"scale": [0.375, 0.375, 0.375]
		},
		"thirdperson_lefthand": {
			"rotation": [75, 45, 0],
			"translation": [0, 2.5, 0],
			"scale": [0.375, 0.375, 0.375]
		},
		"firstperson_righthand": {
			"rotation": [0, 45, 0],
			"scale": [0.4, 0.4, 0.4]
		},
		"firstperson_lefthand": {
			"rotation": [0, 225, 0],
			"scale": [0.4, 0.4, 0.4]
		},
		"ground": {
			"translation": [0, 3, 0],
			"scale": [0.25, 0.25, 0.25]
		},
		"gui": {
			"rotation": [30, 225, 0],
			"scale": [0.625, 0.625, 0.625]
		},
		"fixed": {
			"scale": [0.5, 0.5, 0.5]
		}
	},
	"groups": [
		{
			"name": "bookshelf",
			"origin": [8, 8, 8],
			"color": 0,
			"children": [
				0,
				1,
				2,
				3,
				4,
				5,
				6,
				7,
				8,
				9,
				10,
				{
					"name": "group",
					"origin": [8, 7.05154, 7.93934],
					"color": 0,
					"children": [11, 12, 13, 14, 15, 16, 17, 18, 19, 20, 21, 22]
				},
				{
					"name": "group",
					"origin": [8, 7.05154, 7.93934],
					"color": 0,
					"children": [23, 24, 25, 26, 27, 28, 29, 30, 31, 32, 33]
				},
				{
					"name": "group",
					"origin": [8, 7.05154, 7.93934],
					"color": 0,
					"children": [34, 35, 36, 37, 38, 39, 40, 41, 42, 43, 44]
				},
				{
					"name": "group",
					"origin": [8, 7.05154, 7.93934],
					"color": 0,
					"children": [45, 46, 47, 48, 49, 50, 51, 52, 53, 54, 55]
				}
			]
		},
		56
	]
}