{
	"credit": "Made with Blockbench by Valdr687",
	"ambientocclusion": false,
	"textures": {
		"0": "block/bookshelf",
		"1": "block/bookshelf_top",
		"2": "block/bookshelf_e",
		"particle": "block/bookshelf"
	},
	"elements": [
		{
			"from": [0, 0, 0],
			"to": [16, 1, 16],
			"faces": {
				"north": {"uv": [0, 0, 16, 1], "texture": "#0"},
				"east": {"uv": [0, 0, 16, 1], "texture": "#0"},
				"south": {"uv": [0, 0, 16, 1], "texture": "#0"},
				"west": {"uv": [0, 0, 16, 1], "texture": "#0"},
				"up": {"uv": [0, 0, 16, 16], "texture": "#0"},
				"down": {"uv": [0, 0, 16, 16], "texture": "#1"}
			}
		},
		{
			"from": [0, 15, 0],
			"to": [16, 16, 16],
			"faces": {
				"north": {"uv": [0, 0, 16, 1], "texture": "#0"},
				"east": {"uv": [0, 0, 16, 1], "texture": "#0"},
				"south": {"uv": [0, 0, 16, 1], "texture": "#0"},
				"west": {"uv": [0, 0, 16, 1], "texture": "#0"},
				"up": {"uv": [0, 0, 16, 16], "texture": "#1"},
				"down": {"uv": [0, 0, 16, 16], "texture": "#0"}
			}
		},
		{
			"from": [15, 1, 0],
			"to": [16, 15, 1],
			"faces": {
				"north": {"uv": [0, 0, 1, 14], "texture": "#0"},
				"east": {"uv": [0, 0, 1, 14], "texture": "#0"},
				"south": {"uv": [0, 0, 1, 14], "texture": "#0"},
				"west": {"uv": [0, 0, 1, 14], "texture": "#0"}
			}
		},
		{
			"from": [15, 1, 15],
			"to": [16, 15, 16],
			"faces": {
				"north": {"uv": [0, 0, 1, 14], "texture": "#0"},
				"east": {"uv": [0, 0, 1, 14], "texture": "#0"},
				"south": {"uv": [0, 0, 1, 14], "texture": "#0"},
				"west": {"uv": [0, 0, 1, 14], "texture": "#0"}
			}
		},
		{
			"from": [0, 1, 15],
			"to": [1, 15, 16],
			"faces": {
				"north": {"uv": [0, 0, 1, 14], "texture": "#0"},
				"east": {"uv": [0, 0, 1, 14], "texture": "#0"},
				"south": {"uv": [0, 0, 1, 14], "texture": "#0"},
				"west": {"uv": [0, 0, 1, 14], "texture": "#0"}
			}
		},
		{
			"from": [1, 1, 1],
			"to": [15, 15, 15],
			"faces": {
				"north": {"uv": [1, 1, 15, 15], "texture": "#2"},
				"east": {"uv": [1, 1, 15, 15], "texture": "#2"},
				"south": {"uv": [1, 1, 15, 15], "texture": "#2"},
				"west": {"uv": [1, 1, 15, 15], "texture": "#2"}
			}
		},
		{
			"from": [0, 1, 0],
			"to": [1, 15, 1],
			"faces": {
				"north": {"uv": [0, 0, 1, 14], "texture": "#0"},
				"east": {"uv": [0, 0, 1, 14], "texture": "#0"},
				"south": {"uv": [0, 0, 1, 14], "texture": "#0"},
				"west": {"uv": [0, 0, 1, 14], "texture": "#0"}
			}
		},
		{
			"from": [1, 7, 0],
			"to": [15, 9, 1],
			"faces": {
				"north": {"uv": [1, 7, 15, 9], "texture": "#0"},
				"up": {"uv": [0, 0, 14, 1], "texture": "#0"},
				"down": {"uv": [0, 0, 14, 1], "texture": "#0"}
			}
		},
		{
			"from": [0, 7, 1],
			"to": [1, 9, 15],
			"rotation": {"angle": 0, "axis": "y", "origin": [8, 8, 8]},
			"faces": {
				"west": {"uv": [1, 7, 15, 9], "texture": "#0"},
				"up": {"uv": [0, 0, 14, 1], "rotation": 270, "texture": "#0"},
				"down": {"uv": [0, 0, 14, 1], "rotation": 90, "texture": "#0"}
			}
		},
		{
			"from": [1, 7, 15],
			"to": [15, 9, 16],
			"rotation": {"angle": 0, "axis": "y", "origin": [8, 8, 8]},
			"faces": {
				"south": {"uv": [1, 7, 15, 9], "texture": "#0"},
				"up": {"uv": [0, 0, 14, 1], "rotation": 180, "texture": "#0"},
				"down": {"uv": [0, 0, 14, 1], "rotation": 180, "texture": "#0"}
			}
		},
		{
			"from": [15, 7, 1],
			"to": [16, 9, 15],
			"rotation": {"angle": 0, "axis": "y", "origin": [8, 8, 8]},
			"faces": {
				"east": {"uv": [1, 7, 15, 9], "texture": "#0"},
				"up": {"uv": [0, 0, 14, 1], "rotation": 90, "texture": "#0"},
				"down": {"uv": [0, 0, 14, 1], "rotation": 270, "texture": "#0"}
			}
		},
		{
			"from": [14.75, 9, 5],
			"to": [15.75, 14, 7],
			"rotation": {"angle": 0, "axis": "y", "origin": [8, 7.05154, 7.93934]},
			"faces": {
				"north": {"uv": [10, 2, 11, 7], "texture": "#0", "cullface": "east"},
				"east": {"uv": [9, 2, 11, 7], "texture": "#0", "cullface": "east"},
				"south": {"uv": [9, 2, 10, 7], "texture": "#0", "cullface": "east"},
				"up": {"uv": [9, 2, 11, 3], "rotation": 270, "texture": "#0", "cullface": "east"}
			}
		},
		{
			"from": [14.75, 9, 2],
			"to": [15.75, 15, 4],
			"rotation": {"angle": 0, "axis": "y", "origin": [8, 7.05154, 7.93934]},
			"faces": {
				"north": {"uv": [13, 1, 14, 7], "texture": "#0", "cullface": "east"},
				"east": {"uv": [12, 1, 14, 7], "texture": "#0", "cullface": "east"},
				"south": {"uv": [12, 1, 13, 7], "texture": "#0", "cullface": "east"}
			}
		},
		{
			"from": [14.75, 1, 8],
			"to": [15.75, 7, 10],
			"rotation": {"angle": 0, "axis": "y", "origin": [8, 7.05154, 7.93934]},
			"faces": {
				"north": {"uv": [7, 9, 8, 15], "texture": "#0", "cullface": "east"},
				"east": {"uv": [6, 9, 8, 15], "texture": "#0", "cullface": "east"},
				"south": {"uv": [6, 9, 7, 15], "texture": "#0", "cullface": "east"}
			}
		},
		{
			"from": [14.5, 9, 10],
			"to": [15.75, 14, 12],
			"rotation": {"angle": 0, "axis": "y", "origin": [8, 7.05154, 7.93934]},
			"faces": {
				"north": {"uv": [5, 2, 6, 7], "texture": "#0", "cullface": "east"},
				"east": {"uv": [4, 2, 6, 7], "texture": "#0", "cullface": "east"},
				"south": {"uv": [4, 2, 5, 7], "texture": "#0", "cullface": "east"},
				"up": {"uv": [4, 2, 6, 3], "rotation": 270, "texture": "#0", "cullface": "east"}
			}
		},
		{
			"from": [15, 1, 13],
			"to": [15.75, 6, 15],
			"rotation": {"angle": 0, "axis": "y", "origin": [8, 7.05154, 7.93934]},
			"faces": {
				"north": {"uv": [2, 10, 3, 15], "texture": "#0", "cullface": "east"},
				"east": {"uv": [1, 10, 3, 15], "texture": "#0", "cullface": "east"},
				"up": {"uv": [1, 10, 3, 11], "rotation": 270, "texture": "#0", "cullface": "east"}
			}
		},
		{
			"from": [14.5, 1, 10],
			"to": [15.5, 6, 12],
			"rotation": {"angle": 0, "axis": "y", "origin": [8, 7.05154, 7.93934]},
			"faces": {
				"east": {"uv": [4, 10, 6, 15], "texture": "#0", "cullface": "east"},
				"south": {"uv": [4, 10, 5, 15], "texture": "#0", "cullface": "east"},
				"up": {"uv": [4, 10, 6, 11], "rotation": 270, "texture": "#0", "cullface": "east"}
			}
		},
		{
			"from": [14.5, 1, 3],
			"to": [16, 6, 5],
			"rotation": {"angle": 0, "axis": "y", "origin": [8, 7.05154, 7.93934]},
			"faces": {
				"north": {"uv": [12, 10, 13, 15], "texture": "#0", "cullface": "east"},
				"east": {"uv": [11, 10, 13, 15], "texture": "#0", "cullface": "east"},
				"south": {"uv": [11, 10, 12, 15], "texture": "#0", "cullface": "east"},
				"up": {"uv": [11, 10, 13, 11], "rotation": 270, "texture": "#0", "cullface": "east"}
			}
		},
		{
			"from": [14.5, 1, 1],
			"to": [15.5, 5, 3],
			"rotation": {"angle": 0, "axis": "y", "origin": [8, 7.05154, 7.93934]},
			"faces": {
				"east": {"uv": [13, 11, 15, 15], "texture": "#0", "cullface": "east"},
				"up": {"uv": [13, 11, 15, 12], "rotation": 270, "texture": "#0", "cullface": "east"}
			}
		},
		{
			"from": [14.5, 1, 12],
			"to": [15.25, 5, 13],
			"rotation": {"angle": 0, "axis": "y", "origin": [8, 7.05154, 7.93934]},
			"faces": {
				"east": {"uv": [3, 11, 4, 15], "texture": "#0", "cullface": "east"},
				"up": {"uv": [3, 11, 4, 12], "rotation": 270, "texture": "#0", "cullface": "east"}
			}
		},
		{
			"from": [14.5, 9, 1],
			"to": [15.25, 13, 2],
			"rotation": {"angle": 0, "axis": "y", "origin": [8, 7.05154, 7.93934]},
			"faces": {
				"east": {"uv": [14, 3, 15, 7], "texture": "#0", "cullface": "east"},
				"up": {"uv": [14, 3, 15, 4], "texture": "#0", "cullface": "east"}
			}
		},
		{
			"from": [14.5, 8.63488, 9.21833],
			"to": [15.5, 12.63488, 10.21833],
			"rotation": {"angle": -22.5, "axis": "x", "origin": [8, 7.05154, 7.93934]},
			"faces": {
				"north": {"uv": [11, 11, 12, 15], "texture": "#0", "cullface": "east"},
				"east": {"uv": [11, 11, 12, 15], "texture": "#0", "cullface": "east"},
				"south": {"uv": [11, 11, 12, 15], "texture": "#0", "cullface": "east"},
				"west": {"uv": [0, 0, 2, 5], "texture": "#missing"},
				"up": {"uv": [11, 10, 12, 11], "texture": "#0", "cullface": "east"},
				"down": {"uv": [12, 14, 13, 15], "texture": "#0"}
			}
		},
		{
			"from": [14.5, 9, 14],
			"to": [15.5, 13, 15],
			"rotation": {"angle": 0, "axis": "y", "origin": [8, 7.05154, 7.93934]},
			"faces": {
				"north": {"uv": [1, 3, 2, 7], "texture": "#0", "cullface": "east"},
				"east": {"uv": [1, 3, 2, 7], "texture": "#0", "cullface": "east"},
				"up": {"uv": [1, 3, 2, 4], "rotation": 270, "texture": "#0", "cullface": "east"}
			}
		},
		{
			"from": [14.5, 0.87491, 7.23614],
			"to": [15.75, 4.87491, 8.98614],
			"rotation": {"angle": 22.5, "axis": "x", "origin": [8, 7.05154, 7.93934]},
			"faces": {
				"north": {"uv": [5, 2, 6, 7], "texture": "#0", "cullface": "east"},
				"east": {"uv": [4, 2, 6, 7], "texture": "#0", "cullface": "east"},
				"south": {"uv": [4, 2, 5, 7], "texture": "#0", "cullface": "east"},
				"west": {"uv": [0, 0, 2, 5], "texture": "#missing"},
				"up": {"uv": [4, 2, 5, 3], "rotation": 270, "texture": "#0", "cullface": "east"},
				"down": {"uv": [4, 6, 6, 7], "rotation": 90, "texture": "#0"}
			}
		},
		{
			"from": [5, 9, 0.18934],
			"to": [7, 14, 1.18934],
			"rotation": {"angle": 0, "axis": "y", "origin": [7.98544, 7.05811, 0.83357]},
			"faces": {
				"north": {"uv": [9, 2, 11, 7], "texture": "#0", "cullface": "north"},
				"east": {"uv": [9, 2, 10, 7], "texture": "#0", "cullface": "north"},
				"west": {"uv": [10, 2, 11, 7], "texture": "#0", "cullface": "north"},
				"up": {"uv": [9, 2, 11, 3], "rotation": 180, "texture": "#0", "cullface": "north"}
			}
		},
		{
			"from": [2, 9, 0.18934],
			"to": [4, 15, 1.18934],
			"rotation": {"angle": 0, "axis": "y", "origin": [7.98544, 7.05811, 0.83357]},
			"faces": {
				"north": {"uv": [12, 1, 14, 7], "texture": "#0", "cullface": "north"},
				"east": {"uv": [12, 1, 13, 7], "texture": "#0", "cullface": "north"},
				"west": {"uv": [13, 1, 14, 7], "texture": "#0", "cullface": "north"}
			}
		},
		{
			"from": [8, 1, 0.18934],
			"to": [10, 7, 1.18934],
			"rotation": {"angle": 0, "axis": "y", "origin": [7.98544, 7.05811, 0.83357]},
			"faces": {
				"north": {"uv": [6, 9, 8, 15], "texture": "#0", "cullface": "north"},
				"east": {"uv": [6, 9, 7, 15], "texture": "#0", "cullface": "north"},
				"west": {"uv": [7, 9, 8, 15], "texture": "#0", "cullface": "north"}
			}
		},
		{
			"from": [10, 9, 0.18934],
			"to": [12, 14, 1.43934],
			"rotation": {"angle": 0, "axis": "y", "origin": [7.98544, 7.05811, 0.83357]},
			"faces": {
				"north": {"uv": [4, 2, 6, 7], "texture": "#0", "cullface": "north"},
				"east": {"uv": [4, 2, 5, 7], "texture": "#0", "cullface": "north"},
				"west": {"uv": [5, 2, 6, 7], "texture": "#0", "cullface": "north"},
				"up": {"uv": [4, 2, 6, 3], "rotation": 180, "texture": "#0", "cullface": "north"}
			}
		},
		{
			"from": [13, 1, 0.18934],
			"to": [15, 6, 0.93934],
			"rotation": {"angle": 0, "axis": "y", "origin": [7.98544, 7.05811, 0.83357]},
			"faces": {
				"north": {"uv": [1, 10, 3, 15], "texture": "#0", "cullface": "north"},
				"south": {"uv": [0, 0, 2, 5], "texture": "#missing"},
				"west": {"uv": [2, 10, 3, 15], "texture": "#0", "cullface": "north"},
				"up": {"uv": [1, 10, 3, 11], "rotation": 180, "texture": "#0", "cullface": "north"}
			}
		},
		{
			"from": [10.06066, 1, 0.43934],
			"to": [12.06066, 6, 1.43934],
			"rotation": {"angle": 0, "axis": "y", "origin": [7.98544, 7.05811, 0.83357]},
			"faces": {
				"north": {"uv": [4, 10, 6, 15], "texture": "#0", "cullface": "north"},
				"east": {"uv": [4, 10, 5, 15], "texture": "#0", "cullface": "north"},
				"west": {"uv": [5, 10, 6, 15], "texture": "#0", "cullface": "north"},
				"up": {"uv": [4, 10, 6, 11], "rotation": 180, "texture": "#0", "cullface": "north"}
			}
		},
		{
			"from": [3, 1, -0.06066],
			"to": [5, 6, 1.43934],
			"rotation": {"angle": 0, "axis": "y", "origin": [7.98544, 7.05811, 0.83357]},
			"faces": {
				"north": {"uv": [11, 10, 13, 15], "texture": "#0", "cullface": "north"},
				"east": {"uv": [11, 10, 12, 15], "texture": "#0", "cullface": "north"},
				"west": {"uv": [12, 10, 13, 15], "texture": "#0", "cullface": "north"},
				"up": {"uv": [11, 10, 13, 11], "rotation": 180, "texture": "#0", "cullface": "north"},
				"down": {"uv": [0, 0, 1, 2], "rotation": 90, "texture": "#missing"}
			}
		},
		{
			"from": [1, 1, 0.43934],
			"to": [3, 5, 1.43934],
			"rotation": {"angle": 0, "axis": "y", "origin": [7.98544, 7.05811, 0.83357]},
			"faces": {
				"north": {"uv": [13, 11, 15, 15], "texture": "#0", "cullface": "north"},
				"up": {"uv": [13, 11, 15, 12], "rotation": 180, "texture": "#0", "cullface": "north"}
			}
		},
		{
			"from": [12.06066, 1, 0.68934],
			"to": [13.06066, 5, 1.43934],
			"rotation": {"angle": 0, "axis": "y", "origin": [7.98544, 7.05811, 0.83357]},
			"faces": {
				"north": {"uv": [3, 11, 4, 15], "texture": "#0", "cullface": "north"},
				"east": {"uv": [11, 10, 12, 15], "texture": "#0", "cullface": "north"},
				"up": {"uv": [3, 11, 4, 12], "rotation": 180, "texture": "#0", "cullface": "north"}
			}
		},
		{
			"from": [1, 9, 0.68934],
			"to": [2, 13, 1.43934],
			"rotation": {"angle": 0, "axis": "y", "origin": [7.98544, 7.05811, 0.83357]},
			"faces": {
				"north": {"uv": [14, 3, 15, 7], "texture": "#0", "cullface": "north"},
				"up": {"uv": [14, 3, 15, 4], "rotation": 270, "texture": "#0", "cullface": "north"}
			}
		},
		{
			"from": [9.26124, 8.67625, 0.43934],
			"to": [10.26124, 12.67625, 1.43934],
			"rotation": {"angle": 22.5, "axis": "z", "origin": [7.98544, 7.05811, 0.83357]},
			"faces": {
				"north": {"uv": [11, 11, 12, 15], "texture": "#0", "cullface": "north"},
				"east": {"uv": [11, 11, 12, 15], "texture": "#0", "cullface": "north"},
				"south": {"uv": [0, 0, 2, 5], "texture": "#missing"},
				"west": {"uv": [11, 11, 12, 15], "texture": "#0", "cullface": "north"},
				"up": {"uv": [11, 10, 12, 11], "rotation": 270, "texture": "#0", "cullface": "north"},
				"down": {"uv": [12, 14, 13, 15], "rotation": 90, "texture": "#0"}
			}
		},
		{
			"from": [14, 9, 0.43934],
			"to": [15, 13, 1.43934],
			"rotation": {"angle": 0, "axis": "y", "origin": [7.98544, 7.05811, 0.83357]},
			"faces": {
				"north": {"uv": [1, 3, 2, 7], "texture": "#0", "cullface": "north"},
				"west": {"uv": [1, 3, 2, 7], "texture": "#0", "cullface": "north"},
				"up": {"uv": [1, 3, 2, 4], "rotation": 180, "texture": "#0", "cullface": "north"}
			}
		},
		{
			"from": [7.13346, 0.86466, 0.18934],
			"to": [8.88346, 4.86466, 1.43934],
			"rotation": {"angle": -22.5, "axis": "z", "origin": [7.98544, 7.05811, 0.83357]},
			"faces": {
				"north": {"uv": [4, 2, 6, 7], "texture": "#0", "cullface": "north"},
				"east": {"uv": [4, 2, 5, 7], "texture": "#0", "cullface": "north"},
				"south": {"uv": [0, 0, 2, 5], "texture": "#missing"},
				"west": {"uv": [5, 2, 6, 7], "texture": "#0", "cullface": "north"},
				"up": {"uv": [4, 2, 5, 3], "rotation": 180, "texture": "#0", "cullface": "north"},
				"down": {"uv": [4, 6, 6, 7], "rotation": 180, "texture": "#0"}
			}
		},
		{
			"from": [0.25, 9, 8.97867],
			"to": [1.25, 14, 10.97867],
			"rotation": {"angle": 0, "axis": "y", "origin": [8, 7.05154, 7.93934]},
			"faces": {
				"north": {"uv": [9, 2, 10, 7], "texture": "#0", "cullface": "west"},
				"south": {"uv": [10, 2, 11, 7], "texture": "#0", "cullface": "west"},
				"west": {"uv": [9, 2, 11, 7], "texture": "#0", "cullface": "west"},
				"up": {"uv": [9, 2, 11, 3], "rotation": 90, "texture": "#0", "cullface": "west"}
			}
		},
		{
			"from": [0.25, 9, 11.97867],
			"to": [1.25, 15, 13.97867],
			"rotation": {"angle": 0, "axis": "y", "origin": [8, 7.05154, 7.93934]},
			"faces": {
				"north": {"uv": [12, 1, 13, 7], "texture": "#0", "cullface": "west"},
				"south": {"uv": [13, 1, 14, 7], "texture": "#0", "cullface": "west"},
				"west": {"uv": [12, 1, 14, 7], "texture": "#0", "cullface": "west"}
			}
		},
		{
			"from": [0.25, 1, 5.97867],
			"to": [1.25, 7, 7.97867],
			"rotation": {"angle": 0, "axis": "y", "origin": [8, 7.05154, 7.93934]},
			"faces": {
				"north": {"uv": [6, 9, 7, 15], "texture": "#0", "cullface": "west"},
				"south": {"uv": [7, 9, 8, 15], "texture": "#0", "cullface": "west"},
				"west": {"uv": [6, 9, 8, 15], "texture": "#0", "cullface": "west"}
			}
		},
		{
			"from": [0.25, 9, 3.97867],
			"to": [1.5, 14, 5.97867],
			"rotation": {"angle": 0, "axis": "y", "origin": [8, 7.05154, 7.93934]},
			"faces": {
				"north": {"uv": [4, 2, 5, 7], "texture": "#0", "cullface": "west"},
				"south": {"uv": [5, 2, 6, 7], "texture": "#0", "cullface": "west"},
				"west": {"uv": [4, 2, 6, 7], "texture": "#0", "cullface": "west"},
				"up": {"uv": [4, 2, 6, 3], "rotation": 90, "texture": "#0", "cullface": "west"}
			}
		},
		{
			"from": [0.25, 1, 0.97867],
			"to": [1, 6, 2.97867],
			"rotation": {"angle": 0, "axis": "y", "origin": [8, 7.05154, 7.93934]},
			"faces": {
				"south": {"uv": [2, 10, 3, 15], "texture": "#0", "cullface": "west"},
				"west": {"uv": [1, 10, 3, 15], "texture": "#0", "cullface": "west"},
				"up": {"uv": [1, 10, 3, 11], "rotation": 90, "texture": "#0", "cullface": "west"}
			}
		},
		{
			"from": [0.5, 1, 3.97867],
			"to": [1.5, 6, 5.97867],
			"rotation": {"angle": 0, "axis": "y", "origin": [8, 7.05154, 7.93934]},
			"faces": {
				"north": {"uv": [4, 10, 5, 15], "texture": "#0", "cullface": "west"},
				"west": {"uv": [4, 10, 6, 15], "texture": "#0", "cullface": "west"},
				"up": {"uv": [4, 10, 6, 11], "rotation": 90, "texture": "#0", "cullface": "west"}
			}
		},
		{
			"from": [0, 1, 10.97867],
			"to": [1.5, 6, 12.97867],
			"rotation": {"angle": 0, "axis": "y", "origin": [8, 7.05154, 7.93934]},
			"faces": {
				"north": {"uv": [11, 10, 12, 15], "texture": "#0", "cullface": "west"},
				"south": {"uv": [12, 10, 13, 15], "texture": "#0", "cullface": "west"},
				"west": {"uv": [11, 10, 13, 15], "texture": "#0", "cullface": "west"},
				"up": {"uv": [11, 10, 13, 11], "rotation": 90, "texture": "#0", "cullface": "west"}
			}
		},
		{
			"from": [0.5, 1, 12.97867],
			"to": [1.5, 5, 14.97867],
			"rotation": {"angle": 0, "axis": "y", "origin": [8, 7.05154, 7.93934]},
			"faces": {
				"south": {"uv": [12, 10, 13, 15], "texture": "#0", "cullface": "west"},
				"west": {"uv": [13, 11, 15, 15], "texture": "#0", "cullface": "west"},
				"up": {"uv": [13, 11, 15, 12], "rotation": 90, "texture": "#0", "cullface": "west"}
			}
		},
		{
			"from": [0.75, 1, 2.97867],
			"to": [1.5, 5, 3.97867],
			"rotation": {"angle": 0, "axis": "y", "origin": [8, 7.05154, 7.93934]},
			"faces": {
				"west": {"uv": [3, 11, 4, 15], "texture": "#0", "cullface": "west"},
				"up": {"uv": [3, 11, 4, 12], "rotation": 90, "texture": "#0", "cullface": "west"}
			}
		},
		{
			"from": [0.75, 9, 13.97867],
			"to": [1.5, 13, 14.97867],
			"rotation": {"angle": 0, "axis": "y", "origin": [8, 7.05154, 7.93934]},
			"faces": {
				"south": {"uv": [3, 11, 4, 15], "texture": "#0", "cullface": "west"},
				"west": {"uv": [14, 3, 15, 7], "texture": "#0", "cullface": "west"},
				"up": {"uv": [14, 3, 15, 4], "rotation": 180, "texture": "#0", "cullface": "west"}
			}
		},
		{
			"from": [0.5, 9.63488, 6.96034],
			"to": [1.5, 13.63488, 7.96034],
			"rotation": {"angle": 22.5, "axis": "x", "origin": [1, 10.63488, 6.26034]},
			"faces": {
				"north": {"uv": [11, 11, 12, 15], "texture": "#0", "cullface": "west"},
				"east": {"uv": [0, 0, 2, 5], "texture": "#missing"},
				"south": {"uv": [11, 11, 12, 15], "texture": "#0", "cullface": "west"},
				"west": {"uv": [11, 11, 12, 15], "texture": "#0", "cullface": "west"},
				"up": {"uv": [11, 10, 12, 11], "rotation": 180, "texture": "#0", "cullface": "west"},
				"down": {"uv": [12, 14, 13, 15], "rotation": 180, "texture": "#0"}
			}
		},
		{
			"from": [0.5, 9, 0.97867],
			"to": [1.5, 13, 1.97867],
			"rotation": {"angle": 0, "axis": "y", "origin": [8, 7.05154, 7.93934]},
			"faces": {
				"south": {"uv": [1, 3, 2, 7], "texture": "#0", "cullface": "west"},
				"west": {"uv": [1, 3, 2, 7], "texture": "#0", "cullface": "west"},
				"up": {"uv": [1, 3, 2, 4], "rotation": 90, "texture": "#0", "cullface": "west"}
			}
		},
		{
			"from": [0.25, 0.47491, 8.64253],
			"to": [1.5, 4.47491, 10.39253],
			"rotation": {"angle": -22.5, "axis": "x", "origin": [0.875, 2.87491, 7.86753]},
			"faces": {
				"north": {"uv": [4, 2, 5, 7], "texture": "#0", "cullface": "west"},
				"east": {"uv": [0, 0, 2, 5], "texture": "#missing"},
				"south": {"uv": [5, 2, 6, 7], "texture": "#0", "cullface": "west"},
				"west": {"uv": [4, 2, 6, 7], "texture": "#0", "cullface": "west"},
				"up": {"uv": [4, 2, 5, 3], "rotation": 90, "texture": "#0", "cullface": "west"},
				"down": {"uv": [4, 6, 6, 7], "rotation": 270, "texture": "#0"}
			}
		},
		{
			"from": [8.98934, 9, 14.68934],
			"to": [10.98934, 14, 15.68934],
			"rotation": {"angle": 0, "axis": "y", "origin": [8.05, 7.05154, 7.93934]},
			"faces": {
				"east": {"uv": [10, 2, 11, 7], "texture": "#0", "cullface": "south"},
				"south": {"uv": [9, 2, 11, 7], "texture": "#0", "cullface": "south"},
				"west": {"uv": [9, 2, 10, 7], "texture": "#0", "cullface": "south"},
				"up": {"uv": [9, 2, 11, 3], "texture": "#0", "cullface": "south"}
			}
		},
		{
			"from": [11.98934, 9, 14.68934],
			"to": [13.98934, 15, 15.68934],
			"rotation": {"angle": 0, "axis": "y", "origin": [8.05, 7.05154, 7.93934]},
			"faces": {
				"east": {"uv": [13, 1, 14, 7], "texture": "#0", "cullface": "south"},
				"south": {"uv": [12, 1, 14, 7], "texture": "#0", "cullface": "south"},
				"west": {"uv": [12, 1, 13, 7], "texture": "#0", "cullface": "south"}
			}
		},
		{
			"from": [5.98934, 1, 14.68934],
			"to": [7.98934, 7, 15.68934],
			"rotation": {"angle": 0, "axis": "y", "origin": [8.05, 7.05154, 7.93934]},
			"faces": {
				"east": {"uv": [7, 9, 8, 15], "texture": "#0", "cullface": "south"},
				"south": {"uv": [6, 9, 8, 15], "texture": "#0", "cullface": "south"},
				"west": {"uv": [6, 9, 7, 15], "texture": "#0", "cullface": "south"}
			}
		},
		{
			"from": [3.98934, 9, 14.43934],
			"to": [5.98934, 14, 15.68934],
			"rotation": {"angle": 0, "axis": "y", "origin": [8.05, 7.05154, 7.93934]},
			"faces": {
				"east": {"uv": [5, 2, 6, 7], "texture": "#0", "cullface": "south"},
				"south": {"uv": [4, 2, 6, 7], "texture": "#0", "cullface": "south"},
				"west": {"uv": [4, 2, 5, 7], "texture": "#0", "cullface": "south"},
				"up": {"uv": [4, 2, 6, 3], "texture": "#0", "cullface": "south"}
			}
		},
		{
			"from": [0.98934, 1, 14.93934],
			"to": [2.98934, 6, 15.68934],
			"rotation": {"angle": 0, "axis": "y", "origin": [8.05, 7.05154, 7.93934]},
			"faces": {
				"north": {"uv": [0, 0, 2, 5], "texture": "#missing"},
				"east": {"uv": [2, 10, 3, 15], "texture": "#0", "cullface": "south"},
				"south": {"uv": [1, 10, 3, 15], "texture": "#0", "cullface": "south"},
				"west": {"uv": [4, 2, 5, 7], "texture": "#0", "cullface": "south"},
				"up": {"uv": [1, 10, 3, 11], "texture": "#0", "cullface": "south"}
			}
		},
		{
			"from": [3.98934, 1, 14.43934],
			"to": [5.98934, 6, 15.43934],
			"rotation": {"angle": 0, "axis": "y", "origin": [8.05, 7.05154, 7.93934]},
			"faces": {
				"south": {"uv": [4, 10, 6, 15], "texture": "#0", "cullface": "south"},
				"west": {"uv": [4, 10, 5, 15], "texture": "#0", "cullface": "south"},
				"up": {"uv": [4, 10, 6, 11], "texture": "#0", "cullface": "south"}
			}
		},
		{
			"from": [10.98934, 1, 14.43934],
			"to": [12.98934, 6, 15.93934],
			"rotation": {"angle": 0, "axis": "y", "origin": [8.05, 7.05154, 7.93934]},
			"faces": {
				"east": {"uv": [12, 10, 13, 15], "texture": "#0", "cullface": "south"},
				"south": {"uv": [11, 10, 13, 15], "texture": "#0", "cullface": "south"},
				"west": {"uv": [11, 10, 12, 15], "texture": "#0", "cullface": "south"},
				"up": {"uv": [11, 10, 13, 11], "texture": "#0", "cullface": "south"}
			}
		},
		{
			"from": [12.98934, 1, 14.43934],
			"to": [14.98934, 5, 15.43934],
			"rotation": {"angle": 0, "axis": "y", "origin": [8.05, 7.05154, 7.93934]},
			"faces": {
				"east": {"uv": [12, 10, 13, 15], "texture": "#0", "cullface": "south"},
				"south": {"uv": [13, 11, 15, 15], "texture": "#0", "cullface": "south"},
				"up": {"uv": [13, 11, 15, 12], "texture": "#0", "cullface": "south"}
			}
		},
		{
			"from": [2.98934, 1, 14.43934],
			"to": [3.98934, 5, 15.18934],
			"rotation": {"angle": 0, "axis": "y", "origin": [8.05, 7.05154, 7.93934]},
			"faces": {
				"south": {"uv": [3, 11, 4, 15], "texture": "#0", "cullface": "south"},
				"up": {"uv": [3, 11, 4, 12], "texture": "#0", "cullface": "south"}
			}
		},
		{
			"from": [13.98934, 9, 14.43934],
			"to": [14.98934, 13, 15.18934],
			"rotation": {"angle": 0, "axis": "y", "origin": [8.05, 7.05154, 7.93934]},
			"faces": {
				"east": {"uv": [3, 11, 4, 15], "texture": "#0", "cullface": "south"},
				"south": {"uv": [14, 3, 15, 7], "texture": "#0", "cullface": "south"},
				"up": {"uv": [14, 3, 15, 4], "rotation": 90, "texture": "#0", "cullface": "south"}
			}
		},
		{
			"from": [6.97101, 9.63488, 14.43934],
			"to": [7.97101, 13.63488, 15.43934],
			"rotation": {"angle": -22.5, "axis": "z", "origin": [6.27101, 10.63488, 14.93934]},
			"faces": {
				"north": {"uv": [0, 0, 2, 5], "texture": "#missing"},
				"east": {"uv": [11, 11, 12, 15], "texture": "#0", "cullface": "south"},
				"south": {"uv": [11, 11, 12, 15], "texture": "#0", "cullface": "south"},
				"west": {"uv": [11, 11, 12, 15], "texture": "#0", "cullface": "south"},
				"up": {"uv": [11, 10, 12, 11], "rotation": 90, "texture": "#0", "cullface": "south"},
				"down": {"uv": [12, 14, 13, 15], "rotation": 270, "texture": "#0"}
			}
		},
		{
			"from": [1.05, 9, 14.43934],
			"to": [2.05, 13, 15.43934],
			"rotation": {"angle": 0, "axis": "y", "origin": [8.05, 7.05154, 7.93934]},
			"faces": {
				"east": {"uv": [1, 3, 2, 7], "texture": "#0", "cullface": "south"},
				"south": {"uv": [1, 3, 2, 7], "texture": "#0", "cullface": "south"},
				"west": {"uv": [11, 10, 12, 15], "texture": "#0", "cullface": "south"},
				"up": {"uv": [1, 3, 2, 4], "texture": "#0", "cullface": "south"}
			}
		},
		{
			"from": [8.7032, 0.47491, 14.43934],
			"to": [10.4532, 4.47491, 15.68934],
			"rotation": {"angle": 22.5, "axis": "z", "origin": [7.8782, 2.87491, 15.06434]},
			"faces": {
				"north": {"uv": [0, 0, 2, 5], "texture": "#missing"},
				"east": {"uv": [5, 2, 6, 7], "texture": "#0", "cullface": "south"},
				"south": {"uv": [4, 2, 6, 7], "texture": "#0", "cullface": "south"},
				"west": {"uv": [4, 2, 5, 7], "texture": "#0", "cullface": "south"},
				"up": {"uv": [4, 2, 5, 3], "texture": "#0", "cullface": "south"},
				"down": {"uv": [4, 6, 6, 7], "texture": "#0"}
			}
		}
	],
	"display": {
		"thirdperson_righthand": {
			"rotation": [75, 45, 0],
			"translation": [0, 2.5, 0],
			"scale": [0.375, 0.375, 0.375]
		},
		"thirdperson_lefthand": {
			"rotation": [75, 45, 0],
			"translation": [0, 2.5, 0],
			"scale": [0.375, 0.375, 0.375]
		},
		"firstperson_righthand": {
			"rotation": [0, 45, 0],
			"scale": [0.4, 0.4, 0.4]
		},
		"firstperson_lefthand": {
			"rotation": [0, 225, 0],
			"scale": [0.4, 0.4, 0.4]
		},
		"ground": {
			"translation": [0, 3, 0],
			"scale": [0.25, 0.25, 0.25]
		},
		"gui": {
			"rotation": [30, 225, 0],
			"scale": [0.625, 0.625, 0.625]
		},
		"fixed": {
			"scale": [0.5, 0.5, 0.5]
		}
	},
	"groups": [
		{
			"name": "bookshelf",
			"origin": [8, 8, 8],
			"color": 0,
			"children": [
				0,
				1,
				2,
				3,
				4,
				5,
				6,
				7,
				8,
				9,
				10,
				{
					"name": "group",
					"origin": [8, 7.05154, 7.93934],
					"color": 0,
					"children": [11, 12, 13, 14, 15, 16, 17, 18, 19, 20, 21, 22, 23]
				},
				{
					"name": "group",
					"origin": [8, 7.05154, 7.93934],
					"color": 0,
					"children": [24, 25, 26, 27, 28, 29, 30, 31, 32, 33, 34, 35, 36]
				},
				{
					"name": "group",
					"origin": [8, 7.05154, 7.93934],
					"color": 0,
					"children": [37, 38, 39, 40, 41, 42, 43, 44, 45, 46, 47, 48, 49]
				},
				{
					"name": "group",
					"origin": [8, 7.05154, 7.93934],
					"color": 0,
					"children": [50, 51, 52, 53, 54, 55, 56, 57, 58, 59, 60, 61, 62]
				}
			]
		}
	]
}