{
	"credit": "Made with Blockbench by Valdr687",
	"ambientocclusion": false,
	"textures": {
		"particle": "block/bookshelf3",
		"1_0": "block/bookshelf3",
		"1_1": "block/bookshelf_top"
	},
	"elements": [
		{
			"from": [0, 0, 0],
			"to": [16, 1, 16],
			"faces": {
				"north": {"uv": [0, 0, 16, 1], "texture": "#1_0", "cullface": "north"},
				"east": {"uv": [0, 0, 16, 1], "texture": "#1_0", "cullface": "east"},
				"south": {"uv": [0, 0, 16, 1], "texture": "#1_0", "cullface": "south"},
				"west": {"uv": [0, 0, 16, 1], "texture": "#1_0", "cullface": "west"},
				"up": {"uv": [0, 0, 16, 16], "texture": "#1_0"},
				"down": {"uv": [0, 0, 16, 16], "texture": "#1_1", "cullface": "down"}
			}
		},
		{
			"from": [0, 15, 0],
			"to": [16, 16, 16],
			"faces": {
				"north": {"uv": [0, 0, 16, 1], "texture": "#1_0", "cullface": "north"},
				"east": {"uv": [0, 0, 16, 1], "texture": "#1_0", "cullface": "east"},
				"south": {"uv": [0, 0, 16, 1], "texture": "#1_0", "cullface": "south"},
				"west": {"uv": [0, 0, 16, 1], "texture": "#1_0", "cullface": "west"},
				"up": {"uv": [0, 0, 16, 16], "texture": "#1_1", "cullface": "up"},
				"down": {"uv": [0, 0, 16, 16], "texture": "#1_0", "cullface": "down"}
			}
		},
		{
			"from": [15, 1, 0],
			"to": [16, 15, 1],
			"faces": {
				"north": {"uv": [0, 0, 1, 14], "texture": "#1_0"},
				"east": {"uv": [0, 0, 1, 14], "texture": "#1_0"},
				"south": {"uv": [0, 0, 1, 14], "texture": "#1_0"},
				"west": {"uv": [0, 0, 1, 14], "texture": "#1_0"}
			}
		},
		{
			"from": [15, 1, 15],
			"to": [16, 15, 16],
			"faces": {
				"north": {"uv": [0, 0, 1, 14], "texture": "#1_0"},
				"east": {"uv": [0, 0, 1, 14], "texture": "#1_0"},
				"south": {"uv": [0, 0, 1, 14], "texture": "#1_0"},
				"west": {"uv": [0, 0, 1, 14], "texture": "#1_0"}
			}
		},
		{
			"from": [0, 1, 15],
			"to": [1, 15, 16],
			"faces": {
				"north": {"uv": [0, 0, 1, 14], "texture": "#1_0"},
				"east": {"uv": [0, 0, 1, 14], "texture": "#1_0"},
				"south": {"uv": [0, 0, 1, 14], "texture": "#1_0"},
				"west": {"uv": [0, 0, 1, 14], "texture": "#1_0"}
			}
		},
		{
			"from": [1, 1, 1],
			"to": [15, 15, 15],
			"faces": {
				"north": {"uv": [1, 1, 15, 15], "texture": "#1_0"},
				"east": {"uv": [1, 1, 15, 15], "texture": "#1_0"},
				"south": {"uv": [1, 1, 15, 15], "texture": "#1_0"},
				"west": {"uv": [1, 1, 15, 15], "texture": "#1_0"}
			}
		},
		{
			"from": [0, 1, 0],
			"to": [1, 15, 1],
			"faces": {
				"north": {"uv": [0, 0, 1, 14], "texture": "#1_0"},
				"east": {"uv": [0, 0, 1, 14], "texture": "#1_0"},
				"south": {"uv": [0, 0, 1, 14], "texture": "#1_0"},
				"west": {"uv": [0, 0, 1, 14], "texture": "#1_0"}
			}
		},
		{
			"from": [1, 7, 0],
			"to": [15, 9, 1],
			"faces": {
				"north": {"uv": [1, 7, 15, 9], "texture": "#1_0"},
				"up": {"uv": [0, 0, 14, 1], "texture": "#1_0"},
				"down": {"uv": [0, 0, 14, 1], "texture": "#1_0"}
			}
		},
		{
			"from": [0, 7, 1],
			"to": [1, 9, 15],
			"rotation": {"angle": 0, "axis": "y", "origin": [8, 8, 8]},
			"faces": {
				"west": {"uv": [1, 7, 15, 9], "texture": "#1_0"},
				"up": {"uv": [0, 0, 14, 1], "rotation": 270, "texture": "#1_0"},
				"down": {"uv": [0, 0, 14, 1], "rotation": 90, "texture": "#1_0"}
			}
		},
		{
			"from": [1, 7, 15],
			"to": [15, 9, 16],
			"rotation": {"angle": 0, "axis": "y", "origin": [8, 8, 8]},
			"faces": {
				"south": {"uv": [1, 7, 15, 9], "texture": "#1_0"},
				"up": {"uv": [0, 0, 14, 1], "rotation": 180, "texture": "#1_0"},
				"down": {"uv": [0, 0, 14, 1], "rotation": 180, "texture": "#1_0"}
			}
		},
		{
			"from": [15, 7, 1],
			"to": [16, 9, 15],
			"rotation": {"angle": 0, "axis": "y", "origin": [8, 8, 8]},
			"faces": {
				"east": {"uv": [1, 7, 15, 9], "texture": "#1_0"},
				"up": {"uv": [0, 0, 14, 1], "rotation": 90, "texture": "#1_0"},
				"down": {"uv": [0, 0, 14, 1], "rotation": 270, "texture": "#1_0"}
			}
		},
		{
			"from": [13, 1, 0.18934],
			"to": [15, 6, 1.18934],
			"rotation": {"angle": 0, "axis": "y", "origin": [8, 8, 8]},
			"faces": {
				"north": {"uv": [1, 10, 3, 15], "texture": "#1_0", "cullface": "north"},
				"west": {"uv": [2, 10, 3, 15], "texture": "#1_0", "cullface": "north"},
				"up": {"uv": [1, 10, 3, 11], "rotation": 180, "texture": "#1_0", "cullface": "north"}
			}
		},
		{
			"from": [1, 1, 0.68934],
			"to": [3, 5, 1.68934],
			"rotation": {"angle": 0, "axis": "y", "origin": [8, 8, 8]},
			"faces": {
				"north": {"uv": [13, 11, 15, 15], "texture": "#1_0", "cullface": "north"},
				"east": {"uv": [11, 10, 12, 15], "texture": "#1_0"},
				"up": {"uv": [13, 11, 15, 12], "rotation": 180, "texture": "#1_0", "cullface": "north"}
			}
		},
		{
			"from": [12.06066, 1, 0.43934],
			"to": [13.06066, 5, 1.68934],
			"rotation": {"angle": 0, "axis": "y", "origin": [8, 8, 8]},
			"faces": {
				"north": {"uv": [3, 11, 4, 15], "texture": "#1_0", "cullface": "north"},
				"west": {"uv": [3, 11, 4, 15], "texture": "#1_0", "cullface": "north"},
				"up": {"uv": [3, 11, 4, 15], "rotation": 270, "texture": "#1_0", "cullface": "north"}
			}
		},
		{
			"from": [9, 1, 0.18934],
			"to": [10, 5, 1.68934],
			"rotation": {"angle": 0, "axis": "y", "origin": [8, 8, 8]},
			"faces": {
				"north": {"uv": [6, 11, 7, 15], "texture": "#1_0", "cullface": "north"},
				"east": {"uv": [6, 11, 7, 15], "texture": "#1_0"},
				"west": {"uv": [6, 11, 7, 15], "texture": "#1_0", "cullface": "north"},
				"up": {"uv": [6, 11, 7, 12], "texture": "#1_0", "cullface": "north"}
			}
		},
		{
			"from": [3.8, 1.15, 0.18934],
			"to": [4.8, 5.15, 1.68934],
			"rotation": {"angle": 22.5, "axis": "z", "origin": [4.5, 3, 1.06434]},
			"faces": {
				"north": {"uv": [6, 11, 7, 15], "texture": "#1_0", "cullface": "north"},
				"east": {"uv": [6, 11, 7, 15], "texture": "#1_0"},
				"south": {"uv": [6, 11, 7, 15], "texture": "#1_0"},
				"west": {"uv": [6, 11, 7, 15], "texture": "#1_0", "cullface": "north"},
				"up": {"uv": [6, 11, 7, 12], "texture": "#1_0", "cullface": "north"},
				"down": {"uv": [6, 11, 7, 15], "texture": "#1_0"}
			}
		},
		{
			"from": [4.8, 0.75, 0.68934],
			"to": [5.8, 4.75, 1.68934],
			"rotation": {"angle": 22.5, "axis": "z", "origin": [4.5, 3, 1.06434]},
			"faces": {
				"north": {"uv": [3, 11, 4, 15], "texture": "#1_0", "cullface": "north"},
				"east": {"uv": [3, 11, 4, 15], "texture": "#1_0"},
				"south": {"uv": [3, 11, 4, 15], "texture": "#1_0"},
				"west": {"uv": [3, 11, 4, 15], "texture": "#1_0", "cullface": "north"},
				"up": {"uv": [3, 11, 4, 12], "texture": "#1_0", "cullface": "north"},
				"down": {"uv": [3, 15, 4, 15], "texture": "#1_0"}
			}
		},
		{
			"from": [10, 1, 0.43934],
			"to": [11, 5, 1.68934],
			"rotation": {"angle": 0, "axis": "y", "origin": [8, 8, 8]},
			"faces": {
				"north": {"uv": [5, 11, 6, 15], "texture": "#1_0", "cullface": "north"},
				"east": {"uv": [5, 11, 6, 15], "texture": "#1_0"},
				"up": {"uv": [5, 11, 6, 12], "texture": "#1_0", "cullface": "north"}
			}
		},
		{
			"from": [8, 1, 0.68934],
			"to": [9, 5, 1.68934],
			"rotation": {"angle": 0, "axis": "y", "origin": [8, 8, 8]},
			"faces": {
				"north": {"uv": [7, 11, 8, 15], "texture": "#1_0", "cullface": "north"},
				"west": {"uv": [7, 11, 8, 15], "texture": "#1_0", "cullface": "north"},
				"up": {"uv": [7, 11, 8, 12], "texture": "#1_0", "cullface": "north"}
			}
		},
		{
			"from": [14.81066, 1, 13],
			"to": [15.81066, 6, 15],
			"rotation": {"angle": 0, "axis": "y", "origin": [8, 8, 8]},
			"faces": {
				"north": {"uv": [2, 10, 3, 15], "texture": "#1_0", "cullface": "east"},
				"east": {"uv": [1, 10, 3, 15], "texture": "#1_0", "cullface": "east"},
				"up": {"uv": [1, 10, 3, 11], "rotation": 270, "texture": "#1_0", "cullface": "east"}
			}
		},
		{
			"from": [14.31066, 1, 1],
			"to": [15.31066, 5, 3],
			"rotation": {"angle": 0, "axis": "y", "origin": [8, 8, 8]},
			"faces": {
				"east": {"uv": [13, 11, 15, 15], "texture": "#1_0", "cullface": "east"},
				"south": {"uv": [11, 10, 12, 15], "texture": "#1_0"},
				"up": {"uv": [13, 11, 15, 12], "rotation": 270, "texture": "#1_0", "cullface": "east"}
			}
		},
		{
			"from": [14.31066, 1, 12.06066],
			"to": [15.56066, 5, 13.06066],
			"rotation": {"angle": 0, "axis": "y", "origin": [8, 8, 8]},
			"faces": {
				"north": {"uv": [3, 11, 4, 15], "texture": "#1_0", "cullface": "east"},
				"east": {"uv": [3, 11, 4, 15], "texture": "#1_0", "cullface": "east"},
				"up": {"uv": [3, 11, 4, 15], "texture": "#1_0", "cullface": "east"}
			}
		},
		{
			"from": [14.31066, 1, 9],
			"to": [15.81066, 5, 10],
			"rotation": {"angle": 0, "axis": "y", "origin": [8, 8, 8]},
			"faces": {
				"north": {"uv": [6, 11, 7, 15], "texture": "#1_0", "cullface": "east"},
				"east": {"uv": [6, 11, 7, 15], "texture": "#1_0", "cullface": "east"},
				"south": {"uv": [6, 11, 7, 15], "texture": "#1_0"},
				"up": {"uv": [6, 11, 7, 12], "rotation": 90, "texture": "#1_0", "cullface": "east"}
			}
		},
		{
			"from": [14.375, 1.275, 3.76434],
			"to": [15.875, 5.275, 4.76434],
			"rotation": {"angle": -22.5, "axis": "x", "origin": [15.125, 3.15, 4.86434]},
			"faces": {
				"north": {"uv": [6, 11, 7, 15], "texture": "#1_0", "cullface": "east"},
				"east": {"uv": [6, 11, 7, 15], "texture": "#1_0", "cullface": "east"},
				"south": {"uv": [6, 11, 7, 15], "texture": "#1_0"},
				"west": {"uv": [6, 11, 7, 15], "texture": "#1_0"},
				"up": {"uv": [6, 11, 7, 12], "rotation": 90, "texture": "#1_0", "cullface": "east"},
				"down": {"uv": [6, 11, 7, 15], "rotation": 270, "texture": "#1_0"}
			}
		},
		{
			"from": [14.875, 1.5, 5.06434],
			"to": [15.875, 5.5, 6.06434],
			"rotation": {"angle": -22.5, "axis": "x", "origin": [15.375, 2.75, 6.61434]},
			"faces": {
				"north": {"uv": [3, 11, 4, 15], "texture": "#1_0", "cullface": "east"},
				"east": {"uv": [3, 11, 4, 15], "texture": "#1_0", "cullface": "east"},
				"south": {"uv": [3, 11, 4, 15], "texture": "#1_0"},
				"west": {"uv": [3, 11, 4, 15], "texture": "#1_0"},
				"up": {"uv": [3, 11, 4, 12], "rotation": 90, "texture": "#1_0", "cullface": "east"},
				"down": {"uv": [3, 15, 4, 15], "rotation": 270, "texture": "#1_0"}
			}
		},
		{
			"from": [14.31066, 1, 10],
			"to": [15.56066, 5, 11],
			"rotation": {"angle": 0, "axis": "y", "origin": [8, 8, 8]},
			"faces": {
				"east": {"uv": [5, 11, 6, 15], "texture": "#1_0", "cullface": "east"},
				"south": {"uv": [5, 11, 6, 15], "texture": "#1_0"},
				"up": {"uv": [5, 11, 6, 12], "rotation": 90, "texture": "#1_0", "cullface": "east"}
			}
		},
		{
			"from": [14.31066, 1, 8],
			"to": [15.31066, 5, 9],
			"rotation": {"angle": 0, "axis": "y", "origin": [8, 8, 8]},
			"faces": {
				"north": {"uv": [7, 11, 8, 15], "texture": "#1_0", "cullface": "east"},
				"east": {"uv": [7, 11, 8, 15], "texture": "#1_0", "cullface": "east"},
				"up": {"uv": [7, 11, 8, 12], "rotation": 90, "texture": "#1_0", "cullface": "east"}
			}
		},
		{
			"from": [0.18934, 1, 1],
			"to": [1.18934, 6, 3],
			"rotation": {"angle": 0, "axis": "y", "origin": [8, 8, 8]},
			"faces": {
				"south": {"uv": [2, 10, 3, 15], "texture": "#1_0", "cullface": "west"},
				"west": {"uv": [1, 10, 3, 15], "texture": "#1_0", "cullface": "west"},
				"up": {"uv": [1, 10, 3, 11], "rotation": 90, "texture": "#1_0", "cullface": "west"}
			}
		},
		{
			"from": [0.68934, 1, 13],
			"to": [1.68934, 5, 15],
			"rotation": {"angle": 0, "axis": "y", "origin": [8, 8, 8]},
			"faces": {
				"north": {"uv": [11, 10, 12, 15], "texture": "#1_0"},
				"west": {"uv": [13, 11, 15, 15], "texture": "#1_0", "cullface": "west"},
				"up": {"uv": [13, 11, 15, 12], "rotation": 90, "texture": "#1_0", "cullface": "west"}
			}
		},
		{
			"from": [0.43934, 1, 2.93934],
			"to": [1.68934, 5, 3.93934],
			"rotation": {"angle": 0, "axis": "y", "origin": [8, 8, 8]},
			"faces": {
				"south": {"uv": [3, 11, 4, 15], "texture": "#1_0", "cullface": "west"},
				"west": {"uv": [3, 11, 4, 15], "texture": "#1_0", "cullface": "west"},
				"up": {"uv": [3, 11, 4, 15], "rotation": 180, "texture": "#1_0", "cullface": "west"}
			}
		},
		{
			"from": [0.18934, 1, 6],
			"to": [1.68934, 5, 7],
			"rotation": {"angle": 0, "axis": "y", "origin": [8, 8, 8]},
			"faces": {
				"north": {"uv": [6, 11, 7, 15], "texture": "#1_0"},
				"south": {"uv": [6, 11, 7, 15], "texture": "#1_0", "cullface": "west"},
				"west": {"uv": [6, 11, 7, 15], "texture": "#1_0", "cullface": "west"},
				"up": {"uv": [6, 11, 7, 12], "rotation": 270, "texture": "#1_0", "cullface": "west"}
			}
		},
		{
			"from": [0.125, 0.875, 11.36434],
			"to": [1.125, 4.875, 12.36434],
			"rotation": {"angle": 22.5, "axis": "x", "origin": [0.625, 3.2, 12.26434]},
			"faces": {
				"north": {"uv": [6, 11, 7, 15], "texture": "#1_0"},
				"east": {"uv": [6, 11, 7, 15], "texture": "#1_0"},
				"south": {"uv": [6, 11, 7, 15], "texture": "#1_0", "cullface": "west"},
				"west": {"uv": [6, 11, 7, 15], "texture": "#1_0", "cullface": "west"},
				"up": {"uv": [6, 11, 7, 12], "rotation": 270, "texture": "#1_0", "cullface": "west"},
				"down": {"uv": [6, 11, 7, 15], "rotation": 90, "texture": "#1_0"}
			}
		},
		{
			"from": [0.05, 1.175, 10.03934],
			"to": [1.05, 5.175, 11.03934],
			"rotation": {"angle": 22.5, "axis": "x", "origin": [-1.375, 2.75, 10.26434]},
			"faces": {
				"north": {"uv": [3, 11, 4, 15], "texture": "#1_0"},
				"east": {"uv": [3, 11, 4, 15], "texture": "#1_0"},
				"south": {"uv": [3, 11, 4, 15], "texture": "#1_0", "cullface": "west"},
				"west": {"uv": [3, 11, 4, 15], "texture": "#1_0", "cullface": "west"},
				"up": {"uv": [3, 11, 4, 12], "rotation": 270, "texture": "#1_0", "cullface": "west"},
				"down": {"uv": [3, 15, 4, 15], "rotation": 90, "texture": "#1_0"}
			}
		},
		{
			"from": [0.43934, 1, 5],
			"to": [1.68934, 5, 6],
			"rotation": {"angle": 0, "axis": "y", "origin": [8, 8, 8]},
			"faces": {
				"north": {"uv": [5, 11, 6, 15], "texture": "#1_0"},
				"west": {"uv": [5, 11, 6, 15], "texture": "#1_0", "cullface": "west"},
				"up": {"uv": [5, 11, 6, 12], "rotation": 270, "texture": "#1_0", "cullface": "west"}
			}
		},
		{
			"from": [0.68934, 1, 7],
			"to": [1.68934, 5, 8],
			"rotation": {"angle": 0, "axis": "y", "origin": [8, 8, 8]},
			"faces": {
				"south": {"uv": [7, 11, 8, 15], "texture": "#1_0", "cullface": "west"},
				"west": {"uv": [7, 11, 8, 15], "texture": "#1_0", "cullface": "west"},
				"up": {"uv": [7, 11, 8, 12], "rotation": 270, "texture": "#1_0", "cullface": "west"}
			}
		},
		{
			"from": [1, 1, 14.81066],
			"to": [3, 6, 15.81066],
			"rotation": {"angle": 0, "axis": "y", "origin": [8, 8, 8]},
			"faces": {
				"east": {"uv": [2, 10, 3, 15], "texture": "#1_0", "cullface": "south"},
				"south": {"uv": [1, 10, 3, 15], "texture": "#1_0", "cullface": "south"},
				"up": {"uv": [1, 10, 3, 11], "texture": "#1_0", "cullface": "south"}
			}
		},
		{
			"from": [13, 1, 14.31066],
			"to": [15, 5, 15.31066],
			"rotation": {"angle": 0, "axis": "y", "origin": [8, 8, 8]},
			"faces": {
				"south": {"uv": [13, 11, 15, 15], "texture": "#1_0", "cullface": "south"},
				"west": {"uv": [11, 10, 12, 15], "texture": "#1_0"},
				"up": {"uv": [13, 11, 15, 12], "texture": "#1_0", "cullface": "south"}
			}
		},
		{
			"from": [2.93934, 1, 14.31066],
			"to": [3.93934, 5, 15.56066],
			"rotation": {"angle": 0, "axis": "y", "origin": [8, 8, 8]},
			"faces": {
				"east": {"uv": [3, 11, 4, 15], "texture": "#1_0", "cullface": "south"},
				"south": {"uv": [3, 11, 4, 15], "texture": "#1_0", "cullface": "south"},
				"up": {"uv": [3, 11, 4, 15], "rotation": 90, "texture": "#1_0", "cullface": "south"}
			}
		},
		{
			"from": [6, 1, 14.31066],
			"to": [7, 5, 15.81066],
			"rotation": {"angle": 0, "axis": "y", "origin": [8, 8, 8]},
			"faces": {
				"east": {"uv": [6, 11, 7, 15], "texture": "#1_0", "cullface": "south"},
				"south": {"uv": [6, 11, 7, 15], "texture": "#1_0", "cullface": "south"},
				"west": {"uv": [6, 11, 7, 15], "texture": "#1_0"},
				"up": {"uv": [6, 11, 7, 12], "rotation": 180, "texture": "#1_0", "cullface": "south"}
			}
		},
		{
			"from": [11.25, 0.85, 14.76434],
			"to": [12.25, 4.85, 15.76434],
			"rotation": {"angle": -22.5, "axis": "z", "origin": [12.225, 2.875, 15.26434]},
			"faces": {
				"north": {"uv": [6, 11, 7, 15], "texture": "#1_0"},
				"east": {"uv": [6, 11, 7, 15], "texture": "#1_0", "cullface": "south"},
				"south": {"uv": [6, 11, 7, 15], "texture": "#1_0", "cullface": "south"},
				"west": {"uv": [6, 11, 7, 15], "texture": "#1_0"},
				"up": {"uv": [6, 11, 7, 12], "rotation": 180, "texture": "#1_0", "cullface": "south"},
				"down": {"uv": [6, 11, 7, 15], "rotation": 180, "texture": "#1_0"}
			}
		},
		{
			"from": [10.175, 1.35, 14.83934],
			"to": [11.175, 5.35, 15.33934],
			"rotation": {"angle": -22.5, "axis": "z", "origin": [9.9, 3.175, 15.08934]},
			"faces": {
				"north": {"uv": [3, 11, 4, 15], "texture": "#1_0"},
				"east": {"uv": [3, 11, 4, 15], "texture": "#1_0", "cullface": "south"},
				"south": {"uv": [3, 11, 4, 15], "texture": "#1_0", "cullface": "south"},
				"west": {"uv": [3, 11, 4, 15], "texture": "#1_0"},
				"up": {"uv": [3, 11, 4, 12], "rotation": 180, "texture": "#1_0", "cullface": "south"},
				"down": {"uv": [3, 15, 4, 15], "rotation": 180, "texture": "#1_0"}
			}
		},
		{
			"from": [5, 1, 14.31066],
			"to": [6, 5, 15.56066],
			"rotation": {"angle": 0, "axis": "y", "origin": [8, 8, 8]},
			"faces": {
				"south": {"uv": [5, 11, 6, 15], "texture": "#1_0", "cullface": "south"},
				"west": {"uv": [5, 11, 6, 15], "texture": "#1_0"},
				"up": {"uv": [5, 11, 6, 12], "rotation": 180, "texture": "#1_0", "cullface": "south"}
			}
		},
		{
			"from": [7, 1, 14.31066],
			"to": [8, 5, 15.31066],
			"rotation": {"angle": 0, "axis": "y", "origin": [8, 8, 8]},
			"faces": {
				"east": {"uv": [7, 11, 8, 15], "texture": "#1_0", "cullface": "south"},
				"south": {"uv": [7, 11, 8, 15], "texture": "#1_0", "cullface": "south"},
				"up": {"uv": [7, 11, 8, 12], "rotation": 180, "texture": "#1_0", "cullface": "south"}
			}
		}
	],
	"display": {
		"thirdperson_righthand": {
			"rotation": [75, 45, 0],
			"translation": [0, 2.5, 0],
			"scale": [0.375, 0.375, 0.375]
		},
		"thirdperson_lefthand": {
			"rotation": [75, 45, 0],
			"translation": [0, 2.5, 0],
			"scale": [0.375, 0.375, 0.375]
		},
		"firstperson_righthand": {
			"rotation": [0, 45, 0],
			"scale": [0.4, 0.4, 0.4]
		},
		"firstperson_lefthand": {
			"rotation": [0, 225, 0],
			"scale": [0.4, 0.4, 0.4]
		},
		"ground": {
			"translation": [0, 3, 0],
			"scale": [0.25, 0.25, 0.25]
		},
		"gui": {
			"rotation": [30, 225, 0],
			"scale": [0.625, 0.625, 0.625]
		},
		"fixed": {
			"scale": [0.5, 0.5, 0.5]
		}
	},
	"groups": [
		{
			"name": "bookshelf3",
			"origin": [8, 8, 8],
			"color": 0,
			"children": [
				{
					"name": "bookshelf",
					"origin": [8, 8, 8],
					"color": 0,
					"children": [
						0,
						1,
						2,
						3,
						4,
						5,
						6,
						7,
						8,
						9,
						10,
						{
							"name": "group",
							"origin": [8, 7.05154, 7.93934],
							"color": 0,
							"children": [11, 12, 13, 14, 15, 16, 17, 18]
						},
						{
							"name": "group",
							"origin": [8, 7.05154, 7.93934],
							"color": 0,
							"children": [19, 20, 21, 22, 23, 24, 25, 26]
						},
						{
							"name": "group",
							"origin": [8, 7.05154, 7.93934],
							"color": 0,
							"children": [27, 28, 29, 30, 31, 32, 33, 34]
						},
						{
							"name": "group",
							"origin": [8, 7.05154, 7.93934],
							"color": 0,
							"children": [35, 36, 37, 38, 39, 40, 41, 42]
						}
					]
				}
			]
		}
	]
}