{
	"credit": "Made with Blockbench by Valdr687",
	"textures": {
		"particle": "block/brewing_stand",
		"stand": "block/brewing_stand"
	},
	"elements": [
		{
			"from": [7, 0, 7],
			"to": [9, 14, 9],
			"faces": {
				"north": {"uv": [7, 2, 9, 16], "texture": "#stand"},
				"east": {"uv": [7, 2, 9, 16], "texture": "#stand"},
				"south": {"uv": [7, 2, 9, 16], "texture": "#stand"},
				"west": {"uv": [7, 2, 9, 16], "texture": "#stand"},
				"up": {"uv": [7, 7, 9, 9], "texture": "#stand"},
				"down": {"uv": [7, 7, 9, 9], "texture": "#stand"}
			}
		},
		{
			"from": [9, 3, 7.5],
			"to": [10, 13.9, 8.5],
			"faces": {
				"north": {"uv": [9, 2, 10, 13], "texture": "#stand"},
				"east": {"uv": [9, 2, 10, 13], "texture": "#stand"},
				"south": {"uv": [9, 2, 10, 13], "texture": "#stand"},
				"up": {"uv": [9, 2, 10, 3], "texture": "#stand"},
				"down": {"uv": [9, 12, 10, 13], "texture": "#stand"}
			}
		},
		{
			"from": [10, 4, 7.5],
			"to": [11, 14, 8.5],
			"faces": {
				"north": {"uv": [10, 2, 11, 12], "texture": "#stand"},
				"east": {"uv": [10, 2, 11, 12], "texture": "#stand"},
				"south": {"uv": [10, 2, 11, 12], "texture": "#stand"},
				"west": {"uv": [10, 2, 11, 12], "texture": "#stand"},
				"up": {"uv": [10, 2, 11, 3], "texture": "#stand"},
				"down": {"uv": [10, 12, 11, 13], "texture": "#stand"}
			}
		},
		{
			"from": [12, 6, 7.5],
			"to": [13, 16, 8.5],
			"faces": {
				"north": {"uv": [12, 0, 13, 10], "texture": "#stand"},
				"east": {"uv": [12, 0, 13, 10], "texture": "#stand"},
				"south": {"uv": [12, 0, 13, 10], "texture": "#stand"},
				"west": {"uv": [12, 0, 13, 10], "texture": "#stand"},
				"up": {"uv": [12, 0, 13, 1], "texture": "#stand"},
				"down": {"uv": [12, 9, 13, 10], "texture": "#stand"}
			}
		},
		{
			"from": [11, 12, 7.5],
			"to": [12, 15, 8.5],
			"faces": {
				"north": {"uv": [11, 1, 12, 4], "texture": "#stand"},
				"south": {"uv": [11, 1, 12, 4], "texture": "#stand"},
				"west": {"uv": [11, 1, 12, 4], "texture": "#stand"},
				"up": {"uv": [11, 1, 12, 2], "texture": "#stand"},
				"down": {"uv": [11, 3, 12, 4], "texture": "#stand"}
			}
		},
		{
			"from": [13, 12, 7.5],
			"to": [14, 14, 8.5],
			"faces": {
				"north": {"uv": [13, 3, 14, 5], "texture": "#stand"},
				"east": {"uv": [13, 3, 14, 5], "texture": "#stand"},
				"south": {"uv": [13, 3, 14, 5], "texture": "#stand"},
				"up": {"uv": [13, 3, 14, 4], "texture": "#stand"},
				"down": {"uv": [13, 4, 14, 5], "texture": "#stand"}
			}
		}
	]
}