{
	"credit": "Made with Blockbench by Valdr687",
	"textures": {
		"particle": "block/brewing_stand",
		"stand": "block/brewing_stand"
	},
	"elements": [
		{
			"from": [-2, 3, 10.8],
			"to": [-1, 13.9, 11.8],
			"rotation": {"angle": 45, "axis": "y", "origin": [0, 0, 0]},
			"faces": {
				"north": {"uv": [9, 2, 10, 13], "texture": "#stand"},
				"east": {"uv": [9, 2, 10, 13], "texture": "#stand"},
				"south": {"uv": [9, 2, 10, 13], "texture": "#stand"},
				"west": {"uv": [9, 2, 10, 13], "texture": "#stand"},
				"up": {"uv": [9, 2, 10, 3], "rotation": 180, "texture": "#stand"},
				"down": {"uv": [9, 12, 10, 13], "rotation": 180, "texture": "#stand"}
			}
		},
		{
			"from": [-3, 4, 10.8],
			"to": [-2, 14, 11.8],
			"rotation": {"angle": 45, "axis": "y", "origin": [0, 0, 0]},
			"faces": {
				"north": {"uv": [10, 2, 11, 12], "texture": "#stand"},
				"east": {"uv": [10, 2, 11, 12], "texture": "#stand"},
				"south": {"uv": [10, 2, 11, 12], "texture": "#stand"},
				"west": {"uv": [10, 2, 11, 12], "texture": "#stand"},
				"up": {"uv": [10, 2, 11, 3], "rotation": 180, "texture": "#stand"},
				"down": {"uv": [10, 12, 11, 13], "rotation": 180, "texture": "#stand"}
			}
		},
		{
			"from": [-5, 6, 10.8],
			"to": [-4, 16, 11.8],
			"rotation": {"angle": 45, "axis": "y", "origin": [0, 0, 0]},
			"faces": {
				"north": {"uv": [12, 0, 13, 10], "texture": "#stand"},
				"east": {"uv": [12, 0, 13, 10], "texture": "#stand"},
				"south": {"uv": [12, 0, 13, 10], "texture": "#stand"},
				"west": {"uv": [12, 0, 13, 10], "texture": "#stand"},
				"up": {"uv": [12, 0, 13, 1], "rotation": 180, "texture": "#stand"},
				"down": {"uv": [12, 9, 13, 10], "rotation": 180, "texture": "#stand"}
			}
		},
		{
			"from": [-4, 12, 10.8],
			"to": [-3, 15, 11.8],
			"rotation": {"angle": 45, "axis": "y", "origin": [0, 0, 0]},
			"faces": {
				"north": {"uv": [11, 1, 12, 4], "texture": "#stand"},
				"east": {"uv": [11, 1, 12, 4], "texture": "#stand"},
				"south": {"uv": [11, 1, 12, 4], "texture": "#stand"},
				"up": {"uv": [11, 1, 12, 2], "rotation": 180, "texture": "#stand"},
				"down": {"uv": [11, 3, 12, 4], "rotation": 180, "texture": "#stand"}
			}
		},
		{
			"from": [-6, 12, 10.8],
			"to": [-5, 14, 11.8],
			"rotation": {"angle": 45, "axis": "y", "origin": [0, 0, 0]},
			"faces": {
				"north": {"uv": [13, 3, 14, 5], "texture": "#stand"},
				"south": {"uv": [13, 3, 14, 5], "texture": "#stand"},
				"west": {"uv": [13, 3, 14, 5], "texture": "#stand"},
				"up": {"uv": [13, 3, 14, 4], "rotation": 180, "texture": "#stand"},
				"down": {"uv": [13, 4, 14, 5], "rotation": 180, "texture": "#stand"}
			}
		}
	]
}