{
	"credit": "Made with Blockbench by Valdr687",
	"textures": {
		"particle": "block/brewing_stand",
		"stand": "block/brewing_stand"
	},
	"elements": [
		{
			"from": [9, 3, 7.5],
			"to": [10, 13.9, 8.5],
			"faces": {
				"north": {"uv": [9, 2, 10, 13], "texture": "#stand"},
				"east": {"uv": [9, 2, 10, 13], "texture": "#stand"},
				"south": {"uv": [9, 2, 10, 13], "texture": "#stand"},
				"west": {"uv": [9, 2, 10, 13], "texture": "#stand"},
				"up": {"uv": [9, 2, 10, 3], "texture": "#stand"},
				"down": {"uv": [9, 12, 10, 13], "texture": "#stand"}
			}
		},
		{
			"from": [10, 4, 7.5],
			"to": [11, 14, 8.5],
			"faces": {
				"north": {"uv": [10, 2, 11, 12], "texture": "#stand"},
				"east": {"uv": [10, 2, 11, 12], "texture": "#stand"},
				"south": {"uv": [10, 2, 11, 12], "texture": "#stand"},
				"west": {"uv": [10, 2, 11, 12], "texture": "#stand"},
				"up": {"uv": [10, 2, 11, 3], "texture": "#stand"},
				"down": {"uv": [10, 12, 11, 13], "texture": "#stand"}
			}
		},
		{
			"from": [12, 11, 7.5],
			"to": [13, 16, 8.5],
			"faces": {
				"north": {"uv": [3, 0, 4, 6], "texture": "#stand"},
				"east": {"uv": [3, 0, 4, 6], "texture": "#stand"},
				"south": {"uv": [3, 0, 4, 6], "texture": "#stand"},
				"west": {"uv": [3, 0, 4, 6], "texture": "#stand"},
				"up": {"uv": [12, 0, 13, 1], "texture": "#stand"},
				"down": {"uv": [12, 7, 13, 8], "texture": "#stand"}
			}
		},
		{
			"from": [11, 12, 7.5],
			"to": [12, 15, 8.5],
			"faces": {
				"north": {"uv": [11, 1, 12, 4], "texture": "#stand"},
				"south": {"uv": [11, 1, 12, 4], "texture": "#stand"},
				"west": {"uv": [11, 1, 12, 4], "texture": "#stand"},
				"up": {"uv": [11, 1, 12, 2], "texture": "#stand"},
				"down": {"uv": [11, 3, 12, 4], "texture": "#stand"}
			}
		},
		{
			"from": [13, 12, 7.5],
			"to": [14, 14, 8.5],
			"faces": {
				"north": {"uv": [13, 3, 14, 5], "texture": "#stand"},
				"east": {"uv": [13, 3, 14, 5], "texture": "#stand"},
				"south": {"uv": [13, 3, 14, 5], "texture": "#stand"},
				"up": {"uv": [13, 3, 14, 4], "texture": "#stand"},
				"down": {"uv": [13, 4, 14, 5], "texture": "#stand"}
			}
		},
		{
			"from": [12.5, 9, 7.5],
			"to": [13.5, 11, 8.5],
			"faces": {
				"north": {"uv": [2, 6, 3, 8], "texture": "#stand"},
				"east": {"uv": [2, 6, 3, 8], "texture": "#stand"},
				"south": {"uv": [2, 6, 3, 8], "texture": "#stand"},
				"west": {"uv": [2, 6, 3, 8], "texture": "#stand"},
				"up": {"uv": [2, 6, 3, 7], "texture": "#stand"}
			}
		},
		{
			"from": [11.5, 8, 6.5],
			"to": [14.5, 9, 9.5],
			"faces": {
				"north": {"uv": [1, 7, 4, 8], "texture": "#stand"},
				"east": {"uv": [1, 7, 4, 8], "texture": "#stand"},
				"south": {"uv": [1, 7, 4, 8], "texture": "#stand"},
				"west": {"uv": [1, 7, 4, 8], "texture": "#stand"},
				"up": {"uv": [12, 13, 15, 16], "texture": "#stand"}
			}
		},
		{
			"from": [11.5, 7, 6.5],
			"to": [14.5, 8, 9.5],
			"faces": {
				"north": {"uv": [1, 8, 4, 9], "texture": "#stand"},
				"east": {"uv": [1, 8, 4, 9], "texture": "#stand"},
				"south": {"uv": [1, 8, 4, 9], "texture": "#stand"},
				"west": {"uv": [1, 8, 4, 9], "texture": "#stand"},
				"down": {"uv": [12, 13, 15, 16], "texture": "#stand"}
			}
		},
		{
			"from": [11.5, 2, 6.5],
			"to": [14.5, 3, 9.5],
			"faces": {
				"up": {"uv": [9, 13, 12, 16], "texture": "#stand"},
				"down": {"uv": [9, 13, 12, 16], "texture": "#stand"}
			}
		},
		{
			"from": [14.5, 3, 6.5],
			"to": [15.5, 6, 9.5],
			"faces": {
				"east": {"uv": [1, 10, 4, 13], "texture": "#stand"},
				"west": {"uv": [1, 10, 4, 13], "texture": "#stand"}
			}
		},
		{
			"from": [14.5, 6, 6.5],
			"to": [15.5, 7, 9.5],
			"faces": {
				"north": {"uv": [1, 9, 2, 10], "texture": "#stand"},
				"east": {"uv": [1, 9, 4, 10], "texture": "#stand"},
				"south": {"uv": [1, 9, 2, 10], "texture": "#stand"},
				"west": {"uv": [1, 9, 4, 10], "texture": "#stand"},
				"up": {"uv": [15, 13, 16, 16], "texture": "#stand"}
			}
		},
		{
			"from": [14.5, 2, 6.5],
			"to": [15.5, 3, 9.5],
			"faces": {
				"north": {"uv": [1, 13, 2, 14], "texture": "#stand"},
				"east": {"uv": [1, 13, 4, 14], "texture": "#stand"},
				"south": {"uv": [1, 13, 2, 14], "texture": "#stand"},
				"down": {"uv": [15, 13, 16, 16], "texture": "#stand"}
			}
		},
		{
			"from": [11.5, 3, 5.5],
			"to": [14.5, 6, 6.5],
			"faces": {
				"north": {"uv": [1, 10, 4, 13], "texture": "#stand"},
				"south": {"uv": [1, 10, 4, 13], "texture": "#stand"}
			}
		},
		{
			"from": [11.5, 2, 5.5],
			"to": [14.5, 3, 6.5],
			"faces": {
				"north": {"uv": [1, 13, 4, 14], "texture": "#stand"},
				"east": {"uv": [1, 13, 2, 14], "texture": "#stand"},
				"west": {"uv": [1, 13, 2, 14], "texture": "#stand"},
				"down": {"uv": [15, 13, 16, 16], "rotation": 90, "texture": "#stand"}
			}
		},
		{
			"from": [11.5, 6, 5.5],
			"to": [14.5, 7, 6.5],
			"faces": {
				"north": {"uv": [1, 9, 4, 10], "texture": "#stand"},
				"east": {"uv": [1, 9, 2, 10], "texture": "#stand"},
				"south": {"uv": [1, 9, 4, 10], "texture": "#stand"},
				"west": {"uv": [1, 9, 2, 10], "texture": "#stand"},
				"up": {"uv": [15, 13, 16, 16], "rotation": 270, "texture": "#stand"}
			}
		},
		{
			"from": [11.5, 3, 9.5],
			"to": [14.5, 6, 10.5],
			"faces": {
				"north": {"uv": [1, 10, 4, 13], "texture": "#stand"},
				"south": {"uv": [1, 10, 4, 13], "texture": "#stand"}
			}
		},
		{
			"from": [11.5, 2, 9.5],
			"to": [14.5, 3, 10.5],
			"faces": {
				"east": {"uv": [1, 13, 2, 14], "texture": "#stand"},
				"south": {"uv": [1, 13, 4, 14], "texture": "#stand"},
				"west": {"uv": [1, 13, 2, 14], "texture": "#stand"},
				"down": {"uv": [15, 13, 16, 16], "rotation": 90, "texture": "#stand"}
			}
		},
		{
			"from": [11.5, 6, 9.5],
			"to": [14.5, 7, 10.5],
			"faces": {
				"north": {"uv": [1, 9, 4, 10], "texture": "#stand"},
				"east": {"uv": [1, 9, 2, 10], "texture": "#stand"},
				"south": {"uv": [1, 9, 4, 10], "texture": "#stand"},
				"west": {"uv": [1, 9, 2, 10], "texture": "#stand"},
				"up": {"uv": [15, 13, 16, 16], "rotation": 270, "texture": "#stand"}
			}
		},
		{
			"from": [10.5, 3, 5.5],
			"to": [11.5, 6, 6.5],
			"faces": {
				"north": {"uv": [0, 10, 1, 13], "texture": "#stand"},
				"west": {"uv": [0, 10, 1, 13], "texture": "#stand"},
				"up": {"uv": [15, 13, 16, 14], "texture": "#stand"},
				"down": {"uv": [15, 13, 16, 14], "texture": "#stand"}
			}
		},
		{
			"from": [10.5, 3, 9.5],
			"to": [11.5, 6, 10.5],
			"faces": {
				"south": {"uv": [4, 10, 5, 13], "texture": "#stand"},
				"west": {"uv": [4, 10, 5, 13], "texture": "#stand"},
				"up": {"uv": [15, 13, 16, 14], "texture": "#stand"},
				"down": {"uv": [15, 13, 16, 14], "texture": "#stand"}
			}
		},
		{
			"from": [10.5, 3, 6.5],
			"to": [11.5, 6, 9.5],
			"faces": {
				"east": {"uv": [1, 10, 4, 13], "texture": "#stand"},
				"west": {"uv": [1, 10, 4, 13], "texture": "#stand"}
			}
		},
		{
			"from": [10.5, 6, 6.5],
			"to": [11.5, 7, 9.5],
			"faces": {
				"north": {"uv": [1, 9, 2, 10], "texture": "#stand"},
				"east": {"uv": [1, 9, 4, 10], "texture": "#stand"},
				"south": {"uv": [1, 9, 2, 10], "texture": "#stand"},
				"west": {"uv": [1, 9, 4, 10], "texture": "#stand"},
				"up": {"uv": [15, 13, 16, 16], "texture": "#stand"}
			}
		},
		{
			"from": [10.5, 2, 6.5],
			"to": [11.5, 3, 9.5],
			"faces": {
				"north": {"uv": [1, 13, 2, 14], "texture": "#stand"},
				"south": {"uv": [1, 13, 2, 14], "texture": "#stand"},
				"west": {"uv": [1, 13, 4, 14], "texture": "#stand"},
				"down": {"uv": [15, 13, 16, 16], "texture": "#stand"}
			}
		},
		{
			"from": [14.5, 3, 5.5],
			"to": [15.5, 6, 6.5],
			"faces": {
				"north": {"uv": [0, 10, 1, 13], "texture": "#stand"},
				"east": {"uv": [0, 10, 1, 13], "texture": "#stand"},
				"up": {"uv": [15, 13, 16, 14], "texture": "#stand"},
				"down": {"uv": [15, 13, 16, 14], "texture": "#stand"}
			}
		},
		{
			"from": [14.5, 3, 9.5],
			"to": [15.5, 6, 10.5],
			"faces": {
				"east": {"uv": [4, 10, 5, 13], "texture": "#stand"},
				"south": {"uv": [4, 10, 5, 13], "texture": "#stand"},
				"up": {"uv": [15, 13, 16, 14], "texture": "#stand"},
				"down": {"uv": [15, 13, 16, 14], "texture": "#stand"}
			}
		}
	]
}