{
	"credit": "Made with Blockbench by Valdr687",
	"parent": "minecraft:block/cross",
	"textures": {
		"cross": "block/brown_mushroom_blocki"
	},
	"elements": [
		{
			"from": [7, 0, 10],
			"to": [9, 4, 12],
			"rotation": {"angle": 45, "axis": "y", "origin": [8, 0, 8]},
			"faces": {
				"north": {"uv": [7, 12, 9, 16], "texture": "#cross"},
				"east": {"uv": [7, 12, 9, 16], "texture": "#cross"},
				"south": {"uv": [7, 12, 9, 16], "texture": "#cross"},
				"west": {"uv": [7, 12, 9, 16], "texture": "#cross"},
				"down": {"uv": [7, 14, 9, 16], "texture": "#cross"}
			}
		},
		{
			"from": [5, 4, 8],
			"to": [11, 6, 14],
			"rotation": {"angle": 45, "axis": "y", "origin": [8, 0, 8]},
			"faces": {
				"north": {"uv": [5, 10, 11, 12], "texture": "#cross"},
				"east": {"uv": [5, 10, 11, 12], "texture": "#cross"},
				"south": {"uv": [5, 10, 11, 12], "texture": "#cross"},
				"west": {"uv": [5, 10, 11, 12], "texture": "#cross"},
				"up": {"uv": [8, 0, 14, 6], "texture": "#cross"},
				"down": {"uv": [8, 0, 14, 6], "texture": "#cross"}
			}
		}
	]
}