{
	"credit": "Made with Blockbench by Valdr687",
	"textures": {
		"0": "block/budding_amethyst",
		"particle": "block/budding_amethyst"
	},
	"elements": [
		{
			"from": [1, 1, 1],
			"to": [15, 15, 15],
			"faces": {
				"north": {"uv": [1, 1, 15, 15], "texture": "#0", "cullface": "north"},
				"east": {"uv": [1, 1, 15, 15], "texture": "#0", "cullface": "east"},
				"south": {"uv": [1, 1, 15, 15], "texture": "#0", "cullface": "south"},
				"west": {"uv": [1, 1, 15, 15], "texture": "#0", "cullface": "west"},
				"up": {"uv": [1, 1, 15, 15], "texture": "#0", "cullface": "up"},
				"down": {"uv": [1, 1, 15, 15], "texture": "#0", "cullface": "down"}
			}
		},
		{
			"from": [0, 0, 0],
			"to": [16, 2, 1],
			"rotation": {"angle": 0, "axis": "y", "origin": [8, 0, 8]},
			"faces": {
				"north": {"uv": [0, 14, 16, 16], "texture": "#0"},
				"east": {"uv": [0, 14, 1, 16], "texture": "#0"},
				"west": {"uv": [15, 14, 16, 16], "texture": "#0"},
				"up": {"uv": [0, 14, 16, 15], "texture": "#0"},
				"down": {"uv": [0, 15, 16, 16], "texture": "#0"}
			}
		},
		{
			"from": [0, 0, 1],
			"to": [1, 2, 15],
			"rotation": {"angle": 0, "axis": "y", "origin": [8, 0, 8]},
			"faces": {
				"west": {"uv": [1, 14, 15, 16], "texture": "#0"},
				"up": {"uv": [1, 14, 15, 15], "rotation": 270, "texture": "#0"},
				"down": {"uv": [1, 15, 15, 16], "rotation": 90, "texture": "#0"}
			}
		},
		{
			"from": [15, 0, 1],
			"to": [16, 2, 15],
			"rotation": {"angle": 0, "axis": "y", "origin": [8, 0, 8]},
			"faces": {
				"east": {"uv": [1, 14, 15, 16], "texture": "#0"},
				"up": {"uv": [1, 14, 15, 15], "rotation": 90, "texture": "#0"},
				"down": {"uv": [1, 15, 15, 16], "rotation": 270, "texture": "#0"}
			}
		},
		{
			"from": [0, 14, 0],
			"to": [16, 16, 1],
			"rotation": {"angle": 0, "axis": "y", "origin": [8, 0, 8]},
			"faces": {
				"north": {"uv": [0, 0, 16, 2], "texture": "#0"},
				"east": {"uv": [0, 0, 1, 2], "texture": "#0"},
				"west": {"uv": [15, 0, 16, 2], "texture": "#0"},
				"up": {"uv": [0, 0, 16, 1], "texture": "#0"},
				"down": {"uv": [0, 1, 16, 2], "texture": "#0"}
			}
		},
		{
			"from": [0, 14, 1],
			"to": [1, 16, 15],
			"rotation": {"angle": 0, "axis": "y", "origin": [8, 0, 8]},
			"faces": {
				"west": {"uv": [1, 0, 15, 2], "texture": "#0"},
				"up": {"uv": [1, 0, 15, 1], "rotation": 270, "texture": "#0"},
				"down": {"uv": [1, 1, 15, 2], "rotation": 90, "texture": "#0"}
			}
		},
		{
			"from": [15, 14, 1],
			"to": [16, 16, 15],
			"rotation": {"angle": 0, "axis": "y", "origin": [8, 0, 8]},
			"faces": {
				"east": {"uv": [1, 0, 15, 2], "texture": "#0"},
				"up": {"uv": [1, 0, 15, 1], "rotation": 90, "texture": "#0"},
				"down": {"uv": [1, 1, 15, 2], "rotation": 270, "texture": "#0"}
			}
		},
		{
			"from": [0, 2, 0],
			"to": [2, 14, 1],
			"rotation": {"angle": 0, "axis": "y", "origin": [8, 0, 8]},
			"faces": {
				"north": {"uv": [14, 2, 16, 14], "texture": "#0"},
				"east": {"uv": [14, 2, 15, 14], "texture": "#0"},
				"west": {"uv": [14, 2, 15, 14], "texture": "#0"}
			}
		},
		{
			"from": [2, 5, 0],
			"to": [4, 11, 1],
			"rotation": {"angle": 0, "axis": "y", "origin": [8, 0, 8]},
			"faces": {
				"north": {"uv": [12, 5, 14, 11], "texture": "#0"},
				"east": {"uv": [12, 5, 13, 11], "texture": "#0"},
				"up": {"uv": [14, 5, 12, 6], "texture": "#0"},
				"down": {"uv": [14, 10, 12, 11], "texture": "#0"}
			}
		},
		{
			"from": [2, 4, 0],
			"to": [3, 5, 1],
			"rotation": {"angle": 0, "axis": "y", "origin": [8, 0, 8]},
			"faces": {
				"north": {"uv": [13, 11, 14, 12], "texture": "#0"},
				"east": {"uv": [13, 11, 14, 12], "texture": "#0"},
				"down": {"uv": [13, 11, 14, 12], "texture": "#0"}
			}
		},
		{
			"from": [5, 7, 0],
			"to": [6, 9, 1],
			"rotation": {"angle": 0, "axis": "y", "origin": [8, 0, 8]},
			"faces": {
				"north": {"uv": [10, 7, 11, 9], "texture": "#0"},
				"east": {"uv": [10, 7, 11, 9], "texture": "#0"},
				"up": {"uv": [10, 7, 11, 8], "texture": "#0"},
				"down": {"uv": [10, 8, 11, 9], "texture": "#0"}
			}
		},
		{
			"from": [4, 6, 0],
			"to": [5, 10, 1],
			"rotation": {"angle": 0, "axis": "y", "origin": [8, 0, 8]},
			"faces": {
				"north": {"uv": [11, 6, 12, 10], "texture": "#0"},
				"east": {"uv": [11, 6, 12, 10], "texture": "#0"},
				"up": {"uv": [11, 6, 12, 7], "texture": "#0"},
				"down": {"uv": [11, 9, 12, 10], "texture": "#0"}
			}
		},
		{
			"from": [2, 2, 0],
			"to": [3, 3, 1],
			"rotation": {"angle": 0, "axis": "y", "origin": [8, 0, 8]},
			"faces": {
				"north": {"uv": [13, 13, 14, 14], "texture": "#0"},
				"east": {"uv": [13, 13, 14, 14], "texture": "#0"},
				"up": {"uv": [13, 13, 14, 14], "texture": "#0"}
			}
		},
		{
			"from": [4, 2, 0],
			"to": [11, 4, 1],
			"rotation": {"angle": 0, "axis": "x", "origin": [8, 0, 8]},
			"faces": {
				"north": {"uv": [5, 12, 12, 14], "texture": "#0"},
				"east": {"uv": [5, 12, 6, 14], "texture": "#0"},
				"west": {"uv": [11, 12, 12, 14], "texture": "#0"},
				"up": {"uv": [5, 12, 12, 13], "texture": "#0"}
			}
		},
		{
			"from": [11, 2, 0],
			"to": [14, 3, 1],
			"rotation": {"angle": 0, "axis": "y", "origin": [8, 0, 8]},
			"faces": {
				"north": {"uv": [2, 13, 5, 14], "texture": "#0"},
				"up": {"uv": [5, 13, 2, 14], "texture": "#0"}
			}
		},
		{
			"from": [14, 2, 0],
			"to": [16, 14, 1],
			"rotation": {"angle": 0, "axis": "y", "origin": [8, 0, 8]},
			"faces": {
				"north": {"uv": [0, 2, 2, 14], "texture": "#0"},
				"east": {"uv": [0, 2, 1, 14], "texture": "#0"},
				"west": {"uv": [0, 2, 1, 14], "texture": "#0"}
			}
		},
		{
			"from": [13, 3, 0],
			"to": [14, 13, 1],
			"rotation": {"angle": 0, "axis": "y", "origin": [8, 0, 8]},
			"faces": {
				"north": {"uv": [2, 3, 3, 13], "texture": "#0"},
				"west": {"uv": [2, 3, 3, 13], "texture": "#0"},
				"up": {"uv": [2, 3, 3, 4], "texture": "#0"}
			}
		},
		{
			"from": [12, 3, 0],
			"to": [13, 12, 1],
			"rotation": {"angle": 0, "axis": "y", "origin": [8, 0, 8]},
			"faces": {
				"north": {"uv": [3, 4, 4, 13], "texture": "#0"},
				"west": {"uv": [3, 4, 4, 13], "texture": "#0"},
				"up": {"uv": [3, 4, 4, 5], "texture": "#0"}
			}
		},
		{
			"from": [9, 4, 0],
			"to": [10, 5, 1],
			"rotation": {"angle": 0, "axis": "y", "origin": [8, 0, 8]},
			"faces": {
				"north": {"uv": [6, 11, 7, 12], "texture": "#0"},
				"east": {"uv": [6, 11, 7, 12], "texture": "#0"},
				"up": {"uv": [6, 11, 7, 12], "texture": "#0"}
			}
		},
		{
			"from": [4, 4, 0],
			"to": [6, 5, 1],
			"rotation": {"angle": 0, "axis": "y", "origin": [8, 0, 8]},
			"faces": {
				"north": {"uv": [10, 11, 12, 12], "texture": "#0"},
				"west": {"uv": [11, 11, 12, 12], "texture": "#0"},
				"up": {"uv": [12, 11, 10, 12], "texture": "#0"}
			}
		},
		{
			"from": [11, 9, 0],
			"to": [12, 10, 1],
			"rotation": {"angle": 0, "axis": "y", "origin": [8, 0, 8]},
			"faces": {
				"north": {"uv": [4, 6, 5, 7], "texture": "#0"},
				"west": {"uv": [4, 6, 5, 7], "texture": "#0"},
				"up": {"uv": [4, 6, 5, 7], "texture": "#0"}
			}
		},
		{
			"from": [7, 8, 0],
			"to": [8, 9, 1],
			"rotation": {"angle": 0, "axis": "y", "origin": [8, 0, 8]},
			"faces": {
				"north": {"uv": [8, 7, 9, 8], "texture": "#0"},
				"east": {"uv": [8, 7, 9, 8], "texture": "#0"},
				"west": {"uv": [8, 7, 9, 8], "texture": "#0"},
				"up": {"uv": [8, 7, 9, 8], "texture": "#0"},
				"down": {"uv": [8, 7, 9, 8], "texture": "#0"}
			}
		},
		{
			"from": [7, 10, 0],
			"to": [9, 11, 1],
			"rotation": {"angle": 0, "axis": "y", "origin": [8, 0, 8]},
			"faces": {
				"north": {"uv": [7, 5, 9, 6], "texture": "#0"},
				"east": {"uv": [7, 5, 8, 6], "texture": "#0"},
				"west": {"uv": [8, 5, 9, 6], "texture": "#0"},
				"down": {"uv": [9, 5, 7, 6], "texture": "#0"}
			}
		},
		{
			"from": [6, 4, 0],
			"to": [9, 6, 1],
			"rotation": {"angle": 0, "axis": "y", "origin": [8, 0, 8]},
			"faces": {
				"north": {"uv": [7, 10, 10, 12], "texture": "#0"},
				"east": {"uv": [7, 10, 8, 12], "texture": "#0"},
				"west": {"uv": [9, 10, 10, 12], "texture": "#0"},
				"up": {"uv": [10, 10, 7, 11], "texture": "#0"}
			}
		},
		{
			"from": [6, 11, 0],
			"to": [10, 12, 1],
			"rotation": {"angle": 0, "axis": "y", "origin": [8, 0, 8]},
			"faces": {
				"north": {"uv": [6, 4, 10, 5], "texture": "#0"},
				"east": {"uv": [6, 4, 7, 5], "texture": "#0"},
				"west": {"uv": [9, 4, 10, 5], "texture": "#0"},
				"down": {"uv": [10, 4, 6, 5], "texture": "#0"}
			}
		},
		{
			"from": [11, 6, 0],
			"to": [12, 7, 1],
			"rotation": {"angle": 0, "axis": "y", "origin": [8, 0, 8]},
			"faces": {
				"north": {"uv": [4, 9, 5, 10], "texture": "#0"},
				"west": {"uv": [4, 9, 5, 10], "texture": "#0"},
				"down": {"uv": [4, 9, 5, 10], "texture": "#0"}
			}
		},
		{
			"from": [9, 7, 0],
			"to": [12, 9, 1],
			"rotation": {"angle": 0, "axis": "y", "origin": [8, 0, 8]},
			"faces": {
				"north": {"uv": [4, 7, 7, 9], "texture": "#0"},
				"west": {"uv": [6, 7, 7, 9], "texture": "#0"},
				"up": {"uv": [7, 7, 4, 8], "texture": "#0"},
				"down": {"uv": [7, 7, 4, 8], "texture": "#0"}
			}
		},
		{
			"from": [4, 12, 0],
			"to": [11, 14, 1],
			"rotation": {"angle": 0, "axis": "y", "origin": [8, 0, 8]},
			"faces": {
				"north": {"uv": [5, 2, 12, 4], "texture": "#0"},
				"east": {"uv": [5, 2, 6, 4], "texture": "#0"},
				"west": {"uv": [11, 2, 12, 4], "texture": "#0"},
				"down": {"uv": [12, 3, 5, 4], "texture": "#0"}
			}
		},
		{
			"from": [0, 2, 13],
			"to": [1, 3, 14],
			"rotation": {"angle": 0, "axis": "y", "origin": [8, 0, 8]},
			"faces": {
				"north": {"uv": [13, 13, 14, 14], "texture": "#0", "cullface": "west"},
				"west": {"uv": [13, 13, 14, 14], "texture": "#0", "cullface": "west"},
				"up": {"uv": [13, 13, 14, 14], "rotation": 270, "texture": "#0", "cullface": "west"}
			}
		},
		{
			"from": [0, 2, 5],
			"to": [1, 4, 12],
			"rotation": {"angle": 0, "axis": "y", "origin": [8, 0, 8]},
			"faces": {
				"north": {"uv": [5, 12, 6, 14], "texture": "#0", "cullface": "west"},
				"south": {"uv": [11, 12, 12, 14], "texture": "#0", "cullface": "west"},
				"west": {"uv": [5, 12, 12, 14], "texture": "#0", "cullface": "west"},
				"up": {"uv": [5, 12, 12, 13], "rotation": 270, "texture": "#0", "cullface": "west"}
			}
		},
		{
			"from": [0, 2, 2],
			"to": [1, 3, 5],
			"rotation": {"angle": 0, "axis": "y", "origin": [8, 0, 8]},
			"faces": {
				"west": {"uv": [2, 13, 5, 14], "texture": "#0", "cullface": "west"},
				"up": {"uv": [5, 13, 2, 14], "rotation": 270, "texture": "#0", "cullface": "west"}
			}
		},
		{
			"from": [0, 3, 2],
			"to": [1, 13, 3],
			"rotation": {"angle": 0, "axis": "y", "origin": [8, 0, 8]},
			"faces": {
				"south": {"uv": [2, 3, 3, 13], "texture": "#0", "cullface": "west"},
				"west": {"uv": [2, 3, 3, 13], "texture": "#0", "cullface": "west"},
				"up": {"uv": [2, 3, 3, 4], "rotation": 270, "texture": "#0", "cullface": "west"}
			}
		},
		{
			"from": [0, 3, 3],
			"to": [1, 12, 4],
			"rotation": {"angle": 0, "axis": "y", "origin": [8, 0, 8]},
			"faces": {
				"south": {"uv": [3, 4, 4, 13], "texture": "#0", "cullface": "west"},
				"west": {"uv": [3, 4, 4, 13], "texture": "#0", "cullface": "west"},
				"up": {"uv": [3, 4, 4, 5], "rotation": 270, "texture": "#0", "cullface": "west"}
			}
		},
		{
			"from": [0, 4, 6],
			"to": [1, 5, 7],
			"rotation": {"angle": 0, "axis": "y", "origin": [8, 0, 8]},
			"faces": {
				"north": {"uv": [6, 11, 7, 12], "texture": "#0", "cullface": "west"},
				"west": {"uv": [6, 11, 7, 12], "texture": "#0", "cullface": "west"},
				"up": {"uv": [6, 11, 7, 12], "rotation": 270, "texture": "#0", "cullface": "west"}
			}
		},
		{
			"from": [0, 4, 10],
			"to": [1, 5, 12],
			"rotation": {"angle": 0, "axis": "y", "origin": [8, 0, 8]},
			"faces": {
				"south": {"uv": [11, 11, 12, 12], "texture": "#0", "cullface": "west"},
				"west": {"uv": [10, 11, 12, 12], "texture": "#0", "cullface": "west"},
				"up": {"uv": [12, 11, 10, 12], "rotation": 270, "texture": "#0", "cullface": "west"}
			}
		},
		{
			"from": [0, 9, 4],
			"to": [1, 10, 5],
			"rotation": {"angle": 0, "axis": "y", "origin": [8, 0, 8]},
			"faces": {
				"south": {"uv": [4, 6, 5, 7], "texture": "#0", "cullface": "west"},
				"west": {"uv": [4, 6, 5, 7], "texture": "#0", "cullface": "west"},
				"up": {"uv": [4, 6, 5, 7], "rotation": 270, "texture": "#0", "cullface": "west"}
			}
		},
		{
			"from": [0, 8, 8],
			"to": [1, 9, 9],
			"rotation": {"angle": 0, "axis": "y", "origin": [8, 0, 8]},
			"faces": {
				"north": {"uv": [8, 7, 9, 8], "texture": "#0", "cullface": "west"},
				"south": {"uv": [8, 7, 9, 8], "texture": "#0", "cullface": "west"},
				"west": {"uv": [8, 7, 9, 8], "texture": "#0", "cullface": "west"},
				"up": {"uv": [8, 7, 9, 8], "rotation": 270, "texture": "#0", "cullface": "west"},
				"down": {"uv": [8, 7, 9, 8], "rotation": 90, "texture": "#0", "cullface": "west"}
			}
		},
		{
			"from": [0, 10, 7],
			"to": [1, 11, 9],
			"rotation": {"angle": 0, "axis": "y", "origin": [8, 0, 8]},
			"faces": {
				"north": {"uv": [7, 5, 8, 6], "texture": "#0", "cullface": "west"},
				"south": {"uv": [8, 5, 9, 6], "texture": "#0", "cullface": "west"},
				"west": {"uv": [7, 5, 9, 6], "texture": "#0", "cullface": "west"},
				"down": {"uv": [9, 5, 7, 6], "rotation": 90, "texture": "#0", "cullface": "west"}
			}
		},
		{
			"from": [0, 4, 7],
			"to": [1, 6, 10],
			"rotation": {"angle": 0, "axis": "y", "origin": [8, 0, 8]},
			"faces": {
				"north": {"uv": [7, 10, 8, 12], "texture": "#0", "cullface": "west"},
				"south": {"uv": [9, 10, 10, 12], "texture": "#0", "cullface": "west"},
				"west": {"uv": [7, 10, 10, 12], "texture": "#0", "cullface": "west"},
				"up": {"uv": [10, 10, 7, 11], "rotation": 270, "texture": "#0", "cullface": "west"}
			}
		},
		{
			"from": [0, 11, 6],
			"to": [1, 12, 10],
			"rotation": {"angle": 0, "axis": "y", "origin": [8, 0, 8]},
			"faces": {
				"north": {"uv": [6, 4, 7, 5], "texture": "#0", "cullface": "west"},
				"south": {"uv": [9, 4, 10, 5], "texture": "#0", "cullface": "west"},
				"west": {"uv": [6, 4, 10, 5], "texture": "#0", "cullface": "west"},
				"down": {"uv": [10, 4, 6, 5], "rotation": 90, "texture": "#0", "cullface": "west"}
			}
		},
		{
			"from": [0, 6, 4],
			"to": [1, 7, 5],
			"rotation": {"angle": 0, "axis": "y", "origin": [8, 0, 8]},
			"faces": {
				"south": {"uv": [4, 9, 5, 10], "texture": "#0", "cullface": "west"},
				"west": {"uv": [4, 9, 5, 10], "texture": "#0", "cullface": "west"},
				"down": {"uv": [4, 9, 5, 10], "rotation": 90, "texture": "#0", "cullface": "west"}
			}
		},
		{
			"from": [0, 7, 4],
			"to": [1, 9, 7],
			"rotation": {"angle": 0, "axis": "y", "origin": [8, 0, 8]},
			"faces": {
				"south": {"uv": [6, 7, 7, 9], "texture": "#0", "cullface": "west"},
				"west": {"uv": [4, 7, 7, 9], "texture": "#0", "cullface": "west"},
				"up": {"uv": [7, 7, 4, 8], "rotation": 270, "texture": "#0", "cullface": "west"},
				"down": {"uv": [7, 7, 4, 8], "rotation": 90, "texture": "#0", "cullface": "west"}
			}
		},
		{
			"from": [0, 12, 5],
			"to": [1, 14, 12],
			"rotation": {"angle": 0, "axis": "y", "origin": [8, 0, 8]},
			"faces": {
				"north": {"uv": [5, 2, 6, 4], "texture": "#0", "cullface": "west"},
				"south": {"uv": [11, 2, 12, 4], "texture": "#0", "cullface": "west"},
				"west": {"uv": [5, 2, 12, 4], "texture": "#0", "cullface": "west"},
				"down": {"uv": [12, 3, 5, 4], "rotation": 90, "texture": "#0", "cullface": "west"}
			}
		},
		{
			"from": [0, 5, 12],
			"to": [1, 11, 14],
			"rotation": {"angle": 0, "axis": "y", "origin": [8, 0, 8]},
			"faces": {
				"north": {"uv": [12, 5, 13, 11], "texture": "#0", "cullface": "west"},
				"west": {"uv": [12, 5, 14, 11], "texture": "#0", "cullface": "west"},
				"up": {"uv": [14, 5, 12, 6], "rotation": 270, "texture": "#0", "cullface": "west"},
				"down": {"uv": [14, 10, 12, 11], "rotation": 90, "texture": "#0", "cullface": "west"}
			}
		},
		{
			"from": [0, 6, 11],
			"to": [1, 10, 12],
			"rotation": {"angle": 0, "axis": "y", "origin": [8, 0, 8]},
			"faces": {
				"north": {"uv": [11, 6, 12, 10], "texture": "#0", "cullface": "west"},
				"west": {"uv": [11, 6, 12, 10], "texture": "#0", "cullface": "west"},
				"up": {"uv": [11, 6, 12, 7], "rotation": 270, "texture": "#0", "cullface": "west"},
				"down": {"uv": [11, 9, 12, 10], "rotation": 90, "texture": "#0", "cullface": "west"}
			}
		},
		{
			"from": [0, 7, 10],
			"to": [1, 9, 11],
			"rotation": {"angle": 0, "axis": "y", "origin": [8, 0, 8]},
			"faces": {
				"north": {"uv": [10, 7, 11, 9], "texture": "#0", "cullface": "west"},
				"west": {"uv": [10, 7, 11, 9], "texture": "#0", "cullface": "west"},
				"up": {"uv": [10, 7, 11, 8], "rotation": 270, "texture": "#0", "cullface": "west"},
				"down": {"uv": [10, 8, 11, 9], "rotation": 90, "texture": "#0", "cullface": "west"}
			}
		},
		{
			"from": [15, 2, 2],
			"to": [16, 3, 3],
			"rotation": {"angle": 0, "axis": "y", "origin": [8, 0, 8]},
			"faces": {
				"east": {"uv": [13, 13, 14, 14], "texture": "#0", "cullface": "east"},
				"south": {"uv": [13, 13, 14, 14], "texture": "#0", "cullface": "east"},
				"up": {"uv": [13, 13, 14, 14], "rotation": 90, "texture": "#0", "cullface": "east"}
			}
		},
		{
			"from": [15, 2, 4],
			"to": [16, 4, 11],
			"rotation": {"angle": 0, "axis": "y", "origin": [8, 0, 8]},
			"faces": {
				"north": {"uv": [11, 12, 12, 14], "texture": "#0", "cullface": "east"},
				"east": {"uv": [5, 12, 12, 14], "texture": "#0", "cullface": "east"},
				"south": {"uv": [5, 12, 6, 14], "texture": "#0", "cullface": "east"},
				"up": {"uv": [5, 12, 12, 13], "rotation": 90, "texture": "#0", "cullface": "east"}
			}
		},
		{
			"from": [15, 2, 11],
			"to": [16, 3, 14],
			"rotation": {"angle": 0, "axis": "y", "origin": [8, 0, 8]},
			"faces": {
				"east": {"uv": [2, 13, 5, 14], "texture": "#0", "cullface": "east"},
				"up": {"uv": [5, 13, 2, 14], "rotation": 90, "texture": "#0", "cullface": "east"}
			}
		},
		{
			"from": [15, 3, 13],
			"to": [16, 13, 14],
			"rotation": {"angle": 0, "axis": "y", "origin": [8, 0, 8]},
			"faces": {
				"north": {"uv": [2, 3, 3, 13], "texture": "#0", "cullface": "east"},
				"east": {"uv": [2, 3, 3, 13], "texture": "#0", "cullface": "east"},
				"up": {"uv": [2, 3, 3, 4], "rotation": 90, "texture": "#0", "cullface": "east"}
			}
		},
		{
			"from": [15, 3, 12],
			"to": [16, 12, 13],
			"rotation": {"angle": 0, "axis": "y", "origin": [8, 0, 8]},
			"faces": {
				"north": {"uv": [3, 4, 4, 13], "texture": "#0", "cullface": "east"},
				"east": {"uv": [3, 4, 4, 13], "texture": "#0", "cullface": "east"},
				"up": {"uv": [3, 4, 4, 5], "rotation": 90, "texture": "#0", "cullface": "east"}
			}
		},
		{
			"from": [15, 4, 9],
			"to": [16, 5, 10],
			"rotation": {"angle": 0, "axis": "y", "origin": [8, 0, 8]},
			"faces": {
				"east": {"uv": [6, 11, 7, 12], "texture": "#0", "cullface": "east"},
				"south": {"uv": [6, 11, 7, 12], "texture": "#0", "cullface": "east"},
				"up": {"uv": [6, 11, 7, 12], "rotation": 90, "texture": "#0", "cullface": "east"}
			}
		},
		{
			"from": [15, 4, 4],
			"to": [16, 5, 6],
			"rotation": {"angle": 0, "axis": "y", "origin": [8, 0, 8]},
			"faces": {
				"north": {"uv": [11, 11, 12, 12], "texture": "#0", "cullface": "east"},
				"east": {"uv": [10, 11, 12, 12], "texture": "#0", "cullface": "east"},
				"up": {"uv": [12, 11, 10, 12], "rotation": 90, "texture": "#0", "cullface": "east"}
			}
		},
		{
			"from": [15, 9, 11],
			"to": [16, 10, 12],
			"rotation": {"angle": 0, "axis": "y", "origin": [8, 0, 8]},
			"faces": {
				"north": {"uv": [4, 6, 5, 7], "texture": "#0", "cullface": "east"},
				"east": {"uv": [4, 6, 5, 7], "texture": "#0", "cullface": "east"},
				"up": {"uv": [4, 6, 5, 7], "rotation": 90, "texture": "#0", "cullface": "east"}
			}
		},
		{
			"from": [15, 8, 7],
			"to": [16, 9, 8],
			"rotation": {"angle": 0, "axis": "y", "origin": [8, 0, 8]},
			"faces": {
				"north": {"uv": [8, 7, 9, 8], "texture": "#0", "cullface": "east"},
				"east": {"uv": [8, 7, 9, 8], "texture": "#0", "cullface": "east"},
				"south": {"uv": [8, 7, 9, 8], "texture": "#0", "cullface": "east"},
				"up": {"uv": [8, 7, 9, 8], "rotation": 90, "texture": "#0", "cullface": "east"},
				"down": {"uv": [8, 7, 9, 8], "rotation": 270, "texture": "#0", "cullface": "east"}
			}
		},
		{
			"from": [15, 10, 7],
			"to": [16, 11, 9],
			"rotation": {"angle": 0, "axis": "y", "origin": [8, 0, 8]},
			"faces": {
				"north": {"uv": [8, 5, 9, 6], "texture": "#0", "cullface": "east"},
				"east": {"uv": [7, 5, 9, 6], "texture": "#0", "cullface": "east"},
				"south": {"uv": [7, 5, 8, 6], "texture": "#0", "cullface": "east"},
				"down": {"uv": [9, 5, 7, 6], "rotation": 270, "texture": "#0", "cullface": "east"}
			}
		},
		{
			"from": [15, 4, 6],
			"to": [16, 6, 9],
			"rotation": {"angle": 0, "axis": "y", "origin": [8, 0, 8]},
			"faces": {
				"north": {"uv": [9, 10, 10, 12], "texture": "#0", "cullface": "east"},
				"east": {"uv": [7, 10, 10, 12], "texture": "#0", "cullface": "east"},
				"south": {"uv": [7, 10, 8, 12], "texture": "#0", "cullface": "east"},
				"up": {"uv": [10, 10, 7, 11], "rotation": 90, "texture": "#0", "cullface": "east"}
			}
		},
		{
			"from": [15, 11, 6],
			"to": [16, 12, 10],
			"rotation": {"angle": 0, "axis": "y", "origin": [8, 0, 8]},
			"faces": {
				"north": {"uv": [9, 4, 10, 5], "texture": "#0", "cullface": "east"},
				"east": {"uv": [6, 4, 10, 5], "texture": "#0", "cullface": "east"},
				"south": {"uv": [6, 4, 7, 5], "texture": "#0", "cullface": "east"},
				"down": {"uv": [10, 4, 6, 5], "rotation": 270, "texture": "#0", "cullface": "east"}
			}
		},
		{
			"from": [15, 6, 11],
			"to": [16, 7, 12],
			"rotation": {"angle": 0, "axis": "y", "origin": [8, 0, 8]},
			"faces": {
				"north": {"uv": [4, 9, 5, 10], "texture": "#0", "cullface": "east"},
				"east": {"uv": [4, 9, 5, 10], "texture": "#0", "cullface": "east"},
				"down": {"uv": [4, 9, 5, 10], "rotation": 270, "texture": "#0", "cullface": "east"}
			}
		},
		{
			"from": [15, 7, 9],
			"to": [16, 9, 12],
			"rotation": {"angle": 0, "axis": "y", "origin": [8, 0, 8]},
			"faces": {
				"north": {"uv": [6, 7, 7, 9], "texture": "#0", "cullface": "east"},
				"east": {"uv": [4, 7, 7, 9], "texture": "#0", "cullface": "east"},
				"up": {"uv": [7, 7, 4, 8], "rotation": 90, "texture": "#0", "cullface": "east"},
				"down": {"uv": [7, 7, 4, 8], "rotation": 270, "texture": "#0", "cullface": "east"}
			}
		},
		{
			"from": [15, 12, 4],
			"to": [16, 14, 11],
			"rotation": {"angle": 0, "axis": "y", "origin": [8, 0, 8]},
			"faces": {
				"north": {"uv": [11, 2, 12, 4], "texture": "#0", "cullface": "east"},
				"east": {"uv": [5, 2, 12, 4], "texture": "#0", "cullface": "east"},
				"south": {"uv": [5, 2, 6, 4], "texture": "#0", "cullface": "east"},
				"down": {"uv": [12, 3, 5, 4], "rotation": 270, "texture": "#0", "cullface": "east"}
			}
		},
		{
			"from": [15, 5, 2],
			"to": [16, 11, 4],
			"rotation": {"angle": 0, "axis": "y", "origin": [8, 0, 8]},
			"faces": {
				"east": {"uv": [12, 5, 14, 11], "texture": "#0", "cullface": "east"},
				"south": {"uv": [12, 5, 13, 11], "texture": "#0", "cullface": "east"},
				"up": {"uv": [14, 5, 12, 6], "rotation": 90, "texture": "#0", "cullface": "east"},
				"down": {"uv": [14, 10, 12, 11], "rotation": 270, "texture": "#0", "cullface": "east"}
			}
		},
		{
			"from": [15, 6, 4],
			"to": [16, 10, 5],
			"rotation": {"angle": 0, "axis": "y", "origin": [8, 0, 8]},
			"faces": {
				"east": {"uv": [11, 6, 12, 10], "texture": "#0", "cullface": "east"},
				"south": {"uv": [11, 6, 12, 10], "texture": "#0", "cullface": "east"},
				"up": {"uv": [11, 6, 12, 7], "rotation": 90, "texture": "#0", "cullface": "east"},
				"down": {"uv": [11, 9, 12, 10], "rotation": 270, "texture": "#0", "cullface": "east"}
			}
		},
		{
			"from": [15, 7, 5],
			"to": [16, 9, 6],
			"rotation": {"angle": 0, "axis": "y", "origin": [8, 0, 8]},
			"faces": {
				"east": {"uv": [10, 7, 11, 9], "texture": "#0", "cullface": "east"},
				"south": {"uv": [10, 7, 11, 9], "texture": "#0", "cullface": "east"},
				"up": {"uv": [10, 7, 11, 8], "rotation": 90, "texture": "#0", "cullface": "east"},
				"down": {"uv": [10, 8, 11, 9], "rotation": 270, "texture": "#0", "cullface": "east"}
			}
		},
		{
			"from": [13, 15, 2],
			"to": [14, 16, 3],
			"rotation": {"angle": 0, "axis": "z", "origin": [8, 0, 8]},
			"faces": {
				"south": {"uv": [13, 13, 14, 14], "rotation": 270, "texture": "#0", "cullface": "up"},
				"west": {"uv": [13, 13, 14, 14], "texture": "#0", "cullface": "up"},
				"up": {"uv": [13, 13, 14, 14], "rotation": 270, "texture": "#0", "cullface": "up"}
			}
		},
		{
			"from": [12, 15, 4],
			"to": [14, 16, 11],
			"rotation": {"angle": 0, "axis": "z", "origin": [8, 0, 8]},
			"faces": {
				"north": {"uv": [11, 12, 12, 14], "rotation": 90, "texture": "#0", "cullface": "up"},
				"south": {"uv": [5, 12, 6, 14], "rotation": 270, "texture": "#0", "cullface": "up"},
				"west": {"uv": [5, 12, 12, 13], "texture": "#0", "cullface": "up"},
				"up": {"uv": [5, 12, 12, 14], "rotation": 270, "texture": "#0", "cullface": "up"}
			}
		},
		{
			"from": [13, 15, 11],
			"to": [14, 16, 14],
			"rotation": {"angle": 0, "axis": "z", "origin": [8, 0, 8]},
			"faces": {
				"west": {"uv": [5, 13, 2, 14], "texture": "#0", "cullface": "up"},
				"up": {"uv": [2, 13, 5, 14], "rotation": 270, "texture": "#0", "cullface": "up"}
			}
		},
		{
			"from": [3, 15, 13],
			"to": [13, 16, 14],
			"rotation": {"angle": 0, "axis": "z", "origin": [8, 0, 8]},
			"faces": {
				"north": {"uv": [2, 3, 3, 13], "rotation": 90, "texture": "#0", "cullface": "up"},
				"west": {"uv": [2, 3, 3, 4], "texture": "#0", "cullface": "up"},
				"up": {"uv": [2, 3, 3, 13], "rotation": 270, "texture": "#0", "cullface": "up"}
			}
		},
		{
			"from": [4, 15, 12],
			"to": [13, 16, 13],
			"rotation": {"angle": 0, "axis": "z", "origin": [8, 0, 8]},
			"faces": {
				"north": {"uv": [3, 4, 4, 13], "rotation": 90, "texture": "#0", "cullface": "up"},
				"west": {"uv": [3, 4, 4, 5], "texture": "#0", "cullface": "up"},
				"up": {"uv": [3, 4, 4, 13], "rotation": 270, "texture": "#0", "cullface": "up"}
			}
		},
		{
			"from": [3, 0, 2],
			"to": [13, 1, 3],
			"rotation": {"angle": 0, "axis": "x", "origin": [8, 8, 8]},
			"faces": {
				"south": {"uv": [2, 3, 3, 13], "rotation": 270, "texture": "#0", "cullface": "down"},
				"down": {"uv": [2, 3, 3, 13], "rotation": 270, "texture": "#0", "cullface": "down"}
			}
		},
		{
			"from": [4, 0, 3],
			"to": [13, 1, 4],
			"rotation": {"angle": 0, "axis": "x", "origin": [8, 8, 8]},
			"faces": {
				"south": {"uv": [3, 4, 4, 13], "rotation": 270, "texture": "#0", "cullface": "down"},
				"west": {"uv": [3, 4, 4, 5], "rotation": 180, "texture": "#0", "cullface": "down"},
				"down": {"uv": [3, 4, 4, 13], "rotation": 270, "texture": "#0", "cullface": "down"}
			}
		},
		{
			"from": [13, 0, 2],
			"to": [14, 1, 4],
			"rotation": {"angle": 0, "axis": "x", "origin": [8, 8, 8]},
			"faces": {
				"down": {"uv": [2, 13, 4, 14], "rotation": 270, "texture": "#0", "cullface": "down"}
			}
		},
		{
			"from": [11, 15, 9],
			"to": [12, 16, 10],
			"rotation": {"angle": 0, "axis": "z", "origin": [8, 0, 8]},
			"faces": {
				"south": {"uv": [6, 11, 7, 12], "rotation": 270, "texture": "#0", "cullface": "up"},
				"west": {"uv": [6, 11, 7, 12], "texture": "#0", "cullface": "up"},
				"up": {"uv": [6, 11, 7, 12], "rotation": 270, "texture": "#0", "cullface": "up"}
			}
		},
		{
			"from": [11, 15, 4],
			"to": [12, 16, 6],
			"rotation": {"angle": 0, "axis": "z", "origin": [8, 0, 8]},
			"faces": {
				"north": {"uv": [11, 11, 12, 12], "rotation": 90, "texture": "#0"},
				"west": {"uv": [12, 11, 10, 12], "texture": "#0"},
				"up": {"uv": [10, 11, 12, 12], "rotation": 270, "texture": "#0"}
			}
		},
		{
			"from": [6, 15, 11],
			"to": [7, 16, 12],
			"rotation": {"angle": 0, "axis": "z", "origin": [8, 0, 8]},
			"faces": {
				"north": {"uv": [4, 6, 5, 7], "rotation": 90, "texture": "#0", "cullface": "up"},
				"west": {"uv": [4, 6, 5, 7], "texture": "#0", "cullface": "up"},
				"up": {"uv": [4, 6, 5, 7], "rotation": 270, "texture": "#0", "cullface": "up"}
			}
		},
		{
			"from": [7, 15, 7],
			"to": [8, 16, 8],
			"rotation": {"angle": 0, "axis": "z", "origin": [8, 0, 8]},
			"faces": {
				"north": {"uv": [8, 7, 9, 8], "rotation": 90, "texture": "#0", "cullface": "up"},
				"east": {"uv": [8, 7, 9, 8], "rotation": 180, "texture": "#0", "cullface": "up"},
				"south": {"uv": [8, 7, 9, 8], "rotation": 270, "texture": "#0", "cullface": "up"},
				"west": {"uv": [8, 7, 9, 8], "texture": "#0", "cullface": "up"},
				"up": {"uv": [8, 7, 9, 8], "rotation": 270, "texture": "#0", "cullface": "up"}
			}
		},
		{
			"from": [5, 15, 7],
			"to": [6, 16, 9],
			"rotation": {"angle": 0, "axis": "z", "origin": [8, 0, 8]},
			"faces": {
				"north": {"uv": [8, 5, 9, 6], "rotation": 90, "texture": "#0", "cullface": "up"},
				"east": {"uv": [9, 5, 7, 6], "rotation": 180, "texture": "#0", "cullface": "up"},
				"south": {"uv": [7, 5, 8, 6], "rotation": 270, "texture": "#0", "cullface": "up"},
				"up": {"uv": [7, 5, 9, 6], "rotation": 270, "texture": "#0", "cullface": "up"}
			}
		},
		{
			"from": [10, 15, 6],
			"to": [12, 16, 9],
			"rotation": {"angle": 0, "axis": "z", "origin": [8, 0, 8]},
			"faces": {
				"north": {"uv": [9, 10, 10, 12], "rotation": 90, "texture": "#0", "cullface": "up"},
				"south": {"uv": [7, 10, 8, 12], "rotation": 270, "texture": "#0", "cullface": "up"},
				"west": {"uv": [10, 10, 7, 11], "texture": "#0", "cullface": "up"},
				"up": {"uv": [7, 10, 10, 12], "rotation": 270, "texture": "#0", "cullface": "up"}
			}
		},
		{
			"from": [4, 15, 6],
			"to": [5, 16, 10],
			"rotation": {"angle": 0, "axis": "z", "origin": [8, 0, 8]},
			"faces": {
				"north": {"uv": [9, 4, 10, 5], "rotation": 90, "texture": "#0", "cullface": "up"},
				"east": {"uv": [10, 4, 6, 5], "rotation": 180, "texture": "#0", "cullface": "up"},
				"south": {"uv": [6, 4, 7, 5], "rotation": 270, "texture": "#0", "cullface": "up"},
				"up": {"uv": [6, 4, 10, 5], "rotation": 270, "texture": "#0", "cullface": "up"}
			}
		},
		{
			"from": [9, 15, 11],
			"to": [10, 16, 12],
			"rotation": {"angle": 0, "axis": "z", "origin": [8, 0, 8]},
			"faces": {
				"north": {"uv": [4, 9, 5, 10], "rotation": 90, "texture": "#0", "cullface": "up"},
				"east": {"uv": [4, 9, 5, 10], "rotation": 180, "texture": "#0", "cullface": "up"},
				"up": {"uv": [4, 9, 5, 10], "rotation": 270, "texture": "#0", "cullface": "up"}
			}
		},
		{
			"from": [7, 15, 9],
			"to": [9, 16, 12],
			"rotation": {"angle": 0, "axis": "z", "origin": [8, 0, 8]},
			"faces": {
				"north": {"uv": [6, 7, 7, 9], "rotation": 90, "texture": "#0", "cullface": "up"},
				"east": {"uv": [7, 7, 4, 8], "rotation": 180, "texture": "#0", "cullface": "up"},
				"west": {"uv": [7, 7, 4, 8], "texture": "#0", "cullface": "up"},
				"up": {"uv": [4, 7, 7, 9], "rotation": 270, "texture": "#0", "cullface": "up"}
			}
		},
		{
			"from": [2, 15, 4],
			"to": [4, 16, 11],
			"rotation": {"angle": 0, "axis": "z", "origin": [8, 0, 8]},
			"faces": {
				"north": {"uv": [11, 2, 12, 4], "rotation": 90, "texture": "#0", "cullface": "up"},
				"east": {"uv": [12, 3, 5, 4], "rotation": 180, "texture": "#0", "cullface": "up"},
				"south": {"uv": [5, 2, 6, 4], "rotation": 270, "texture": "#0", "cullface": "up"},
				"up": {"uv": [5, 2, 12, 4], "rotation": 270, "texture": "#0", "cullface": "up"}
			}
		},
		{
			"from": [5, 15, 2],
			"to": [11, 16, 4],
			"rotation": {"angle": 0, "axis": "z", "origin": [8, 0, 8]},
			"faces": {
				"east": {"uv": [14, 10, 12, 11], "rotation": 180, "texture": "#0", "cullface": "up"},
				"south": {"uv": [12, 5, 13, 11], "rotation": 270, "texture": "#0", "cullface": "up"},
				"west": {"uv": [14, 5, 12, 6], "texture": "#0", "cullface": "up"},
				"up": {"uv": [12, 5, 14, 11], "rotation": 270, "texture": "#0", "cullface": "up"}
			}
		},
		{
			"from": [6, 15, 4],
			"to": [10, 16, 5],
			"rotation": {"angle": 0, "axis": "z", "origin": [8, 0, 8]},
			"faces": {
				"east": {"uv": [11, 9, 12, 10], "rotation": 180, "texture": "#0", "cullface": "up"},
				"south": {"uv": [11, 6, 12, 10], "rotation": 270, "texture": "#0", "cullface": "up"},
				"west": {"uv": [11, 6, 12, 7], "texture": "#0", "cullface": "up"},
				"up": {"uv": [11, 6, 12, 10], "rotation": 270, "texture": "#0", "cullface": "up"}
			}
		},
		{
			"from": [7, 15, 5],
			"to": [9, 16, 6],
			"rotation": {"angle": 0, "axis": "z", "origin": [8, 0, 8]},
			"faces": {
				"east": {"uv": [10, 8, 11, 9], "rotation": 180, "texture": "#0", "cullface": "up"},
				"south": {"uv": [10, 7, 11, 9], "rotation": 270, "texture": "#0", "cullface": "up"},
				"west": {"uv": [10, 7, 11, 8], "texture": "#0", "cullface": "up"},
				"up": {"uv": [10, 7, 11, 9], "rotation": 270, "texture": "#0", "cullface": "up"}
			}
		},
		{
			"from": [12, 0, 4],
			"to": [14, 1, 11],
			"rotation": {"angle": 0, "axis": "z", "origin": [8, 0, 8]},
			"faces": {
				"south": {"uv": [5, 2, 6, 4], "rotation": 90, "texture": "#0", "cullface": "down"},
				"west": {"uv": [12, 3, 5, 4], "texture": "#0", "cullface": "down"},
				"down": {"uv": [5, 2, 12, 4], "rotation": 90, "texture": "#0", "cullface": "down"}
			}
		},
		{
			"from": [10, 0, 7],
			"to": [11, 1, 9],
			"rotation": {"angle": 0, "axis": "z", "origin": [8, 0, 8]},
			"faces": {
				"north": {"uv": [8, 5, 9, 6], "rotation": 270, "texture": "#0", "cullface": "down"},
				"south": {"uv": [7, 5, 8, 6], "rotation": 90, "texture": "#0", "cullface": "down"},
				"west": {"uv": [9, 5, 7, 6], "texture": "#0", "cullface": "down"},
				"down": {"uv": [7, 5, 9, 6], "rotation": 90, "texture": "#0", "cullface": "down"}
			}
		},
		{
			"from": [11, 0, 6],
			"to": [12, 1, 10],
			"rotation": {"angle": 0, "axis": "z", "origin": [8, 0, 8]},
			"faces": {
				"north": {"uv": [9, 4, 10, 5], "rotation": 270, "texture": "#0", "cullface": "down"},
				"south": {"uv": [6, 4, 7, 5], "rotation": 90, "texture": "#0", "cullface": "down"},
				"west": {"uv": [10, 4, 6, 5], "texture": "#0", "cullface": "down"},
				"down": {"uv": [6, 4, 10, 5], "rotation": 90, "texture": "#0", "cullface": "down"}
			}
		},
		{
			"from": [2, 0, 4],
			"to": [4, 1, 11],
			"rotation": {"angle": 0, "axis": "z", "origin": [8, 0, 8]},
			"faces": {
				"north": {"uv": [11, 12, 12, 14], "rotation": 270, "texture": "#0", "cullface": "down"},
				"east": {"uv": [5, 12, 12, 13], "rotation": 180, "texture": "#0", "cullface": "down"},
				"south": {"uv": [5, 12, 6, 14], "rotation": 90, "texture": "#0", "cullface": "down"},
				"down": {"uv": [5, 12, 12, 14], "rotation": 90, "texture": "#0", "cullface": "down"}
			}
		},
		{
			"from": [4, 0, 4],
			"to": [5, 1, 6],
			"rotation": {"angle": 0, "axis": "z", "origin": [8, 0, 8]},
			"faces": {
				"east": {"uv": [12, 11, 10, 12], "rotation": 180, "texture": "#0", "cullface": "down"},
				"south": {"uv": [10, 11, 11, 12], "rotation": 90, "texture": "#0", "cullface": "down"},
				"down": {"uv": [10, 11, 12, 12], "rotation": 90, "texture": "#0", "cullface": "down"}
			}
		},
		{
			"from": [2, 0, 2],
			"to": [3, 1, 3],
			"rotation": {"angle": 0, "axis": "z", "origin": [8, 0, 8]},
			"faces": {
				"south": {"uv": [13, 13, 14, 14], "rotation": 90, "texture": "#0", "cullface": "down"},
				"down": {"uv": [13, 13, 14, 14], "rotation": 90, "texture": "#0", "cullface": "down"}
			}
		},
		{
			"from": [2, 0, 11],
			"to": [3, 1, 14],
			"rotation": {"angle": 0, "axis": "z", "origin": [8, 0, 8]},
			"faces": {
				"east": {"uv": [5, 13, 2, 14], "rotation": 180, "texture": "#0", "cullface": "down"},
				"down": {"uv": [2, 13, 5, 14], "rotation": 90, "texture": "#0", "cullface": "down"}
			}
		},
		{
			"from": [3, 0, 12],
			"to": [12, 1, 13],
			"rotation": {"angle": 0, "axis": "z", "origin": [8, 0, 8]},
			"faces": {
				"north": {"uv": [3, 4, 4, 13], "rotation": 270, "texture": "#0", "cullface": "down"},
				"east": {"uv": [3, 4, 4, 5], "rotation": 180, "texture": "#0", "cullface": "down"},
				"down": {"uv": [3, 4, 4, 13], "rotation": 90, "texture": "#0", "cullface": "down"}
			}
		},
		{
			"from": [3, 0, 13],
			"to": [13, 1, 14],
			"rotation": {"angle": 0, "axis": "z", "origin": [8, 0, 8]},
			"faces": {
				"north": {"uv": [2, 3, 3, 13], "rotation": 270, "texture": "#0", "cullface": "down"},
				"east": {"uv": [2, 3, 3, 4], "rotation": 180, "texture": "#0", "cullface": "down"},
				"down": {"uv": [2, 3, 3, 13], "rotation": 90, "texture": "#0", "cullface": "down"}
			}
		},
		{
			"from": [7, 0, 9],
			"to": [9, 1, 12],
			"rotation": {"angle": 0, "axis": "z", "origin": [8, 0, 8]},
			"faces": {
				"north": {"uv": [6, 7, 7, 9], "rotation": 270, "texture": "#0", "cullface": "down"},
				"east": {"uv": [7, 7, 4, 8], "rotation": 180, "texture": "#0", "cullface": "down"},
				"west": {"uv": [7, 7, 4, 8], "texture": "#0", "cullface": "down"},
				"down": {"uv": [4, 7, 7, 9], "rotation": 90, "texture": "#0", "cullface": "down"}
			}
		},
		{
			"from": [9, 0, 11],
			"to": [10, 1, 12],
			"rotation": {"angle": 0, "axis": "z", "origin": [8, 0, 8]},
			"faces": {
				"north": {"uv": [4, 6, 5, 7], "rotation": 270, "texture": "#0", "cullface": "down"},
				"east": {"uv": [4, 6, 5, 7], "rotation": 180, "texture": "#0", "cullface": "down"},
				"down": {"uv": [4, 6, 5, 7], "rotation": 90, "texture": "#0", "cullface": "down"}
			}
		},
		{
			"from": [6, 0, 11],
			"to": [7, 1, 12],
			"rotation": {"angle": 0, "axis": "z", "origin": [8, 0, 8]},
			"faces": {
				"north": {"uv": [4, 9, 5, 10], "rotation": 270, "texture": "#0", "cullface": "down"},
				"west": {"uv": [4, 9, 5, 10], "texture": "#0", "cullface": "down"},
				"down": {"uv": [4, 9, 5, 10], "rotation": 90, "texture": "#0", "cullface": "down"}
			}
		},
		{
			"from": [0, 0, 15],
			"to": [16, 2, 16],
			"rotation": {"angle": 0, "axis": "y", "origin": [8, 0, 8]},
			"faces": {
				"east": {"uv": [15, 14, 16, 16], "texture": "#0"},
				"south": {"uv": [0, 14, 16, 16], "texture": "#0"},
				"west": {"uv": [0, 14, 1, 16], "texture": "#0"},
				"up": {"uv": [0, 14, 16, 15], "rotation": 180, "texture": "#0"},
				"down": {"uv": [0, 15, 16, 16], "rotation": 180, "texture": "#0"}
			}
		},
		{
			"from": [0, 14, 15],
			"to": [16, 16, 16],
			"rotation": {"angle": 0, "axis": "y", "origin": [8, 0, 8]},
			"faces": {
				"east": {"uv": [15, 0, 16, 2], "texture": "#0"},
				"south": {"uv": [0, 0, 16, 2], "texture": "#0"},
				"west": {"uv": [0, 0, 1, 2], "texture": "#0"},
				"up": {"uv": [0, 0, 16, 1], "rotation": 180, "texture": "#0"},
				"down": {"uv": [0, 1, 16, 2], "rotation": 180, "texture": "#0"}
			}
		},
		{
			"from": [14, 2, 15],
			"to": [16, 14, 16],
			"rotation": {"angle": 0, "axis": "y", "origin": [8, 0, 8]},
			"faces": {
				"east": {"uv": [14, 2, 15, 14], "texture": "#0"},
				"south": {"uv": [14, 2, 16, 14], "texture": "#0"},
				"west": {"uv": [14, 2, 15, 14], "texture": "#0"}
			}
		},
		{
			"from": [12, 5, 15],
			"to": [14, 11, 16],
			"rotation": {"angle": 0, "axis": "y", "origin": [8, 0, 8]},
			"faces": {
				"south": {"uv": [12, 5, 14, 11], "texture": "#0", "cullface": "south"},
				"west": {"uv": [12, 5, 13, 11], "texture": "#0", "cullface": "south"},
				"up": {"uv": [14, 5, 12, 6], "rotation": 180, "texture": "#0", "cullface": "south"},
				"down": {"uv": [14, 10, 12, 11], "rotation": 180, "texture": "#0", "cullface": "south"}
			}
		},
		{
			"from": [13, 4, 15],
			"to": [14, 5, 16],
			"rotation": {"angle": 0, "axis": "y", "origin": [8, 0, 8]},
			"faces": {
				"south": {"uv": [13, 11, 14, 12], "texture": "#0", "cullface": "south"},
				"west": {"uv": [13, 11, 14, 12], "texture": "#0", "cullface": "south"},
				"down": {"uv": [13, 11, 14, 12], "rotation": 180, "texture": "#0", "cullface": "south"}
			}
		},
		{
			"from": [10, 7, 15],
			"to": [11, 9, 16],
			"rotation": {"angle": 0, "axis": "y", "origin": [8, 0, 8]},
			"faces": {
				"south": {"uv": [10, 7, 11, 9], "texture": "#0", "cullface": "south"},
				"west": {"uv": [10, 7, 11, 9], "texture": "#0", "cullface": "south"},
				"up": {"uv": [10, 7, 11, 8], "rotation": 180, "texture": "#0", "cullface": "south"},
				"down": {"uv": [10, 8, 11, 9], "rotation": 180, "texture": "#0", "cullface": "south"}
			}
		},
		{
			"from": [11, 6, 15],
			"to": [12, 10, 16],
			"rotation": {"angle": 0, "axis": "y", "origin": [8, 0, 8]},
			"faces": {
				"south": {"uv": [11, 6, 12, 10], "texture": "#0", "cullface": "south"},
				"west": {"uv": [11, 6, 12, 10], "texture": "#0", "cullface": "south"},
				"up": {"uv": [11, 6, 12, 7], "rotation": 180, "texture": "#0", "cullface": "south"},
				"down": {"uv": [11, 9, 12, 10], "rotation": 180, "texture": "#0", "cullface": "south"}
			}
		},
		{
			"from": [13, 2, 15],
			"to": [14, 3, 16],
			"rotation": {"angle": 0, "axis": "y", "origin": [8, 0, 8]},
			"faces": {
				"south": {"uv": [13, 13, 14, 14], "texture": "#0", "cullface": "south"},
				"west": {"uv": [13, 13, 14, 14], "texture": "#0", "cullface": "south"},
				"up": {"uv": [13, 13, 14, 14], "rotation": 180, "texture": "#0", "cullface": "south"}
			}
		},
		{
			"from": [5, 2, 15],
			"to": [12, 4, 16],
			"rotation": {"angle": 0, "axis": "y", "origin": [8, 0, 8]},
			"faces": {
				"east": {"uv": [11, 12, 12, 14], "texture": "#0", "cullface": "south"},
				"south": {"uv": [5, 12, 12, 14], "texture": "#0", "cullface": "south"},
				"west": {"uv": [5, 12, 6, 14], "texture": "#0", "cullface": "south"},
				"up": {"uv": [5, 12, 12, 13], "rotation": 180, "texture": "#0", "cullface": "south"}
			}
		},
		{
			"from": [2, 2, 15],
			"to": [5, 3, 16],
			"rotation": {"angle": 0, "axis": "y", "origin": [8, 0, 8]},
			"faces": {
				"south": {"uv": [2, 13, 5, 14], "texture": "#0", "cullface": "south"},
				"up": {"uv": [5, 13, 2, 14], "rotation": 180, "texture": "#0", "cullface": "south"}
			}
		},
		{
			"from": [0, 2, 15],
			"to": [2, 14, 16],
			"rotation": {"angle": 0, "axis": "y", "origin": [8, 0, 8]},
			"faces": {
				"east": {"uv": [0, 2, 1, 14], "texture": "#0"},
				"south": {"uv": [0, 2, 2, 14], "texture": "#0"},
				"west": {"uv": [0, 2, 1, 14], "texture": "#0"}
			}
		},
		{
			"from": [2, 3, 15],
			"to": [3, 13, 16],
			"rotation": {"angle": 0, "axis": "y", "origin": [8, 0, 8]},
			"faces": {
				"east": {"uv": [2, 3, 3, 13], "texture": "#0", "cullface": "south"},
				"south": {"uv": [2, 3, 3, 13], "texture": "#0", "cullface": "south"},
				"up": {"uv": [2, 3, 3, 4], "rotation": 180, "texture": "#0", "cullface": "south"}
			}
		},
		{
			"from": [3, 3, 15],
			"to": [4, 12, 16],
			"rotation": {"angle": 0, "axis": "y", "origin": [8, 0, 8]},
			"faces": {
				"east": {"uv": [3, 4, 4, 13], "texture": "#0", "cullface": "south"},
				"south": {"uv": [3, 4, 4, 13], "texture": "#0", "cullface": "south"},
				"up": {"uv": [3, 4, 4, 5], "rotation": 180, "texture": "#0", "cullface": "south"}
			}
		},
		{
			"from": [6, 4, 15],
			"to": [7, 5, 16],
			"rotation": {"angle": 0, "axis": "y", "origin": [8, 0, 8]},
			"faces": {
				"south": {"uv": [6, 11, 7, 12], "texture": "#0", "cullface": "south"},
				"west": {"uv": [6, 11, 7, 12], "texture": "#0", "cullface": "south"},
				"up": {"uv": [6, 11, 7, 12], "rotation": 180, "texture": "#0", "cullface": "south"}
			}
		},
		{
			"from": [10, 4, 15],
			"to": [12, 5, 16],
			"rotation": {"angle": 0, "axis": "y", "origin": [8, 0, 8]},
			"faces": {
				"east": {"uv": [11, 11, 12, 12], "texture": "#0", "cullface": "south"},
				"south": {"uv": [10, 11, 12, 12], "texture": "#0", "cullface": "south"},
				"up": {"uv": [12, 11, 10, 12], "rotation": 180, "texture": "#0", "cullface": "south"}
			}
		},
		{
			"from": [4, 9, 15],
			"to": [5, 10, 16],
			"rotation": {"angle": 0, "axis": "y", "origin": [8, 0, 8]},
			"faces": {
				"east": {"uv": [4, 6, 5, 7], "texture": "#0", "cullface": "south"},
				"south": {"uv": [4, 6, 5, 7], "texture": "#0", "cullface": "south"},
				"up": {"uv": [4, 6, 5, 7], "rotation": 180, "texture": "#0", "cullface": "south"}
			}
		},
		{
			"from": [8, 8, 15],
			"to": [9, 9, 16],
			"rotation": {"angle": 0, "axis": "y", "origin": [8, 0, 8]},
			"faces": {
				"east": {"uv": [8, 7, 9, 8], "texture": "#0", "cullface": "south"},
				"south": {"uv": [8, 7, 9, 8], "texture": "#0", "cullface": "south"},
				"west": {"uv": [8, 7, 9, 8], "texture": "#0", "cullface": "south"},
				"up": {"uv": [8, 7, 9, 8], "rotation": 180, "texture": "#0", "cullface": "south"},
				"down": {"uv": [8, 7, 9, 8], "rotation": 180, "texture": "#0", "cullface": "south"}
			}
		},
		{
			"from": [7, 10, 15],
			"to": [9, 11, 16],
			"rotation": {"angle": 0, "axis": "y", "origin": [8, 0, 8]},
			"faces": {
				"east": {"uv": [8, 5, 9, 6], "texture": "#0"},
				"south": {"uv": [7, 5, 9, 6], "texture": "#0"},
				"west": {"uv": [7, 5, 8, 6], "texture": "#0"},
				"down": {"uv": [9, 5, 7, 6], "rotation": 180, "texture": "#0"}
			}
		},
		{
			"from": [7, 4, 15],
			"to": [10, 6, 16],
			"rotation": {"angle": 0, "axis": "y", "origin": [8, 0, 8]},
			"faces": {
				"east": {"uv": [9, 10, 10, 12], "texture": "#0", "cullface": "south"},
				"south": {"uv": [7, 10, 10, 12], "texture": "#0", "cullface": "south"},
				"west": {"uv": [7, 10, 8, 12], "texture": "#0", "cullface": "south"},
				"up": {"uv": [10, 10, 7, 11], "rotation": 180, "texture": "#0", "cullface": "south"}
			}
		},
		{
			"from": [6, 11, 15],
			"to": [10, 12, 16],
			"rotation": {"angle": 0, "axis": "y", "origin": [8, 0, 8]},
			"faces": {
				"east": {"uv": [9, 4, 10, 5], "texture": "#0", "cullface": "south"},
				"south": {"uv": [6, 4, 10, 5], "texture": "#0", "cullface": "south"},
				"west": {"uv": [6, 4, 7, 5], "texture": "#0", "cullface": "south"},
				"down": {"uv": [10, 4, 6, 5], "rotation": 180, "texture": "#0", "cullface": "south"}
			}
		},
		{
			"from": [4, 6, 15],
			"to": [5, 7, 16],
			"rotation": {"angle": 0, "axis": "y", "origin": [8, 0, 8]},
			"faces": {
				"east": {"uv": [4, 9, 5, 10], "texture": "#0"},
				"south": {"uv": [4, 9, 5, 10], "texture": "#0"},
				"down": {"uv": [4, 9, 5, 10], "rotation": 180, "texture": "#0"}
			}
		},
		{
			"from": [4, 7, 15],
			"to": [7, 9, 16],
			"rotation": {"angle": 0, "axis": "y", "origin": [8, 0, 8]},
			"faces": {
				"east": {"uv": [6, 7, 7, 9], "texture": "#0", "cullface": "south"},
				"south": {"uv": [4, 7, 7, 9], "texture": "#0", "cullface": "south"},
				"up": {"uv": [7, 7, 4, 8], "rotation": 180, "texture": "#0", "cullface": "south"},
				"down": {"uv": [7, 7, 4, 8], "rotation": 180, "texture": "#0", "cullface": "south"}
			}
		},
		{
			"from": [5, 12, 15],
			"to": [12, 14, 16],
			"rotation": {"angle": 0, "axis": "y", "origin": [8, 0, 8]},
			"faces": {
				"east": {"uv": [11, 2, 12, 4], "texture": "#0", "cullface": "south"},
				"south": {"uv": [5, 2, 12, 4], "texture": "#0", "cullface": "south"},
				"west": {"uv": [5, 2, 6, 4], "texture": "#0", "cullface": "south"},
				"down": {"uv": [12, 3, 5, 4], "rotation": 180, "texture": "#0", "cullface": "south"}
			}
		},
		{
			"from": [15, 2, 1],
			"to": [16, 14, 2],
			"rotation": {"angle": 0, "axis": "y", "origin": [8, 8, 8]},
			"faces": {
				"east": {"uv": [14, 2, 15, 14], "texture": "#0"},
				"south": {"uv": [14, 2, 15, 14], "texture": "#0"}
			}
		},
		{
			"from": [15, 2, 14],
			"to": [16, 14, 15],
			"rotation": {"angle": 0, "axis": "y", "origin": [8, 8, 8]},
			"faces": {
				"north": {"uv": [1, 2, 2, 14], "texture": "#0", "cullface": "east"},
				"east": {"uv": [1, 2, 2, 14], "texture": "#0", "cullface": "east"}
			}
		},
		{
			"from": [0, 2, 1],
			"to": [1, 14, 2],
			"rotation": {"angle": 0, "axis": "y", "origin": [8, 8, 8]},
			"faces": {
				"south": {"uv": [1, 2, 2, 14], "texture": "#0", "cullface": "west"},
				"west": {"uv": [1, 2, 2, 14], "texture": "#0", "cullface": "west"}
			}
		},
		{
			"from": [0, 2, 14],
			"to": [1, 14, 15],
			"rotation": {"angle": 0, "axis": "y", "origin": [8, 8, 8]},
			"faces": {
				"north": {"uv": [14, 2, 15, 14], "texture": "#0", "cullface": "west"},
				"west": {"uv": [14, 2, 15, 14], "texture": "#0", "cullface": "west"}
			}
		},
		{
			"from": [2, 15, 1],
			"to": [14, 16, 2],
			"rotation": {"angle": 0, "axis": "z", "origin": [8, 8, 8]},
			"faces": {
				"south": {"uv": [1, 2, 2, 14], "rotation": 90, "texture": "#0", "cullface": "up"},
				"up": {"uv": [1, 2, 2, 14], "rotation": 90, "texture": "#0", "cullface": "up"}
			}
		},
		{
			"from": [2, 15, 14],
			"to": [14, 16, 15],
			"rotation": {"angle": 0, "axis": "z", "origin": [8, 8, 8]},
			"faces": {
				"north": {"uv": [14, 2, 15, 14], "rotation": 270, "texture": "#0", "cullface": "up"},
				"up": {"uv": [14, 2, 15, 14], "rotation": 90, "texture": "#0", "cullface": "up"}
			}
		},
		{
			"from": [1, 15, 1],
			"to": [2, 16, 15],
			"faces": {
				"east": {"uv": [1, 14, 15, 15], "texture": "#0", "cullface": "up"},
				"up": {"uv": [1, 14, 15, 15], "rotation": 90, "texture": "#0", "cullface": "up"}
			}
		},
		{
			"from": [14, 15, 1],
			"to": [15, 16, 15],
			"faces": {
				"west": {"uv": [1, 1, 15, 2], "texture": "#0", "cullface": "up"},
				"up": {"uv": [1, 1, 15, 2], "rotation": 90, "texture": "#0", "cullface": "up"}
			}
		},
		{
			"from": [14, 0, 1],
			"to": [15, 1, 15],
			"rotation": {"angle": 0, "axis": "x", "origin": [8, 8, 8]},
			"faces": {
				"west": {"uv": [1, 1, 15, 2], "rotation": 180, "texture": "#0", "cullface": "down"},
				"down": {"uv": [1, 1, 15, 2], "rotation": 90, "texture": "#0", "cullface": "down"}
			}
		},
		{
			"from": [2, 0, 14],
			"to": [14, 1, 15],
			"rotation": {"angle": 0, "axis": "x", "origin": [8, 8, 8]},
			"faces": {
				"north": {"uv": [1, 2, 2, 14], "rotation": 270, "texture": "#0", "cullface": "down"},
				"down": {"uv": [1, 2, 2, 14], "rotation": 90, "texture": "#0", "cullface": "down"}
			}
		},
		{
			"from": [1, 0, 1],
			"to": [2, 1, 15],
			"rotation": {"angle": 0, "axis": "x", "origin": [8, 8, 8]},
			"faces": {
				"east": {"uv": [1, 14, 15, 15], "rotation": 180, "texture": "#0", "cullface": "down"},
				"down": {"uv": [1, 14, 15, 15], "rotation": 90, "texture": "#0", "cullface": "down"}
			}
		},
		{
			"from": [2, 0, 1],
			"to": [14, 1, 2],
			"rotation": {"angle": 0, "axis": "x", "origin": [8, 8, 8]},
			"faces": {
				"down": {"uv": [14, 2, 15, 14], "rotation": 90, "texture": "#0", "cullface": "down"}
			}
		}
	],
	"display": {
		"thirdperson_righthand": {
			"rotation": [75, 45, 0],
			"translation": [0, 2.5, 0],
			"scale": [0.375, 0.375, 0.375]
		},
		"thirdperson_lefthand": {
			"rotation": [75, 45, 0],
			"translation": [0, 2.5, 0],
			"scale": [0.375, 0.375, 0.375]
		},
		"firstperson_righthand": {
			"rotation": [0, 45, 0],
			"scale": [0.4, 0.4, 0.4]
		},
		"firstperson_lefthand": {
			"rotation": [0, 225, 0],
			"scale": [0.4, 0.4, 0.4]
		},
		"ground": {
			"translation": [0, 3, 0],
			"scale": [0.25, 0.25, 0.25]
		},
		"gui": {
			"rotation": [30, 225, 0],
			"scale": [0.625, 0.625, 0.625]
		},
		"fixed": {
			"scale": [0.5, 0.5, 0.5]
		}
	}
}