{
	"credit": "Made with Blockbench by Valdr687",
	"parent": "minecraft:block/crop",
	"textures": {
		"crop": "block/carrots_stage2"
	},
	"elements": [
		{
			"from": [4, 0, 0],
			"to": [4, 9, 16],
			"faces": {
				"north": {"uv": [0, 5, 0, 0], "texture": "#crop"},
				"east": {"uv": [0, 6, 16, 15], "texture": "#crop"},
				"south": {"uv": [0, 5, 0, 0], "texture": "#crop"},
				"west": {"uv": [0, 6, 16, 15], "texture": "#crop"},
				"up": {"uv": [0, 0, 0, 0], "texture": "#crop"},
				"down": {"uv": [0, 0, 0, 0], "texture": "#crop"}
			}
		},
		{
			"from": [12, 0, 0],
			"to": [12, 9, 16],
			"faces": {
				"north": {"uv": [0, 5, 0, 0], "texture": "#crop"},
				"east": {"uv": [0, 6, 16, 15], "texture": "#crop"},
				"south": {"uv": [0, 5, 0, 0], "texture": "#crop"},
				"west": {"uv": [0, 6, 16, 15], "texture": "#crop"},
				"up": {"uv": [0, 0, 0, 0], "texture": "#crop"},
				"down": {"uv": [0, 0, 0, 0], "texture": "#crop"}
			}
		},
		{
			"from": [0, 0, 4],
			"to": [16, 9, 4],
			"faces": {
				"north": {"uv": [0, 6, 16, 15], "texture": "#crop"},
				"east": {"uv": [0, 0, 0, 0], "texture": "#crop"},
				"south": {"uv": [0, 6, 16, 15], "texture": "#crop"},
				"west": {"uv": [0, 0, 0, 0], "texture": "#crop"},
				"up": {"uv": [0, 0, 0, 0], "texture": "#crop"},
				"down": {"uv": [0, 0, 0, 0], "texture": "#crop"}
			}
		},
		{
			"from": [0, 0, 12],
			"to": [16, 9, 12],
			"faces": {
				"north": {"uv": [0, 6, 16, 15], "texture": "#crop"},
				"east": {"uv": [0, 0, 0, 0], "texture": "#crop"},
				"south": {"uv": [0, 6, 16, 15], "texture": "#crop"},
				"west": {"uv": [0, 0, 0, 0], "texture": "#crop"},
				"up": {"uv": [0, 0, 0, 0], "texture": "#crop"},
				"down": {"uv": [0, 0, 0, 0], "texture": "#crop"}
			}
		},
		{
			"from": [2.975, -2, 2.975],
			"to": [5.075, 0, 5.075],
			"faces": {
				"north": {"uv": [6, 0, 8, 2], "texture": "#crop"},
				"east": {"uv": [10, 0, 12, 2], "texture": "#crop"},
				"south": {"uv": [4, 0, 6, 2], "texture": "#crop"},
				"west": {"uv": [8, 0, 10, 2], "texture": "#crop"},
				"up": {"uv": [2, 0, 4, 2], "texture": "#crop"},
				"down": {"uv": [0, 0, 2, 2], "texture": "#crop"}
			}
		},
		{
			"from": [6.975, -2, 2.975],
			"to": [9.075, 0, 5.075],
			"faces": {
				"north": {"uv": [6, 0, 8, 2], "texture": "#crop"},
				"east": {"uv": [10, 0, 12, 2], "texture": "#crop"},
				"south": {"uv": [4, 0, 6, 2], "texture": "#crop"},
				"west": {"uv": [8, 0, 10, 2], "texture": "#crop"},
				"up": {"uv": [2, 0, 4, 2], "texture": "#crop"},
				"down": {"uv": [0, 0, 2, 2], "texture": "#crop"}
			}
		},
		{
			"from": [10.975, -2, 2.975],
			"to": [13.075, 0, 5.075],
			"faces": {
				"north": {"uv": [6, 0, 8, 2], "texture": "#crop"},
				"east": {"uv": [10, 0, 12, 2], "texture": "#crop"},
				"south": {"uv": [4, 0, 6, 2], "texture": "#crop"},
				"west": {"uv": [8, 0, 10, 2], "texture": "#crop"},
				"up": {"uv": [2, 0, 4, 2], "texture": "#crop"},
				"down": {"uv": [0, 0, 2, 2], "texture": "#crop"}
			}
		},
		{
			"from": [2.975, -2, 10.975],
			"to": [5.075, 0, 13.075],
			"faces": {
				"north": {"uv": [6, 0, 8, 2], "texture": "#crop"},
				"east": {"uv": [10, 0, 12, 2], "texture": "#crop"},
				"south": {"uv": [4, 0, 6, 2], "texture": "#crop"},
				"west": {"uv": [8, 0, 10, 2], "texture": "#crop"},
				"up": {"uv": [2, 0, 4, 2], "texture": "#crop"},
				"down": {"uv": [0, 0, 2, 2], "texture": "#crop"}
			}
		},
		{
			"from": [10.975, -2, 10.975],
			"to": [13.075, 0, 13.075],
			"faces": {
				"north": {"uv": [6, 0, 8, 2], "texture": "#crop"},
				"east": {"uv": [10, 0, 12, 2], "texture": "#crop"},
				"south": {"uv": [4, 0, 6, 2], "texture": "#crop"},
				"west": {"uv": [8, 0, 10, 2], "texture": "#crop"},
				"up": {"uv": [2, 0, 4, 2], "texture": "#crop"},
				"down": {"uv": [0, 0, 2, 2], "texture": "#crop"}
			}
		},
		{
			"from": [10.975, -2, 6.975],
			"to": [13.075, 0, 9.075],
			"faces": {
				"north": {"uv": [6, 0, 8, 2], "texture": "#crop"},
				"east": {"uv": [10, 0, 12, 2], "texture": "#crop"},
				"south": {"uv": [4, 0, 6, 2], "texture": "#crop"},
				"west": {"uv": [8, 0, 10, 2], "texture": "#crop"},
				"up": {"uv": [2, 0, 4, 2], "texture": "#crop"},
				"down": {"uv": [0, 0, 2, 2], "texture": "#crop"}
			}
		},
		{
			"from": [2.975, -2, 6.975],
			"to": [5.075, 0, 9.075],
			"faces": {
				"north": {"uv": [6, 0, 8, 2], "texture": "#crop"},
				"east": {"uv": [10, 0, 12, 2], "texture": "#crop"},
				"south": {"uv": [4, 0, 6, 2], "texture": "#crop"},
				"west": {"uv": [8, 0, 10, 2], "texture": "#crop"},
				"up": {"uv": [2, 0, 4, 2], "texture": "#crop"},
				"down": {"uv": [0, 0, 2, 2], "texture": "#crop"}
			}
		},
		{
			"from": [6.975, -2, 10.975],
			"to": [9.075, 0, 13.075],
			"faces": {
				"north": {"uv": [6, 0, 8, 2], "texture": "#crop"},
				"east": {"uv": [10, 0, 12, 2], "texture": "#crop"},
				"south": {"uv": [4, 0, 6, 2], "texture": "#crop"},
				"west": {"uv": [8, 0, 10, 2], "texture": "#crop"},
				"up": {"uv": [2, 0, 4, 2], "texture": "#crop"},
				"down": {"uv": [0, 0, 2, 2], "texture": "#crop"}
			}
		}
	]
}