{
	"credit": "Made with Blockbench by Valdr687",
	"parent": "minecraft:block/crop",
	"textures": {
		"crop": "block/carrots_stage3"
	},
	"elements": [
		{
			"from": [4, 1, 0],
			"to": [4, 15, 16],
			"faces": {
				"north": {"uv": [0, 0, 0, 0], "texture": "#crop"},
				"east": {"uv": [0, 0, 16, 14], "texture": "#crop"},
				"south": {"uv": [0, 0, 0, 0], "texture": "#crop"},
				"west": {"uv": [0, 0, 16, 14], "texture": "#crop"},
				"up": {"uv": [0, 0, 0, 0], "texture": "#crop"},
				"down": {"uv": [0, 0, 0, 0], "texture": "#crop"}
			}
		},
		{
			"from": [12, 1, 0],
			"to": [12, 15, 16],
			"faces": {
				"north": {"uv": [0, 0, 0, 0], "texture": "#crop"},
				"east": {"uv": [0, 0, 16, 14], "texture": "#crop"},
				"south": {"uv": [0, 0, 0, 0], "texture": "#crop"},
				"west": {"uv": [0, 0, 16, 14], "texture": "#crop"},
				"up": {"uv": [0, 0, 0, 0], "texture": "#crop"},
				"down": {"uv": [0, 0, 0, 0], "texture": "#crop"}
			}
		},
		{
			"from": [0, 1, 4],
			"to": [16, 15, 4],
			"faces": {
				"north": {"uv": [0, 0, 16, 14], "texture": "#crop"},
				"south": {"uv": [0, 0, 16, 14], "texture": "#crop"}
			}
		},
		{
			"from": [0, 1, 12],
			"to": [16, 15, 12],
			"faces": {
				"north": {"uv": [0, 0, 16, 14], "texture": "#crop"},
				"east": {"uv": [0, 0, 0, 0], "texture": "#crop"},
				"south": {"uv": [0, 0, 16, 14], "texture": "#crop"},
				"west": {"uv": [0, 0, 0, 0], "texture": "#crop"},
				"up": {"uv": [0, 0, 0, 0], "texture": "#crop"},
				"down": {"uv": [0, 0, 0, 0], "texture": "#crop"}
			}
		},
		{
			"from": [2.925, -1.5, 2.925],
			"to": [5.025, 1, 5.025],
			"faces": {
				"north": {"uv": [9, 14, 11, 16], "texture": "#crop"},
				"east": {"uv": [3, 14, 5, 16], "texture": "#crop"},
				"south": {"uv": [7, 14, 9, 16], "texture": "#crop"},
				"west": {"uv": [7, 14, 9, 16], "texture": "#crop"},
				"up": {"uv": [11, 14, 13, 16], "texture": "#crop"},
				"down": {"uv": [11, 14, 13, 16], "texture": "#crop"}
			}
		},
		{
			"from": [2.925, -1.5, 6.925],
			"to": [5.025, 1, 9.025],
			"faces": {
				"north": {"uv": [11, 14, 13, 16], "texture": "#crop"},
				"east": {"uv": [7, 14, 9, 16], "texture": "#crop"},
				"south": {"uv": [3, 14, 5, 16], "texture": "#crop"},
				"west": {"uv": [9, 14, 11, 16], "texture": "#crop"},
				"up": {"uv": [11, 14, 13, 16], "texture": "#crop"},
				"down": {"uv": [11, 14, 13, 16], "texture": "#crop"}
			}
		},
		{
			"from": [10.925, -1.5, 6.925],
			"to": [13.025, 1, 9.025],
			"faces": {
				"north": {"uv": [11, 14, 13, 16], "texture": "#crop"},
				"east": {"uv": [7, 14, 9, 16], "texture": "#crop"},
				"south": {"uv": [3, 14, 5, 16], "texture": "#crop"},
				"west": {"uv": [9, 14, 11, 16], "texture": "#crop"},
				"up": {"uv": [11, 14, 13, 16], "texture": "#crop"},
				"down": {"uv": [11, 14, 13, 16], "texture": "#crop"}
			}
		},
		{
			"from": [6.925, -1.5, 2.925],
			"to": [9.025, 1, 5.025],
			"faces": {
				"north": {"uv": [7, 14, 9, 16], "texture": "#crop"},
				"east": {"uv": [3, 14, 5, 16], "texture": "#crop"},
				"south": {"uv": [7, 14, 9, 16], "texture": "#crop"},
				"west": {"uv": [11, 14, 13, 16], "texture": "#crop"},
				"up": {"uv": [7, 14, 9, 16], "texture": "#crop"},
				"down": {"uv": [9, 14, 11, 16], "texture": "#crop"}
			}
		},
		{
			"from": [10.925, -1.5, 2.925],
			"to": [13.025, 1, 5.025],
			"faces": {
				"north": {"uv": [7, 14, 9, 16], "texture": "#crop"},
				"east": {"uv": [3, 14, 5, 16], "texture": "#crop"},
				"south": {"uv": [7, 14, 9, 16], "texture": "#crop"},
				"west": {"uv": [9, 14, 11, 16], "texture": "#crop"},
				"up": {"uv": [7, 14, 9, 16], "texture": "#crop"},
				"down": {"uv": [7, 14, 9, 16], "texture": "#crop"}
			}
		},
		{
			"from": [10.975, -1.5, 10.975],
			"to": [13.075, 1, 13.075],
			"faces": {
				"north": {"uv": [7, 14, 9, 16], "texture": "#crop"},
				"east": {"uv": [11, 14, 13, 16], "texture": "#crop"},
				"south": {"uv": [11, 14, 13, 16], "texture": "#crop"},
				"west": {"uv": [3, 14, 5, 16], "texture": "#crop"},
				"up": {"uv": [9, 14, 11, 16], "rotation": 180, "texture": "#crop"},
				"down": {"uv": [11, 14, 13, 16], "rotation": 180, "texture": "#crop"}
			}
		},
		{
			"from": [6.975, -1.5, 10.975],
			"to": [9.075, 1, 13.075],
			"faces": {
				"north": {"uv": [7, 14, 9, 16], "texture": "#crop"},
				"east": {"uv": [11, 14, 13, 16], "texture": "#crop"},
				"south": {"uv": [9, 14, 11, 16], "texture": "#crop"},
				"west": {"uv": [3, 14, 5, 16], "texture": "#crop"},
				"up": {"uv": [7, 14, 9, 16], "rotation": 180, "texture": "#crop"},
				"down": {"uv": [7, 14, 9, 16], "rotation": 180, "texture": "#crop"}
			}
		},
		{
			"from": [2.975, -1.5, 10.975],
			"to": [5.075, 1, 13.075],
			"faces": {
				"north": {"uv": [7, 14, 9, 16], "texture": "#crop"},
				"east": {"uv": [9, 14, 11, 16], "texture": "#crop"},
				"south": {"uv": [7, 14, 9, 16], "texture": "#crop"},
				"west": {"uv": [3, 14, 5, 16], "texture": "#crop"},
				"up": {"uv": [7, 14, 9, 16], "rotation": 180, "texture": "#crop"},
				"down": {"uv": [7, 14, 9, 16], "rotation": 180, "texture": "#crop"}
			}
		}
	]
}