{
	"credit": "Made with Blockbench by Valdr687",
	"ambientocclusion": false,
	"textures": {
		"0": "block/cartography_table_side1",
		"1": "block/cartography_table_side2",
		"2": "block/cartography_table_side3",
		"3": "block/cartography_table_top",
		"particle": "block/cartography_table_side1"
	},
	"elements": [
		{
			"from": [0, 0, 0],
			"to": [16, 2, 16],
			"faces": {
				"north": {"uv": [0, 14, 16, 16], "texture": "#2", "cullface": "north"},
				"east": {"uv": [0, 14, 16, 16], "texture": "#2", "cullface": "east"},
				"south": {"uv": [0, 14, 16, 16], "texture": "#0", "cullface": "south"},
				"west": {"uv": [0, 14, 16, 16], "texture": "#1"},
				"up": {"uv": [0, 0, 16, 16], "texture": "#2"},
				"down": {"uv": [0, 0, 16, 16], "texture": "#2"}
			}
		},
		{
			"from": [0, 8, 4],
			"to": [16, 16, 12],
			"faces": {
				"east": {"uv": [4, 0, 12, 8], "texture": "#2", "cullface": "east"},
				"west": {"uv": [4, 0, 12, 8], "texture": "#1"},
				"up": {"uv": [0, 4, 16, 12], "texture": "#3", "cullface": "up"},
				"down": {"uv": [0, 0, 16, 8], "texture": "#2"}
			}
		},
		{
			"from": [7, 2, 4],
			"to": [9, 8, 12],
			"faces": {
				"east": {"uv": [0, 0, 8, 6], "texture": "#2"},
				"west": {"uv": [0, 0, 8, 6], "texture": "#1"}
			}
		},
		{
			"from": [0, 2, 12],
			"to": [4, 16, 16],
			"faces": {
				"north": {"uv": [0, 0, 16, 14], "texture": "#2", "cullface": "west"},
				"east": {"uv": [0, 0, 4, 14], "texture": "#2"},
				"south": {"uv": [0, 0, 4, 14], "texture": "#0", "cullface": "south"},
				"west": {"uv": [12, 0, 16, 14], "texture": "#1"}
			}
		},
		{
			"from": [12, 2, 12],
			"to": [16, 16, 16],
			"faces": {
				"north": {"uv": [0, 0, 16, 14], "texture": "#2", "cullface": "east"},
				"east": {"uv": [0, 0, 4, 14], "texture": "#2", "cullface": "east"},
				"south": {"uv": [12, 0, 16, 14], "texture": "#0", "cullface": "south"},
				"west": {"uv": [12, 0, 16, 14], "texture": "#1"},
				"up": {"uv": [12, 12, 16, 16], "texture": "#3", "cullface": "up"}
			}
		},
		{
			"from": [0, 2, 0],
			"to": [16, 16, 4],
			"faces": {
				"north": {"uv": [0, 0, 16, 14], "texture": "#2", "cullface": "north"},
				"east": {"uv": [12, 0, 16, 14], "texture": "#2", "cullface": "east"},
				"south": {"uv": [0, 0, 16, 14], "texture": "#2"},
				"west": {"uv": [0, 0, 4, 14], "texture": "#1"},
				"up": {"uv": [0, 0, 16, 4], "texture": "#3", "cullface": "up"}
			}
		},
		{
			"from": [4, 8, 12],
			"to": [12, 16, 16],
			"faces": {
				"south": {"uv": [4, 0, 12, 8], "texture": "#0", "cullface": "south"},
				"up": {"uv": [4, 12, 12, 16], "texture": "#3", "cullface": "up"},
				"down": {"uv": [0, 0, 8, 4], "texture": "#2"}
			}
		},
		{
			"from": [4, 2, 14.5],
			"to": [12, 8, 15.5],
			"faces": {
				"north": {"uv": [0, 0, 8, 6], "texture": "#missing", "cullface": "north"},
				"south": {"uv": [3, 8, 11, 14], "texture": "#0", "cullface": "south"}
			}
		},
		{
			"from": [5, 4, 14.75],
			"to": [7, 6, 15.75],
			"faces": {
				"east": {"uv": [5, 10, 6, 12], "texture": "#0", "cullface": "south"},
				"south": {"uv": [4, 10, 6, 12], "texture": "#0", "cullface": "south"},
				"west": {"uv": [4, 10, 5, 12], "texture": "#0", "cullface": "south"},
				"up": {"uv": [4, 10, 6, 11], "texture": "#0", "cullface": "south"},
				"down": {"uv": [4, 11, 6, 12], "texture": "#0", "cullface": "south"}
			}
		},
		{
			"from": [4, 2, 12],
			"to": [12, 8, 13],
			"faces": {
				"north": {"uv": [4, 0, 12, 6], "texture": "#2"},
				"south": {"uv": [0, 0, 8, 6], "texture": "#missing"}
			}
		},
		{
			"from": [0, 3.25, 5.9],
			"to": [6, 4.25, 6.9],
			"rotation": {"angle": -22.5, "axis": "x", "origin": [3, 3.5, 5.75]},
			"faces": {
				"north": {"uv": [5, 12, 6, 13], "texture": "#1", "cullface": "west"},
				"east": {"uv": [5, 12, 6, 13], "texture": "#1", "cullface": "west"},
				"south": {"uv": [5, 12, 6, 13], "texture": "#1", "cullface": "west"},
				"west": {"uv": [5, 12, 6, 13], "texture": "#1", "cullface": "west"},
				"up": {"uv": [5, 12, 6, 13], "texture": "#1", "cullface": "west"},
				"down": {"uv": [5, 12, 6, 13], "texture": "#1", "cullface": "west"}
			}
		},
		{
			"from": [0.5, 2.25, 4.9],
			"to": [5.5, 5.25, 7.9],
			"rotation": {"angle": -22.5, "axis": "x", "origin": [3, 3.5, 5.75]},
			"faces": {
				"north": {"uv": [5, 8, 9, 9], "texture": "#1", "cullface": "west"},
				"east": {"uv": [0, 0, 3, 3], "texture": "#missing", "cullface": "west"},
				"south": {"uv": [5, 8, 9, 9], "texture": "#1", "cullface": "west"},
				"west": {"uv": [4, 11, 7, 14], "texture": "#1", "cullface": "west"},
				"up": {"uv": [5, 8, 9, 9], "texture": "#1", "cullface": "west"},
				"down": {"uv": [5, 8, 9, 9], "texture": "#1", "cullface": "west"}
			}
		},
		{
			"from": [9, 3, 9.25],
			"to": [15, 4, 10.25],
			"faces": {
				"north": {"uv": [5, 12, 6, 13], "texture": "#1", "cullface": "east"},
				"east": {"uv": [5, 12, 6, 13], "texture": "#1", "cullface": "east"},
				"south": {"uv": [5, 12, 6, 13], "texture": "#1", "cullface": "east"},
				"up": {"uv": [5, 12, 6, 13], "texture": "#1", "cullface": "east"},
				"down": {"uv": [5, 12, 6, 13], "texture": "#1", "cullface": "east"}
			}
		},
		{
			"from": [9.5, 2, 8.25],
			"to": [14.5, 5, 11.25],
			"faces": {
				"north": {"uv": [5, 8, 9, 9], "texture": "#1", "cullface": "east"},
				"east": {"uv": [8, 8, 11, 11], "texture": "#1", "cullface": "east"},
				"south": {"uv": [5, 8, 9, 9], "texture": "#1", "cullface": "east"},
				"west": {"uv": [4, 11, 7, 14], "texture": "#1", "cullface": "east"},
				"up": {"uv": [5, 8, 9, 9], "texture": "#1", "cullface": "east"}
			}
		},
		{
			"from": [0.5, 6, 8.5],
			"to": [6.5, 7, 9.5],
			"faces": {
				"north": {"uv": [5, 12, 6, 13], "texture": "#1", "cullface": "west"},
				"east": {"uv": [5, 12, 6, 13], "texture": "#1", "cullface": "west"},
				"south": {"uv": [5, 12, 6, 13], "texture": "#1", "cullface": "west"},
				"west": {"uv": [5, 12, 6, 13], "texture": "#1", "cullface": "west"},
				"up": {"uv": [5, 12, 6, 13], "texture": "#1", "cullface": "west"},
				"down": {"uv": [5, 12, 6, 13], "texture": "#1", "cullface": "west"}
			}
		},
		{
			"from": [1, 5, 7.5],
			"to": [6, 8, 10.5],
			"faces": {
				"north": {"uv": [5, 8, 9, 9], "texture": "#1", "cullface": "west"},
				"east": {"uv": [0, 0, 3, 3], "texture": "#missing", "cullface": "west"},
				"south": {"uv": [5, 8, 9, 9], "texture": "#1", "cullface": "west"},
				"west": {"uv": [8, 8, 11, 11], "texture": "#1", "cullface": "west"},
				"down": {"uv": [5, 8, 9, 9], "texture": "#1", "cullface": "west"}
			}
		},
		{
			"from": [10, 3.25, 5.9],
			"to": [16, 4.25, 6.9],
			"rotation": {"angle": -22.5, "axis": "x", "origin": [3, 3.5, 5.75]},
			"faces": {
				"north": {"uv": [5, 12, 6, 13], "texture": "#1", "cullface": "east"},
				"east": {"uv": [5, 12, 6, 13], "texture": "#1", "cullface": "east"},
				"south": {"uv": [5, 12, 6, 13], "texture": "#1", "cullface": "east"},
				"west": {"uv": [5, 12, 6, 13], "texture": "#1", "cullface": "east"},
				"up": {"uv": [5, 12, 6, 13], "texture": "#1", "cullface": "east"},
				"down": {"uv": [5, 12, 6, 13], "texture": "#1", "cullface": "east"}
			}
		},
		{
			"from": [10.5, 2.25, 4.9],
			"to": [15.5, 5.25, 7.9],
			"rotation": {"angle": -22.5, "axis": "x", "origin": [3, 3.5, 5.75]},
			"faces": {
				"north": {"uv": [5, 8, 9, 9], "texture": "#1", "cullface": "east"},
				"east": {"uv": [8, 11, 11, 14], "texture": "#1", "cullface": "east"},
				"south": {"uv": [5, 8, 9, 9], "texture": "#1", "cullface": "east"},
				"west": {"uv": [4, 11, 7, 14], "texture": "#1", "cullface": "east"},
				"up": {"uv": [5, 8, 9, 9], "texture": "#1", "cullface": "east"},
				"down": {"uv": [5, 8, 9, 9], "texture": "#1", "cullface": "east"}
			}
		},
		{
			"from": [10.25, 6, 8.5],
			"to": [16.25, 7, 9.5],
			"faces": {
				"north": {"uv": [5, 12, 6, 13], "texture": "#1", "cullface": "east"},
				"east": {"uv": [5, 12, 6, 13], "texture": "#1", "cullface": "east"},
				"south": {"uv": [5, 12, 6, 13], "texture": "#1", "cullface": "east"},
				"west": {"uv": [5, 12, 6, 13], "texture": "#1", "cullface": "east"},
				"up": {"uv": [5, 12, 6, 13], "texture": "#1", "cullface": "east"},
				"down": {"uv": [5, 12, 6, 13], "texture": "#1", "cullface": "east"}
			}
		},
		{
			"from": [10.75, 5, 7.5],
			"to": [15.75, 8, 10.5],
			"faces": {
				"north": {"uv": [5, 8, 9, 9], "texture": "#1", "cullface": "east"},
				"east": {"uv": [4, 11, 7, 14], "texture": "#1", "cullface": "east"},
				"south": {"uv": [5, 8, 9, 9], "texture": "#1", "cullface": "east"},
				"west": {"uv": [8, 8, 11, 11], "texture": "#1", "cullface": "east"},
				"down": {"uv": [5, 8, 9, 9], "texture": "#1", "cullface": "east"}
			}
		},
		{
			"from": [0.75, 3, 9.25],
			"to": [6.75, 4, 10.25],
			"faces": {
				"north": {"uv": [5, 12, 6, 13], "texture": "#1", "cullface": "west"},
				"east": {"uv": [5, 12, 6, 13], "texture": "#1", "cullface": "west"},
				"south": {"uv": [5, 12, 6, 13], "texture": "#1", "cullface": "west"},
				"west": {"uv": [5, 12, 6, 13], "texture": "#1", "cullface": "west"},
				"up": {"uv": [5, 12, 6, 13], "texture": "#1", "cullface": "west"},
				"down": {"uv": [5, 12, 6, 13], "texture": "#1", "cullface": "west"}
			}
		},
		{
			"from": [1.25, 2, 8.25],
			"to": [6.25, 5, 11.25],
			"faces": {
				"north": {"uv": [5, 8, 9, 9], "texture": "#1", "cullface": "west"},
				"east": {"uv": [8, 8, 11, 11], "texture": "#1", "cullface": "west"},
				"south": {"uv": [5, 8, 9, 9], "texture": "#1", "cullface": "west"},
				"west": {"uv": [4, 11, 7, 14], "texture": "#1", "cullface": "west"},
				"up": {"uv": [5, 8, 9, 9], "texture": "#1", "cullface": "west"}
			}
		},
		{
			"from": [-0.5, 11, 11],
			"to": [5, 16.5, 16.5],
			"faces": {
				"north": {"uv": [0, 11, 5, 16], "texture": "#3"},
				"east": {"uv": [11, 5, 16, 0], "texture": "#1"},
				"south": {"uv": [0, 0, 5, 5], "texture": "#0"},
				"west": {"uv": [11, 0, 16, 5], "texture": "#1"},
				"up": {"uv": [0, 11, 5, 16], "texture": "#3", "cullface": "up"},
				"down": {"uv": [5, 5, 0, 0], "texture": "#0"}
			}
		},
		{
			"from": [2, 16, 2],
			"to": [6, 17, 3],
			"faces": {
				"north": {"uv": [2, 2, 6, 3], "texture": "#3", "cullface": "up"},
				"east": {"uv": [5, 2, 6, 3], "texture": "#3", "cullface": "up"},
				"south": {"uv": [2, 2, 6, 3], "texture": "#3", "cullface": "up"},
				"west": {"uv": [2, 2, 3, 3], "texture": "#3", "cullface": "up"},
				"up": {"uv": [2, 2, 6, 3], "texture": "#3", "cullface": "up"}
			}
		},
		{
			"from": [2, 16, 5],
			"to": [6, 17, 6],
			"faces": {
				"north": {"uv": [2, 5, 6, 6], "texture": "#3", "cullface": "up"},
				"east": {"uv": [5, 5, 6, 6], "texture": "#3", "cullface": "up"},
				"south": {"uv": [2, 5, 6, 6], "texture": "#3", "cullface": "up"},
				"west": {"uv": [2, 5, 3, 6], "texture": "#3", "cullface": "up"},
				"up": {"uv": [2, 5, 6, 6], "texture": "#3", "cullface": "up"}
			}
		},
		{
			"from": [2, 16, 3],
			"to": [3, 17, 5],
			"faces": {
				"east": {"uv": [2, 3, 3, 5], "texture": "#3", "cullface": "up"},
				"west": {"uv": [2, 3, 3, 5], "rotation": 270, "texture": "#3", "cullface": "up"},
				"up": {"uv": [2, 3, 3, 5], "texture": "#3", "cullface": "up"}
			}
		},
		{
			"from": [5, 16, 3],
			"to": [6, 17, 5],
			"faces": {
				"east": {"uv": [5, 3, 6, 5], "rotation": 90, "texture": "#3", "cullface": "up"},
				"west": {"uv": [5, 3, 6, 5], "texture": "#3", "cullface": "up"},
				"up": {"uv": [5, 3, 6, 5], "texture": "#3", "cullface": "up"}
			}
		},
		{
			"from": [3.025, 16, 3.025],
			"to": [5, 16.25, 5],
			"faces": {
				"north": {"uv": [0, 0, 2, 0.25], "texture": "#missing"},
				"west": {"uv": [0, 0, 2, 0.25], "texture": "#missing"},
				"up": {"uv": [3, 3, 5, 5], "texture": "#3"}
			}
		},
		{
			"from": [4, 16, 3],
			"to": [5, 16.5, 4],
			"faces": {
				"south": {"uv": [11, 6, 12, 7], "texture": "#3"},
				"west": {"uv": [11, 6, 12, 7], "texture": "#3"},
				"up": {"uv": [11, 6, 12, 7], "texture": "#3"}
			}
		},
		{
			"from": [3, 16, 4],
			"to": [4, 16.5, 5],
			"faces": {
				"north": {"uv": [3, 4, 4, 5], "texture": "#3", "cullface": "up"},
				"east": {"uv": [3, 4, 4, 5], "texture": "#3", "cullface": "up"},
				"up": {"uv": [3, 4, 4, 5], "texture": "#3", "cullface": "up"}
			}
		},
		{
			"from": [9, 15.25, 3],
			"to": [14, 16.25, 11],
			"faces": {
				"north": {"uv": [9, 3, 11, 4], "texture": "#3", "cullface": "up"},
				"east": {"uv": [13, 10, 14, 11], "texture": "#3", "cullface": "up"},
				"south": {"uv": [12, 10, 14, 11], "texture": "#3", "cullface": "up"},
				"west": {"uv": [9, 3, 10, 4], "texture": "#3", "cullface": "up"},
				"up": {"uv": [9, 3, 14, 11], "texture": "#3", "cullface": "up"}
			}
		},
		{
			"from": [14, 15.25, 2],
			"to": [15, 16.25, 10],
			"faces": {
				"north": {"uv": [14, 2, 15, 3], "texture": "#3", "cullface": "up"},
				"east": {"uv": [14, 2, 15, 10], "rotation": 90, "texture": "#3", "cullface": "up"},
				"south": {"uv": [14, 9, 15, 10], "texture": "#3", "cullface": "up"},
				"up": {"uv": [14, 2, 15, 10], "texture": "#3", "cullface": "up"}
			}
		},
		{
			"from": [8, 15.25, 4],
			"to": [9, 16.25, 11],
			"faces": {
				"north": {"uv": [8, 4, 9, 5], "texture": "#3", "cullface": "up"},
				"south": {"uv": [8, 10, 9, 11], "texture": "#3", "cullface": "up"},
				"west": {"uv": [8, 4, 9, 11], "rotation": 90, "texture": "#3", "cullface": "up"},
				"up": {"uv": [8, 4, 9, 11], "texture": "#3", "cullface": "up"}
			}
		},
		{
			"from": [9, 15.25, 11],
			"to": [12, 16.25, 12],
			"faces": {
				"east": {"uv": [9, 11, 12, 12], "texture": "#3", "cullface": "up"},
				"south": {"uv": [9, 11, 12, 12], "texture": "#3", "cullface": "up"},
				"west": {"uv": [9, 11, 12, 12], "texture": "#3", "cullface": "up"},
				"up": {"uv": [9, 11, 12, 12], "texture": "#3", "cullface": "up"}
			}
		},
		{
			"from": [11, 15.25, 2],
			"to": [14, 16.25, 3],
			"faces": {
				"north": {"uv": [11, 2, 14, 3], "texture": "#3", "cullface": "up"},
				"west": {"uv": [11, 2, 12, 3], "texture": "#3", "cullface": "up"},
				"up": {"uv": [11, 2, 14, 3], "texture": "#3", "cullface": "up"}
			}
		},
		{
			"from": [12, 16, 4],
			"to": [13, 16.75, 5],
			"faces": {
				"north": {"uv": [12, 4, 13, 5], "texture": "#3", "cullface": "up"},
				"east": {"uv": [12, 4, 13, 5], "texture": "#3", "cullface": "up"},
				"south": {"uv": [12, 4, 13, 5], "texture": "#3", "cullface": "up"},
				"west": {"uv": [12, 4, 13, 5], "texture": "#3", "cullface": "up"},
				"up": {"uv": [12, 4, 13, 5], "texture": "#3", "cullface": "up"}
			}
		}
	],
	"display": {
		"thirdperson_righthand": {
			"rotation": [75, 45, 0],
			"translation": [0, 2.5, 0],
			"scale": [0.375, 0.375, 0.375]
		},
		"thirdperson_lefthand": {
			"rotation": [75, 45, 0],
			"translation": [0, 2.5, 0],
			"scale": [0.375, 0.375, 0.375]
		},
		"firstperson_righthand": {
			"rotation": [0, 45, 0],
			"scale": [0.4, 0.4, 0.4]
		},
		"firstperson_lefthand": {
			"rotation": [0, 225, 0],
			"scale": [0.4, 0.4, 0.4]
		},
		"ground": {
			"translation": [0, 3, 0],
			"scale": [0.25, 0.25, 0.25]
		},
		"gui": {
			"rotation": [30, 225, 0],
			"scale": [0.625, 0.625, 0.625]
		},
		"fixed": {
			"scale": [0.5, 0.5, 0.5]
		}
	},
	"groups": [
		{
			"name": "group",
			"origin": [0, 0, 0],
			"color": 0,
			"children": [0, 1, 2, 3, 4, 5, 6, 7, 8, 9]
		},
		{
			"name": "group",
			"origin": [8, 8, 8],
			"color": 0,
			"children": [10, 11]
		},
		{
			"name": "group",
			"origin": [8, 8, 8],
			"color": 0,
			"children": [12, 13]
		},
		{
			"name": "group",
			"origin": [8, 8, 8],
			"color": 0,
			"children": [14, 15]
		},
		{
			"name": "group",
			"origin": [8, 8, 8],
			"color": 0,
			"children": [16, 17]
		},
		{
			"name": "group",
			"origin": [8, 8, 8],
			"color": 0,
			"children": [18, 19]
		},
		{
			"name": "group",
			"origin": [8, 8, 8],
			"color": 0,
			"children": [20, 21]
		},
		{
			"name": "group",
			"origin": [0, 0, 0],
			"color": 0,
			"children": [22, 23, 24, 25, 26, 27, 28, 29]
		},
		{
			"name": "group",
			"origin": [0, 0, 0],
			"color": 0,
			"children": [30, 31, 32, 33, 34, 35]
		}
	]
}