{
	"credit": "Made with Blockbench by Valdr687",
	"ambientocclusion": false,
	"textures": {
		"0": "block/cauldron_side",
		"1": "block/cauldron_top",
		"2": "block/cauldron_bottom",
		"3": "block/cauldron_inner",
		"particle": "block/cauldron_side"
	},
	"elements": [
		{
			"from": [2, 3, 14],
			"to": [15, 13, 15],
			"faces": {
				"north": {"uv": [2, 3, 15, 13], "texture": "#0"},
				"east": {"uv": [0, 3, 1, 13], "texture": "#0"},
				"south": {"uv": [2, 3, 15, 13], "texture": "#0"},
				"up": {"uv": [2, 3, 15, 4], "texture": "#0"}
			}
		},
		{
			"from": [1, 2, 1],
			"to": [15, 3, 15],
			"faces": {
				"north": {"uv": [1, 13, 15, 14], "texture": "#0"},
				"east": {"uv": [1, 13, 15, 14], "texture": "#0"},
				"south": {"uv": [1, 13, 15, 14], "texture": "#0"},
				"west": {"uv": [1, 13, 15, 14], "texture": "#0"},
				"up": {"uv": [0, 0, 16, 16], "texture": "#3"},
				"down": {"uv": [0, 0, 16, 16], "texture": "#3"}
			}
		},
		{
			"from": [1, 3, 2],
			"to": [2, 13, 15],
			"faces": {
				"east": {"uv": [2, 3, 15, 13], "texture": "#0"},
				"south": {"uv": [0, 3, 1, 13], "texture": "#0"},
				"west": {"uv": [2, 3, 15, 13], "texture": "#0"},
				"up": {"uv": [2, 3, 15, 4], "rotation": 90, "texture": "#0"}
			}
		},
		{
			"from": [14, 3, 1],
			"to": [15, 13, 14],
			"faces": {
				"north": {"uv": [0, 3, 0.75, 13], "texture": "#0"},
				"east": {"uv": [2, 3, 15, 13], "texture": "#0"},
				"west": {"uv": [2, 3, 15, 13], "texture": "#0"},
				"up": {"uv": [2, 3, 15, 4], "rotation": 90, "texture": "#0"}
			}
		},
		{
			"from": [1, 3, 1],
			"to": [14, 13, 2],
			"faces": {
				"north": {"uv": [2, 3, 15, 13], "texture": "#0"},
				"south": {"uv": [2, 3, 15, 13], "texture": "#0"},
				"west": {"uv": [0, 3, 1, 13], "texture": "#0"},
				"up": {"uv": [2, 3, 15, 4], "texture": "#0"}
			}
		},
		{
			"from": [1.5, 13, 1.5],
			"to": [13.5, 14, 2.5],
			"faces": {
				"north": {"uv": [1, 2, 16, 3], "texture": "#0"},
				"south": {"uv": [0, 0, 12, 1], "texture": "#0"},
				"west": {"uv": [0, 2, 1, 3], "texture": "#0"},
				"up": {"uv": [2, 2, 14, 3], "texture": "#1"},
				"down": {"uv": [0, 0, 12, 1], "texture": "#0"}
			}
		},
		{
			"from": [2.5, 13, 13.5],
			"to": [14.5, 14, 14.5],
			"faces": {
				"north": {"uv": [0, 0, 12, 1], "texture": "#0"},
				"east": {"uv": [0, 2, 1, 3], "texture": "#0"},
				"south": {"uv": [1, 2, 16, 3], "texture": "#0"},
				"up": {"uv": [2, 13, 14, 14], "texture": "#1"},
				"down": {"uv": [0, 0, 12, 1], "texture": "#0"}
			}
		},
		{
			"from": [13.5, 13, 1.5],
			"to": [14.5, 14, 13.5],
			"faces": {
				"north": {"uv": [0, 2, 1, 3], "texture": "#0"},
				"east": {"uv": [1, 2, 16, 3], "texture": "#0"},
				"west": {"uv": [1, 2, 16, 3], "texture": "#0"},
				"up": {"uv": [2, 2, 3, 14], "texture": "#1"},
				"down": {"uv": [0, 0, 1, 12], "texture": "#0"}
			}
		},
		{
			"from": [1.5, 13, 2.5],
			"to": [2.5, 14, 14.5],
			"faces": {
				"east": {"uv": [0, 0, 12, 1], "texture": "#0"},
				"south": {"uv": [0, 2, 1, 3], "texture": "#0"},
				"west": {"uv": [1, 2, 16, 3], "texture": "#0"},
				"up": {"uv": [13, 2, 14, 14], "texture": "#1"},
				"down": {"uv": [0, 0, 1, 12], "texture": "#0"}
			}
		},
		{
			"from": [1.75, 14, 0.75],
			"to": [15.25, 15, 1.75],
			"faces": {
				"north": {"uv": [0, 0, 13.5, 1], "texture": "#0"},
				"east": {"uv": [15, 1, 16, 2], "texture": "#0"},
				"south": {"uv": [1, 1, 14.5, 2], "texture": "#1"},
				"up": {"uv": [1, 1, 14.5, 2], "texture": "#1"},
				"down": {"uv": [0, 0, 13.5, 1], "texture": "#0"}
			}
		},
		{
			"from": [0.75, 14, 14.25],
			"to": [14.25, 15, 15.25],
			"faces": {
				"north": {"uv": [1, 1, 14.5, 2], "texture": "#1"},
				"south": {"uv": [0, 1, 15, 2], "texture": "#0"},
				"west": {"uv": [15, 1, 16, 2], "texture": "#0"},
				"up": {"uv": [1, 14, 14.5, 15], "texture": "#1"},
				"down": {"uv": [0, 0, 13.5, 1], "texture": "#0"}
			}
		},
		{
			"from": [14.25, 14, 1.75],
			"to": [15.25, 15, 15.25],
			"faces": {
				"east": {"uv": [0, 1, 15, 2], "texture": "#0"},
				"south": {"uv": [15, 1, 16, 2], "texture": "#0"},
				"west": {"uv": [1, 1, 14.5, 2], "texture": "#1"},
				"up": {"uv": [1, 1, 2, 14.5], "texture": "#1"},
				"down": {"uv": [0, 0, 1, 13.5], "texture": "#0"}
			}
		},
		{
			"from": [0.75, 14, 0.75],
			"to": [1.75, 15, 14.25],
			"rotation": {"angle": 0, "axis": "y", "origin": [1.25, 14.5, 7.5]},
			"faces": {
				"north": {"uv": [0, 0, 1, 1], "texture": "#0"},
				"east": {"uv": [1, 1, 14.5, 2], "texture": "#1"},
				"west": {"uv": [0, 1, 15, 2], "texture": "#0"},
				"up": {"uv": [14, 1, 15, 14.5], "texture": "#1"},
				"down": {"uv": [0, 0, 1, 13.5], "texture": "#0"}
			}
		},
		{
			"from": [1, 15, 0],
			"to": [16, 16, 1],
			"faces": {
				"north": {"uv": [0, 0, 16, 1], "texture": "#1"},
				"east": {"uv": [0, 0, 1, 1], "texture": "#1"},
				"south": {"uv": [0, 0, 16, 1], "texture": "#1"},
				"up": {"uv": [0, 0, 16, 1], "texture": "#1"},
				"down": {"uv": [0, 0, 16, 1], "texture": "#1"}
			}
		},
		{
			"from": [0, 15, 15],
			"to": [15, 16, 16],
			"faces": {
				"north": {"uv": [0, 0, 15, 1], "texture": "#0"},
				"south": {"uv": [0, 0, 15, 1], "texture": "#0"},
				"west": {"uv": [15, 0, 16, 1], "texture": "#0"},
				"up": {"uv": [1, 15, 16, 16], "texture": "#1"},
				"down": {"uv": [0, 0, 15, 1], "texture": "#0"}
			}
		},
		{
			"from": [15, 15, 1],
			"to": [16, 16, 16],
			"faces": {
				"east": {"uv": [0, 0, 15, 1], "texture": "#0"},
				"south": {"uv": [15, 0, 16, 1], "texture": "#0"},
				"west": {"uv": [0, 0, 15, 1], "texture": "#0"},
				"up": {"uv": [0, 0, 1, 15], "texture": "#1"},
				"down": {"uv": [0, 0, 1, 15], "texture": "#0"}
			}
		},
		{
			"from": [0, 15, 0],
			"to": [1, 16, 15],
			"faces": {
				"north": {"uv": [0, 0, 1, 1], "texture": "#0"},
				"east": {"uv": [0, 0, 15, 1], "texture": "#0"},
				"west": {"uv": [0, 0, 15, 1], "texture": "#0"},
				"up": {"uv": [15, 1, 16, 16], "texture": "#1"},
				"down": {"uv": [0, 0, 1, 15], "texture": "#0"}
			}
		},
		{
			"from": [2, 0, 14],
			"to": [5, 2, 15],
			"rotation": {"angle": 0, "axis": "y", "origin": [2.25, 0.5, 14]},
			"faces": {
				"north": {"uv": [0, 0, 1, 1], "texture": "#0"},
				"east": {"uv": [0, 0, 1, 1], "texture": "#0"},
				"south": {"uv": [2, 14, 5, 16], "texture": "#0"},
				"down": {"uv": [0, 0, 1, 1], "rotation": 90, "texture": "#2", "cullface": "down"}
			}
		},
		{
			"from": [1, 0, 11],
			"to": [2, 2, 15],
			"rotation": {"angle": 0, "axis": "y", "origin": [2.25, 0.5, 14]},
			"faces": {
				"north": {"uv": [0, 0, 1, 2], "texture": "#0"},
				"east": {"uv": [0, 0, 2, 2], "texture": "#0"},
				"south": {"uv": [0, 14, 1, 16], "texture": "#0"},
				"west": {"uv": [12, 14, 16, 16], "texture": "#0"},
				"down": {"uv": [0, 0, 2, 1], "rotation": 90, "texture": "#2", "cullface": "down"}
			}
		},
		{
			"from": [1, 0, 2],
			"to": [2, 2, 5],
			"faces": {
				"east": {"uv": [0, 0, 1, 2], "texture": "#0"},
				"south": {"uv": [0, 0, 1, 2], "texture": "#0"},
				"west": {"uv": [2, 14, 5, 16], "texture": "#0"},
				"down": {"uv": [0, 0, 1, 1], "texture": "#2", "cullface": "down"}
			}
		},
		{
			"from": [1, 0, 1],
			"to": [5, 2, 2],
			"faces": {
				"north": {"uv": [12, 14, 16, 16], "texture": "#0"},
				"east": {"uv": [0, 0, 1, 2], "texture": "#0"},
				"south": {"uv": [0, 0, 2, 2], "texture": "#0"},
				"west": {"uv": [0, 14, 1, 16], "texture": "#0"},
				"down": {"uv": [0, 0, 2, 1], "texture": "#2", "cullface": "down"}
			}
		},
		{
			"from": [14, 0, 11],
			"to": [15, 2, 14],
			"rotation": {"angle": 0, "axis": "y", "origin": [14, 0.5, 13.75]},
			"faces": {
				"north": {"uv": [0, 0, 1, 2], "texture": "#0"},
				"east": {"uv": [2, 14, 5, 16], "texture": "#0"},
				"west": {"uv": [0, 0, 3, 2], "texture": "#0"},
				"down": {"uv": [0, 0, 1, 3], "rotation": 180, "texture": "#2", "cullface": "down"}
			}
		},
		{
			"from": [11, 0, 14],
			"to": [15, 2, 15],
			"rotation": {"angle": 0, "axis": "y", "origin": [14, 0.5, 13.75]},
			"faces": {
				"north": {"uv": [0, 0, 4, 2], "texture": "#0"},
				"east": {"uv": [0, 14, 1, 16], "texture": "#0"},
				"south": {"uv": [12, 14, 16, 16], "texture": "#0"},
				"west": {"uv": [0, 0, 1, 2], "texture": "#0"},
				"down": {"uv": [12, 0, 16, 1], "rotation": 180, "texture": "#2", "cullface": "down"}
			}
		},
		{
			"from": [11, 0, 1],
			"to": [14, 2, 2],
			"rotation": {"angle": 0, "axis": "y", "origin": [13.75, 0.5, 2]},
			"faces": {
				"north": {"uv": [2, 14, 5, 16], "texture": "#0"},
				"south": {"uv": [0, 0, 3, 2], "texture": "#0"},
				"west": {"uv": [0, 0, 1, 2], "texture": "#0"},
				"down": {"uv": [0, 0, 1, 3], "rotation": 270, "texture": "#2", "cullface": "down"}
			}
		},
		{
			"from": [14, 0, 1],
			"to": [15, 2, 5],
			"rotation": {"angle": 0, "axis": "y", "origin": [13.75, 0.5, 2]},
			"faces": {
				"north": {"uv": [0, 14, 1, 16], "texture": "#0"},
				"east": {"uv": [12, 14, 16, 16], "texture": "#0"},
				"south": {"uv": [0, 0, 1, 2], "texture": "#0"},
				"west": {"uv": [0, 0, 4, 2], "texture": "#0"},
				"down": {"uv": [0, 0, 4, 1], "rotation": 270, "texture": "#2", "cullface": "down"}
			}
		},
		{
			"from": [0.5, 7, 4],
			"to": [1, 12, 12],
			"rotation": {"angle": 0, "axis": "x", "origin": [8, 2, 8]},
			"faces": {
				"north": {"uv": [4, 4, 12, 9], "texture": "#0"},
				"south": {"uv": [4, 4, 12, 9], "texture": "#0"},
				"west": {"uv": [4, 4, 12, 9], "texture": "#0"},
				"up": {"uv": [4, 4, 12, 9], "texture": "#0"},
				"down": {"uv": [4, 4, 12, 9], "texture": "#0"}
			}
		},
		{
			"from": [0.75, 6, 6],
			"to": [1, 7, 10],
			"rotation": {"angle": 0, "axis": "x", "origin": [8, 2, 8]},
			"faces": {
				"north": {"uv": [6, 9, 10, 10], "texture": "#0"},
				"south": {"uv": [6, 9, 10, 10], "texture": "#0"},
				"west": {"uv": [6, 9, 10, 10], "texture": "#0"},
				"down": {"uv": [6, 9, 10, 10], "texture": "#0"}
			}
		},
		{
			"from": [0.75, 12, 6],
			"to": [1, 13, 10],
			"rotation": {"angle": 0, "axis": "x", "origin": [8, 2, 8]},
			"faces": {
				"north": {"uv": [6, 3, 10, 4], "texture": "#0"},
				"south": {"uv": [6, 3, 10, 4], "texture": "#0"},
				"west": {"uv": [6, 3, 10, 4], "texture": "#0"},
				"up": {"uv": [6, 3, 10, 4], "texture": "#0"}
			}
		},
		{
			"from": [0.75, 8, 12],
			"to": [1, 11, 13],
			"rotation": {"angle": 0, "axis": "x", "origin": [8, 2, 8]},
			"faces": {
				"south": {"uv": [12, 5, 13, 8], "texture": "#0"},
				"west": {"uv": [12, 5, 13, 8], "texture": "#0"},
				"up": {"uv": [12, 5, 13, 8], "texture": "#0"},
				"down": {"uv": [12, 5, 13, 8], "texture": "#0"}
			}
		},
		{
			"from": [0.75, 8, 3],
			"to": [1, 11, 4],
			"rotation": {"angle": 0, "axis": "x", "origin": [8, 2, 8]},
			"faces": {
				"north": {"uv": [3, 5, 4, 8], "texture": "#0"},
				"west": {"uv": [3, 5, 4, 8], "texture": "#0"},
				"up": {"uv": [3, 5, 4, 8], "texture": "#0"},
				"down": {"uv": [3, 5, 4, 8], "texture": "#0"}
			}
		},
		{
			"from": [0.75, 9, 13],
			"to": [1, 11, 14],
			"rotation": {"angle": 0, "axis": "x", "origin": [8, 2, 8]},
			"faces": {
				"south": {"uv": [13, 5, 14, 7], "texture": "#0"},
				"west": {"uv": [13, 5, 14, 7], "texture": "#0"},
				"up": {"uv": [13, 5, 14, 7], "texture": "#0"},
				"down": {"uv": [13, 5, 14, 7], "texture": "#0"}
			}
		},
		{
			"from": [0.75, 9, 2],
			"to": [1, 11, 3],
			"rotation": {"angle": 0, "axis": "x", "origin": [8, 2, 8]},
			"faces": {
				"north": {"uv": [2, 5, 3, 7], "texture": "#0"},
				"west": {"uv": [2, 5, 3, 7], "texture": "#0"},
				"up": {"uv": [2, 5, 3, 7], "texture": "#0"},
				"down": {"uv": [2, 5, 3, 7], "texture": "#0"}
			}
		},
		{
			"from": [0.25, 9, 7],
			"to": [1, 11, 9],
			"rotation": {"angle": 0, "axis": "x", "origin": [8, 2, 8]},
			"faces": {
				"north": {"uv": [7, 5, 9, 7], "texture": "#0"},
				"south": {"uv": [7, 5, 9, 7], "texture": "#0"},
				"west": {"uv": [7, 5, 9, 7], "texture": "#0"},
				"up": {"uv": [7, 5, 9, 7], "texture": "#0"},
				"down": {"uv": [7, 5, 9, 7], "texture": "#0"}
			}
		},
		{
			"from": [4, 7, 15],
			"to": [12, 12, 15.5],
			"rotation": {"angle": 0, "axis": "y", "origin": [8, 2, 8]},
			"faces": {
				"east": {"uv": [4, 4, 12, 9], "texture": "#0"},
				"south": {"uv": [4, 4, 12, 9], "texture": "#0"},
				"west": {"uv": [4, 4, 12, 9], "texture": "#0"},
				"up": {"uv": [4, 4, 12, 9], "rotation": 270, "texture": "#0"},
				"down": {"uv": [4, 4, 12, 9], "rotation": 90, "texture": "#0"}
			}
		},
		{
			"from": [6, 6, 15],
			"to": [10, 7, 15.25],
			"rotation": {"angle": 0, "axis": "y", "origin": [8, 2, 8]},
			"faces": {
				"east": {"uv": [6, 9, 10, 10], "texture": "#0"},
				"south": {"uv": [6, 9, 10, 10], "texture": "#0"},
				"west": {"uv": [6, 9, 10, 10], "texture": "#0"},
				"down": {"uv": [6, 9, 10, 10], "rotation": 90, "texture": "#0"}
			}
		},
		{
			"from": [6, 12, 15],
			"to": [10, 13, 15.25],
			"rotation": {"angle": 0, "axis": "y", "origin": [8, 2, 8]},
			"faces": {
				"east": {"uv": [6, 3, 10, 4], "texture": "#0"},
				"south": {"uv": [6, 3, 10, 4], "texture": "#0"},
				"west": {"uv": [6, 3, 10, 4], "texture": "#0"},
				"up": {"uv": [6, 3, 10, 4], "rotation": 270, "texture": "#0"}
			}
		},
		{
			"from": [12, 8, 15],
			"to": [13, 11, 15.25],
			"rotation": {"angle": 0, "axis": "y", "origin": [8, 2, 8]},
			"faces": {
				"east": {"uv": [12, 5, 13, 8], "texture": "#0"},
				"south": {"uv": [12, 5, 13, 8], "texture": "#0"},
				"up": {"uv": [12, 5, 13, 8], "rotation": 270, "texture": "#0"},
				"down": {"uv": [12, 5, 13, 8], "rotation": 90, "texture": "#0"}
			}
		},
		{
			"from": [3, 8, 15],
			"to": [4, 11, 15.25],
			"rotation": {"angle": 0, "axis": "y", "origin": [8, 2, 8]},
			"faces": {
				"south": {"uv": [3, 5, 4, 8], "texture": "#0"},
				"west": {"uv": [3, 5, 4, 8], "texture": "#0"},
				"up": {"uv": [3, 5, 4, 8], "rotation": 270, "texture": "#0"},
				"down": {"uv": [3, 5, 4, 8], "rotation": 90, "texture": "#0"}
			}
		},
		{
			"from": [13, 9, 15],
			"to": [14, 11, 15.25],
			"rotation": {"angle": 0, "axis": "y", "origin": [8, 2, 8]},
			"faces": {
				"east": {"uv": [13, 5, 14, 7], "texture": "#0"},
				"south": {"uv": [13, 5, 14, 7], "texture": "#0"},
				"up": {"uv": [13, 5, 14, 7], "rotation": 270, "texture": "#0"},
				"down": {"uv": [13, 5, 14, 7], "rotation": 90, "texture": "#0"}
			}
		},
		{
			"from": [2, 9, 15],
			"to": [3, 11, 15.25],
			"rotation": {"angle": 0, "axis": "y", "origin": [8, 2, 8]},
			"faces": {
				"south": {"uv": [2, 5, 3, 7], "texture": "#0"},
				"west": {"uv": [2, 5, 3, 7], "texture": "#0"},
				"up": {"uv": [2, 5, 3, 7], "rotation": 270, "texture": "#0"},
				"down": {"uv": [2, 5, 3, 7], "rotation": 90, "texture": "#0"}
			}
		},
		{
			"from": [7, 9, 15],
			"to": [9, 11, 15.75],
			"rotation": {"angle": 0, "axis": "y", "origin": [8, 2, 8]},
			"faces": {
				"east": {"uv": [7, 5, 9, 7], "texture": "#0"},
				"south": {"uv": [7, 5, 9, 7], "texture": "#0"},
				"west": {"uv": [7, 5, 9, 7], "texture": "#0"},
				"up": {"uv": [7, 5, 9, 7], "rotation": 270, "texture": "#0"},
				"down": {"uv": [7, 5, 9, 7], "rotation": 90, "texture": "#0"}
			}
		},
		{
			"from": [15, 7, 4],
			"to": [15.5, 12, 12],
			"rotation": {"angle": 0, "axis": "y", "origin": [8, 2, 8]},
			"faces": {
				"north": {"uv": [4, 4, 12, 9], "texture": "#0"},
				"east": {"uv": [4, 4, 12, 9], "texture": "#0"},
				"south": {"uv": [4, 4, 12, 9], "texture": "#0"},
				"up": {"uv": [4, 4, 12, 9], "rotation": 180, "texture": "#0"},
				"down": {"uv": [4, 4, 12, 9], "rotation": 180, "texture": "#0"}
			}
		},
		{
			"from": [15, 6, 6],
			"to": [15.25, 7, 10],
			"rotation": {"angle": 0, "axis": "y", "origin": [8, 2, 8]},
			"faces": {
				"north": {"uv": [6, 9, 10, 10], "texture": "#0"},
				"east": {"uv": [6, 9, 10, 10], "texture": "#0"},
				"south": {"uv": [6, 9, 10, 10], "texture": "#0"},
				"down": {"uv": [6, 9, 10, 10], "rotation": 180, "texture": "#0"}
			}
		},
		{
			"from": [15, 12, 6],
			"to": [15.25, 13, 10],
			"rotation": {"angle": 0, "axis": "y", "origin": [8, 2, 8]},
			"faces": {
				"north": {"uv": [6, 3, 10, 4], "texture": "#0"},
				"east": {"uv": [6, 3, 10, 4], "texture": "#0"},
				"south": {"uv": [6, 3, 10, 4], "texture": "#0"},
				"up": {"uv": [6, 3, 10, 4], "rotation": 180, "texture": "#0"}
			}
		},
		{
			"from": [15, 8, 3],
			"to": [15.25, 11, 4],
			"rotation": {"angle": 0, "axis": "y", "origin": [8, 2, 8]},
			"faces": {
				"north": {"uv": [12, 5, 13, 8], "texture": "#0"},
				"east": {"uv": [12, 5, 13, 8], "texture": "#0"},
				"up": {"uv": [12, 5, 13, 8], "rotation": 180, "texture": "#0"},
				"down": {"uv": [12, 5, 13, 8], "rotation": 180, "texture": "#0"}
			}
		},
		{
			"from": [15, 8, 12],
			"to": [15.25, 11, 13],
			"rotation": {"angle": 0, "axis": "y", "origin": [8, 2, 8]},
			"faces": {
				"east": {"uv": [3, 5, 4, 8], "texture": "#0"},
				"south": {"uv": [3, 5, 4, 8], "texture": "#0"},
				"up": {"uv": [3, 5, 4, 8], "rotation": 180, "texture": "#0"},
				"down": {"uv": [3, 5, 4, 8], "rotation": 180, "texture": "#0"}
			}
		},
		{
			"from": [15, 9, 2],
			"to": [15.25, 11, 3],
			"rotation": {"angle": 0, "axis": "y", "origin": [8, 2, 8]},
			"faces": {
				"north": {"uv": [13, 5, 14, 7], "texture": "#0"},
				"east": {"uv": [13, 5, 14, 7], "texture": "#0"},
				"up": {"uv": [13, 5, 14, 7], "rotation": 180, "texture": "#0"},
				"down": {"uv": [13, 5, 14, 7], "rotation": 180, "texture": "#0"}
			}
		},
		{
			"from": [15, 9, 13],
			"to": [15.25, 11, 14],
			"rotation": {"angle": 0, "axis": "y", "origin": [8, 2, 8]},
			"faces": {
				"east": {"uv": [2, 5, 3, 7], "texture": "#0"},
				"south": {"uv": [2, 5, 3, 7], "texture": "#0"},
				"up": {"uv": [2, 5, 3, 7], "rotation": 180, "texture": "#0"},
				"down": {"uv": [2, 5, 3, 7], "rotation": 180, "texture": "#0"}
			}
		},
		{
			"from": [15, 9, 7],
			"to": [15.75, 11, 9],
			"rotation": {"angle": 0, "axis": "y", "origin": [8, 2, 8]},
			"faces": {
				"north": {"uv": [7, 5, 9, 7], "texture": "#0"},
				"east": {"uv": [7, 5, 9, 7], "texture": "#0"},
				"south": {"uv": [7, 5, 9, 7], "texture": "#0"},
				"up": {"uv": [7, 5, 9, 7], "rotation": 180, "texture": "#0"},
				"down": {"uv": [7, 5, 9, 7], "rotation": 180, "texture": "#0"}
			}
		},
		{
			"from": [4, 7, 0.5],
			"to": [12, 12, 1],
			"rotation": {"angle": 0, "axis": "y", "origin": [8, 2, 8]},
			"faces": {
				"north": {"uv": [4, 4, 12, 9], "texture": "#0"},
				"east": {"uv": [4, 4, 12, 9], "texture": "#0"},
				"west": {"uv": [4, 4, 12, 9], "texture": "#0"},
				"up": {"uv": [4, 4, 12, 9], "rotation": 90, "texture": "#0"},
				"down": {"uv": [4, 4, 12, 9], "rotation": 270, "texture": "#0"}
			}
		},
		{
			"from": [6, 6, 0.75],
			"to": [10, 7, 1],
			"rotation": {"angle": 0, "axis": "y", "origin": [8, 2, 8]},
			"faces": {
				"north": {"uv": [6, 9, 10, 10], "texture": "#0"},
				"east": {"uv": [6, 9, 10, 10], "texture": "#0"},
				"west": {"uv": [6, 9, 10, 10], "texture": "#0"},
				"down": {"uv": [6, 9, 10, 10], "rotation": 270, "texture": "#0"}
			}
		},
		{
			"from": [6, 12, 0.75],
			"to": [10, 13, 1],
			"rotation": {"angle": 0, "axis": "y", "origin": [8, 2, 8]},
			"faces": {
				"north": {"uv": [6, 3, 10, 4], "texture": "#0"},
				"east": {"uv": [6, 3, 10, 4], "texture": "#0"},
				"west": {"uv": [6, 3, 10, 4], "texture": "#0"},
				"up": {"uv": [6, 3, 10, 4], "rotation": 90, "texture": "#0"}
			}
		},
		{
			"from": [3, 8, 0.75],
			"to": [4, 11, 1],
			"rotation": {"angle": 0, "axis": "y", "origin": [8, 2, 8]},
			"faces": {
				"north": {"uv": [12, 5, 13, 8], "texture": "#0"},
				"west": {"uv": [12, 5, 13, 8], "texture": "#0"},
				"up": {"uv": [12, 5, 13, 8], "rotation": 90, "texture": "#0"},
				"down": {"uv": [12, 5, 13, 8], "rotation": 270, "texture": "#0"}
			}
		},
		{
			"from": [12, 8, 0.75],
			"to": [13, 11, 1],
			"rotation": {"angle": 0, "axis": "y", "origin": [8, 2, 8]},
			"faces": {
				"north": {"uv": [3, 5, 4, 8], "texture": "#0"},
				"east": {"uv": [3, 5, 4, 8], "texture": "#0"},
				"up": {"uv": [3, 5, 4, 8], "rotation": 90, "texture": "#0"},
				"down": {"uv": [3, 5, 4, 8], "rotation": 270, "texture": "#0"}
			}
		},
		{
			"from": [2, 9, 0.75],
			"to": [3, 11, 1],
			"rotation": {"angle": 0, "axis": "y", "origin": [8, 2, 8]},
			"faces": {
				"north": {"uv": [13, 5, 14, 7], "texture": "#0"},
				"west": {"uv": [13, 5, 14, 7], "texture": "#0"},
				"up": {"uv": [13, 5, 14, 7], "rotation": 90, "texture": "#0"},
				"down": {"uv": [13, 5, 14, 7], "rotation": 270, "texture": "#0"}
			}
		},
		{
			"from": [13, 9, 0.75],
			"to": [14, 11, 1],
			"rotation": {"angle": 0, "axis": "y", "origin": [8, 2, 8]},
			"faces": {
				"north": {"uv": [2, 5, 3, 7], "texture": "#0"},
				"east": {"uv": [2, 5, 3, 7], "texture": "#0"},
				"up": {"uv": [2, 5, 3, 7], "rotation": 90, "texture": "#0"},
				"down": {"uv": [2, 5, 3, 7], "rotation": 270, "texture": "#0"}
			}
		},
		{
			"from": [7, 9, 0.25],
			"to": [9, 11, 1],
			"rotation": {"angle": 0, "axis": "y", "origin": [8, 2, 8]},
			"faces": {
				"north": {"uv": [7, 5, 9, 7], "texture": "#0"},
				"east": {"uv": [7, 5, 9, 7], "texture": "#0"},
				"west": {"uv": [7, 5, 9, 7], "texture": "#0"},
				"up": {"uv": [7, 5, 9, 7], "rotation": 90, "texture": "#0"},
				"down": {"uv": [7, 5, 9, 7], "rotation": 270, "texture": "#0"}
			}
		},
		{
			"from": [9, 8.5, 0],
			"to": [10, 10.5, 1],
			"rotation": {"angle": 22.5, "axis": "x", "origin": [8, 9.5, 0.5]},
			"faces": {
				"north": {"uv": [6, 4, 7, 6], "texture": "#3"},
				"east": {"uv": [6, 4, 7, 6], "texture": "#3"},
				"west": {"uv": [6, 4, 7, 6], "texture": "#3"},
				"up": {"uv": [6, 4, 7, 6], "texture": "#3"}
			}
		},
		{
			"from": [6, 7.5, 0],
			"to": [10, 8.5, 1],
			"rotation": {"angle": 22.5, "axis": "x", "origin": [8, 9.5, 0.5]},
			"faces": {
				"north": {"uv": [6, 4, 10, 5], "texture": "#3"},
				"east": {"uv": [6, 4, 10, 5], "texture": "#3"},
				"south": {"uv": [6, 4, 10, 5], "texture": "#3"},
				"west": {"uv": [6, 4, 10, 5], "texture": "#3"},
				"up": {"uv": [6, 4, 10, 5], "texture": "#3"},
				"down": {"uv": [6, 4, 10, 5], "texture": "#3"}
			}
		},
		{
			"from": [6, 8.5, 0],
			"to": [7, 10.5, 1],
			"rotation": {"angle": 22.5, "axis": "x", "origin": [8, 9.5, 0.5]},
			"faces": {
				"north": {"uv": [6, 4, 7, 6], "texture": "#3"},
				"east": {"uv": [6, 4, 7, 6], "texture": "#3"},
				"west": {"uv": [6, 4, 7, 6], "texture": "#3"},
				"up": {"uv": [6, 4, 7, 6], "texture": "#3"}
			}
		},
		{
			"from": [9, 8.8, 15.20866],
			"to": [10, 10.8, 16.20866],
			"rotation": {"angle": -22.5, "axis": "x", "origin": [8, 9.03806, 16.30866]},
			"faces": {
				"east": {"uv": [6, 4, 7, 6], "texture": "#3"},
				"south": {"uv": [6, 4, 7, 6], "texture": "#3"},
				"west": {"uv": [6, 4, 7, 6], "texture": "#3"},
				"up": {"uv": [6, 4, 7, 6], "texture": "#3"}
			}
		},
		{
			"from": [6, 7.8, 15.20866],
			"to": [10, 8.8, 16.20866],
			"rotation": {"angle": -22.5, "axis": "x", "origin": [8, 9.03806, 16.30866]},
			"faces": {
				"north": {"uv": [6, 4, 10, 5], "texture": "#3"},
				"east": {"uv": [6, 4, 10, 5], "texture": "#3"},
				"south": {"uv": [6, 4, 10, 5], "texture": "#3"},
				"west": {"uv": [6, 4, 10, 5], "texture": "#3"},
				"up": {"uv": [6, 4, 10, 5], "texture": "#3"},
				"down": {"uv": [6, 4, 10, 5], "texture": "#3"}
			}
		},
		{
			"from": [6, 8.8, 15.20866],
			"to": [7, 10.8, 16.20866],
			"rotation": {"angle": -22.5, "axis": "x", "origin": [8, 9.03806, 16.30866]},
			"faces": {
				"east": {"uv": [6, 4, 7, 6], "texture": "#3"},
				"south": {"uv": [6, 4, 7, 6], "texture": "#3"},
				"west": {"uv": [6, 4, 7, 6], "texture": "#3"},
				"up": {"uv": [6, 4, 7, 6], "texture": "#3"}
			}
		}
	],
	"groups": [
		{
			"name": "group",
			"origin": [0, 0, 0],
			"color": 0,
			"children": [
				0,
				1,
				2,
				3,
				4,
				{
					"name": "group",
					"origin": [0, 0, 0],
					"color": 0,
					"children": [
						{
							"name": "group",
							"origin": [0, 0, 0],
							"color": 0,
							"children": [5, 6, 7, 8]
						},
						{
							"name": "group",
							"origin": [0, 0, 0],
							"color": 0,
							"children": [9, 10, 11, 12]
						},
						{
							"name": "group",
							"origin": [0, 0, 0],
							"color": 0,
							"children": [13, 14, 15, 16]
						}
					]
				},
				{
					"name": "group",
					"origin": [0, 0, 0],
					"color": 0,
					"children": [
						{
							"name": "group",
							"origin": [0, 0, 0],
							"color": 0,
							"children": [17, 18]
						},
						{
							"name": "group",
							"origin": [0, 0, 0],
							"color": 0,
							"children": [19, 20]
						},
						{
							"name": "group",
							"origin": [0, 0, 0],
							"color": 0,
							"children": [21, 22]
						},
						{
							"name": "group",
							"origin": [0, 0, 0],
							"color": 0,
							"children": [23, 24]
						}
					]
				}
			]
		},
		{
			"name": "group",
			"origin": [0, 0, 0],
			"color": 0,
			"children": [25, 26, 27, 28, 29, 30, 31, 32]
		},
		{
			"name": "group",
			"origin": [0, 0, 0],
			"color": 0,
			"children": [33, 34, 35, 36, 37, 38, 39, 40]
		},
		{
			"name": "group",
			"origin": [0, 0, 0],
			"color": 0,
			"children": [41, 42, 43, 44, 45, 46, 47, 48]
		},
		{
			"name": "group",
			"origin": [0, 0, 0],
			"color": 0,
			"children": [49, 50, 51, 52, 53, 54, 55, 56]
		},
		{
			"name": "group",
			"origin": [0, 0, 0],
			"color": 0,
			"children": [57, 58, 59]
		},
		{
			"name": "group",
			"origin": [0, 0, 0],
			"color": 0,
			"children": [60, 61, 62]
		}
	]
}