{
	"credit": "Made with Blockbench by Valdr687",
	"parent": "block/block",
	"textures": {
		"particle": "block/anvil",
		"body": "block/anvil",
		"top": "block/chipped_anvil_top"
	},
	"elements": [
		{
			"name": "Anvil base",
			"from": [3, 3, 3],
			"to": [4, 4, 13],
			"faces": {
				"north": {"uv": [2, 12, 3, 13], "texture": "#body"},
				"south": {"uv": [2, 12, 3, 13], "texture": "#body"},
				"west": {"uv": [0, 2, 1, 12], "rotation": 90, "texture": "#body"},
				"up": {"uv": [2, 2, 3, 12], "rotation": 180, "texture": "#body"}
			}
		},
		{
			"name": "Anvil base",
			"from": [12, 3, 3],
			"to": [13, 4, 13],
			"faces": {
				"north": {"uv": [2, 12, 3, 13], "texture": "#body"},
				"east": {"uv": [1, 2, 0, 12], "rotation": 270, "texture": "#body"},
				"south": {"uv": [2, 12, 3, 13], "texture": "#body"},
				"up": {"uv": [2, 2, 3, 12], "rotation": 180, "texture": "#body"}
			}
		},
		{
			"name": "Anvil base",
			"from": [3, 0, 2],
			"to": [13, 3, 14],
			"faces": {
				"north": {"uv": [2, 12, 12, 15], "texture": "#body"},
				"east": {"uv": [3, 2, 0, 14], "rotation": 270, "texture": "#body"},
				"south": {"uv": [2, 12, 12, 15], "texture": "#body"},
				"west": {"uv": [0, 2, 3, 14], "rotation": 90, "texture": "#body"},
				"up": {"uv": [2, 2, 12, 14], "rotation": 180, "texture": "#body"},
				"down": {"uv": [2, 2, 12, 14], "rotation": 180, "texture": "#body", "cullface": "down"}
			}
		},
		{
			"name": "Anvil base",
			"from": [4, 3, 2],
			"to": [12, 4, 14],
			"faces": {
				"north": {"uv": [4, 13, 12, 14], "texture": "#body"},
				"east": {"uv": [1, 2, 0, 14], "rotation": 270, "texture": "#body"},
				"south": {"uv": [4, 13, 12, 14], "texture": "#body"},
				"west": {"uv": [0, 2, 1, 14], "rotation": 90, "texture": "#body"},
				"up": {"uv": [4, 2, 12, 14], "rotation": 180, "texture": "#body"}
			}
		},
		{
			"name": "Anvil base",
			"from": [4, 4, 3],
			"to": [12, 5, 13],
			"faces": {
				"north": {"uv": [4, 13, 12, 14], "texture": "#body"},
				"east": {"uv": [1, 2, 0, 12], "rotation": 270, "texture": "#body"},
				"south": {"uv": [4, 13, 12, 14], "texture": "#body"},
				"west": {"uv": [0, 2, 1, 12], "rotation": 90, "texture": "#body"},
				"up": {"uv": [4, 2, 12, 12], "rotation": 180, "texture": "#body"}
			}
		},
		{
			"from": [4, 0, 1],
			"to": [12, 3, 2],
			"faces": {
				"north": {"uv": [4, 10, 12, 13], "texture": "#body"},
				"east": {"uv": [4, 10, 5, 13], "texture": "#body"},
				"west": {"uv": [4, 10, 5, 13], "texture": "#body"},
				"up": {"uv": [4, 10, 12, 11], "texture": "#body"},
				"down": {"uv": [4, 10, 12, 11], "texture": "#body", "cullface": "down"}
			}
		},
		{
			"from": [4, 0, 14],
			"to": [12, 3, 15],
			"faces": {
				"east": {"uv": [4, 10, 5, 13], "texture": "#body"},
				"south": {"uv": [4, 10, 12, 13], "texture": "#body"},
				"west": {"uv": [4, 10, 5, 13], "texture": "#body"},
				"up": {"uv": [4, 10, 12, 11], "texture": "#body"},
				"down": {"uv": [4, 10, 12, 11], "texture": "#body", "cullface": "down"}
			}
		},
		{
			"from": [6, 5, 4],
			"to": [10, 10, 12],
			"faces": {
				"north": {"uv": [0, 0, 4, 5], "texture": "#body"},
				"east": {"uv": [0, 0, 8, 5], "texture": "#body"},
				"south": {"uv": [0, 0, 4, 5], "texture": "#body"},
				"west": {"uv": [0, 0, 8, 5], "texture": "#body"}
			}
		},
		{
			"from": [9, 15, 7],
			"to": [10, 15.7, 8],
			"faces": {
				"up": {"uv": [10, 6, 12, 7], "texture": "#top"}
			}
		},
		{
			"from": [8, 15, 8],
			"to": [9, 15.7, 10],
			"faces": {
				"up": {"uv": [6, 4, 7, 6], "texture": "#top"}
			}
		},
		{
			"from": [5, 15, 11],
			"to": [7, 15.7, 12],
			"faces": {
				"up": {"uv": [5, 11, 7, 12], "texture": "#top"}
			}
		},
		{
			"from": [6, 15, 7],
			"to": [8, 15.7, 8],
			"faces": {
				"up": {"uv": [6, 7, 8, 8], "texture": "#top"}
			}
		},
		{
			"from": [4, 15, 6],
			"to": [6, 15.7, 7],
			"faces": {
				"up": {"uv": [4, 6, 6, 7], "texture": "#top"}
			}
		},
		{
			"from": [6, 15, 4],
			"to": [7, 15.7, 6],
			"faces": {
				"up": {"uv": [6, 4, 7, 6], "texture": "#top"}
			}
		},
		{
			"from": [5, 15, 3],
			"to": [6, 15.7, 4],
			"faces": {
				"up": {"uv": [5, 3, 6, 4], "texture": "#top"}
			}
		},
		{
			"from": [4, 15, 2],
			"to": [5, 15.7, 3],
			"faces": {
				"up": {"uv": [4, 2, 5, 3], "texture": "#top"}
			}
		},
		{
			"from": [5, 15, 1],
			"to": [6, 15.7, 2],
			"faces": {
				"up": {"uv": [4, 2, 5, 3], "texture": "#top"}
			}
		},
		{
			"from": [8, 15, 2],
			"to": [11, 15.7, 3],
			"faces": {
				"up": {"uv": [8, 2, 11, 3], "texture": "#top"}
			}
		},
		{
			"from": [7, 15, 3],
			"to": [8, 15.7, 4],
			"faces": {
				"up": {"uv": [8, 2, 9, 3], "texture": "#top"}
			}
		},
		{
			"from": [9, 15, 4],
			"to": [10, 15.7, 6],
			"faces": {
				"up": {"uv": [6, 4, 7, 6], "texture": "#top"}
			}
		},
		{
			"from": [10, 15, 6],
			"to": [12, 15.7, 7],
			"faces": {
				"up": {"uv": [10, 6, 12, 7], "texture": "#top"}
			}
		},
		{
			"from": [3, 15, 10],
			"to": [5, 15.7, 11],
			"faces": {
				"west": {"uv": [3, 10, 4, 11], "texture": "#top"},
				"up": {"uv": [3, 10, 5, 11], "texture": "#top"}
			}
		},
		{
			"from": [12, 15, 10],
			"to": [13, 15.7, 11],
			"faces": {
				"north": {"uv": [12, 10, 13, 11], "texture": "#top"},
				"east": {"uv": [12, 10, 13, 11], "texture": "#top"},
				"south": {"uv": [12, 10, 13, 11], "texture": "#top"},
				"west": {"uv": [12, 10, 13, 11], "texture": "#top"},
				"up": {"uv": [12, 10, 13, 11], "texture": "#top"},
				"down": {"uv": [12, 10, 13, 11], "texture": "#top"}
			}
		},
		{
			"from": [11, 15, 7],
			"to": [12, 16, 10],
			"faces": {
				"north": {"uv": [12, 10, 13, 11], "texture": "#top"},
				"east": {"uv": [12, 10, 13, 11], "texture": "#top"},
				"south": {"uv": [12, 10, 13, 11], "texture": "#top"},
				"west": {"uv": [12, 10, 13, 11], "texture": "#top"},
				"up": {"uv": [11, 7, 12, 10], "texture": "#top"},
				"down": {"uv": [12, 10, 13, 11], "texture": "#top"}
			}
		},
		{
			"from": [3, 10, 0],
			"to": [13, 15, 16],
			"faces": {
				"north": {"uv": [0, 1, 10, 6], "texture": "#body"},
				"east": {"uv": [0, 1, 16, 6], "texture": "#body"},
				"south": {"uv": [0, 1, 10, 6], "texture": "#body"},
				"west": {"uv": [0, 1, 16, 6], "texture": "#body"},
				"down": {"uv": [3, 0, 13, 16], "texture": "#body"}
			}
		},
		{
			"from": [3, 15, 0],
			"to": [11, 16, 1],
			"faces": {
				"north": {"uv": [0, 0, 8, 1], "texture": "#body"},
				"east": {"uv": [0, 0, 1, 1], "texture": "#body"},
				"south": {"uv": [0, 0, 8, 1], "texture": "#body"},
				"west": {"uv": [0, 0, 1, 1], "texture": "#body"},
				"up": {"uv": [3, 0, 11, 1], "texture": "#top"}
			}
		},
		{
			"from": [6, 15, 1],
			"to": [11, 16, 2],
			"faces": {
				"north": {"uv": [0, 0, 8, 1], "texture": "#body"},
				"east": {"uv": [0, 0, 1, 1], "texture": "#body"},
				"south": {"uv": [0, 0, 8, 1], "texture": "#body"},
				"west": {"uv": [0, 0, 1, 1], "texture": "#body"},
				"up": {"uv": [6, 1, 11, 2], "texture": "#top"}
			}
		},
		{
			"from": [9, 15, 3],
			"to": [13, 16, 4],
			"faces": {
				"north": {"uv": [2, 6, 6, 7], "texture": "#body"},
				"east": {"uv": [2, 6, 3, 7], "texture": "#body"},
				"south": {"uv": [2, 6, 6, 7], "texture": "#body"},
				"west": {"uv": [2, 6, 3, 7], "texture": "#body"},
				"up": {"uv": [9, 3, 13, 4], "texture": "#body"},
				"down": {"uv": [9, 2, 13, 3], "texture": "#body"}
			}
		},
		{
			"from": [11, 15, 2],
			"to": [13, 16, 3],
			"faces": {
				"north": {"uv": [13, 2, 11, 3], "texture": "#top"},
				"east": {"uv": [2, 6, 3, 7], "texture": "#body"},
				"south": {"uv": [2, 6, 6, 7], "texture": "#body"},
				"west": {"uv": [2, 6, 3, 7], "texture": "#body"},
				"up": {"uv": [11, 2, 13, 3], "texture": "#top"}
			}
		},
		{
			"from": [11, 15, 0],
			"to": [13, 16, 2],
			"faces": {
				"north": {"uv": [11, 2, 13, 3], "texture": "#top"},
				"east": {"uv": [11, 2, 13, 3], "texture": "#top"},
				"south": {"uv": [11, 2, 13, 3], "texture": "#top"},
				"west": {"uv": [11, 2, 13, 3], "texture": "#top"},
				"up": {"uv": [11, 0, 13, 2], "texture": "#top"},
				"down": {"uv": [11, 2, 13, 3], "texture": "#top"}
			}
		},
		{
			"from": [10, 15, 4],
			"to": [13, 16, 6],
			"faces": {
				"east": {"uv": [6, 5, 8, 6], "texture": "#body"},
				"south": {"uv": [2, 6, 6, 7], "texture": "#body"},
				"west": {"uv": [2, 6, 4, 7], "texture": "#body"},
				"up": {"uv": [10, 4, 13, 6], "texture": "#top"}
			}
		},
		{
			"from": [12, 15, 6],
			"to": [13, 16, 7],
			"faces": {
				"east": {"uv": [3, 6, 4, 7], "texture": "#body"},
				"south": {"uv": [2, 6, 3, 7], "texture": "#body"},
				"west": {"uv": [2, 6, 3, 7], "texture": "#body"},
				"up": {"uv": [12, 6, 13, 7], "texture": "#top"}
			}
		},
		{
			"from": [12, 15, 11],
			"to": [13, 16, 12],
			"faces": {
				"north": {"uv": [12, 11, 13, 12], "texture": "#top"},
				"east": {"uv": [12, 11, 13, 12], "texture": "#top"},
				"south": {"uv": [12, 11, 13, 12], "texture": "#top"},
				"west": {"uv": [12, 11, 13, 12], "texture": "#top"},
				"up": {"uv": [12, 11, 13, 12], "texture": "#top"},
				"down": {"uv": [12, 11, 13, 12], "texture": "#top"}
			}
		},
		{
			"from": [12, 15, 7],
			"to": [13, 16, 10],
			"faces": {
				"north": {"uv": [12, 7, 13, 10], "texture": "#top"},
				"east": {"uv": [12, 7, 13, 10], "rotation": 90, "texture": "#top"},
				"south": {"uv": [12, 7, 13, 10], "texture": "#top"},
				"west": {"uv": [12, 7, 13, 10], "texture": "#top"},
				"up": {"uv": [12, 7, 13, 10], "texture": "#top"},
				"down": {"uv": [12, 7, 13, 10], "texture": "#top"}
			}
		},
		{
			"from": [4, 15, 3],
			"to": [5, 16, 4],
			"faces": {
				"north": {"uv": [4, 3, 5, 4], "texture": "#top"},
				"east": {"uv": [4, 3, 5, 4], "texture": "#top"},
				"up": {"uv": [4, 3, 5, 4], "texture": "#top"}
			}
		},
		{
			"from": [6, 15, 6],
			"to": [7, 16, 7],
			"faces": {
				"north": {"uv": [6, 6, 7, 7], "texture": "#top"},
				"south": {"uv": [6, 6, 7, 7], "texture": "#top"},
				"west": {"uv": [6, 6, 7, 7], "texture": "#top"},
				"up": {"uv": [6, 6, 7, 7], "texture": "#top"}
			}
		},
		{
			"from": [8, 15, 7],
			"to": [9, 16, 8],
			"faces": {
				"east": {"uv": [8, 7, 9, 8], "texture": "#top"},
				"south": {"uv": [8, 7, 9, 8], "texture": "#top"},
				"west": {"uv": [8, 7, 9, 8], "texture": "#top"},
				"up": {"uv": [8, 7, 9, 8], "texture": "#top"}
			}
		},
		{
			"from": [3, 15, 2],
			"to": [4, 16, 8],
			"faces": {
				"east": {"uv": [8, 7, 14, 8], "texture": "#body"},
				"west": {"uv": [8, 7, 14, 8], "texture": "#body"},
				"up": {"uv": [3, 2, 4, 8], "texture": "#top"}
			}
		},
		{
			"from": [6, 15, 3],
			"to": [7, 16, 4],
			"faces": {
				"east": {"uv": [6, 3, 7, 4], "texture": "#top"},
				"south": {"uv": [6, 3, 7, 4], "texture": "#top"},
				"west": {"uv": [6, 3, 7, 4], "texture": "#top"},
				"up": {"uv": [6, 3, 7, 4], "texture": "#top"}
			}
		},
		{
			"from": [3, 15, 1],
			"to": [5, 16, 2],
			"faces": {
				"east": {"uv": [3, 1, 4, 2], "texture": "#top"},
				"south": {"uv": [3, 1, 5, 2], "texture": "#top"},
				"west": {"uv": [3, 1, 4, 2], "texture": "#top"},
				"up": {"uv": [3, 1, 5, 2], "texture": "#top"}
			}
		},
		{
			"from": [8, 15, 3],
			"to": [9, 16, 4],
			"faces": {
				"north": {"uv": [8, 3, 9, 4], "texture": "#top"},
				"west": {"uv": [8, 3, 9, 4], "texture": "#top"},
				"up": {"uv": [8, 3, 9, 4], "texture": "#top"}
			}
		},
		{
			"from": [7, 15, 4],
			"to": [9, 16, 7],
			"faces": {
				"north": {"uv": [9, 4, 7, 5], "texture": "#top"},
				"east": {"uv": [8, 4, 9, 7], "rotation": 90, "texture": "#top"},
				"south": {"uv": [7, 7, 9, 8], "texture": "#top"},
				"west": {"uv": [7, 7, 8, 4], "rotation": 90, "texture": "#top"},
				"up": {"uv": [7, 4, 9, 7], "texture": "#top"}
			}
		},
		{
			"from": [4, 15, 4],
			"to": [6, 16, 6],
			"faces": {
				"north": {"uv": [9, 4, 7, 5], "texture": "#top"},
				"east": {"uv": [8, 4, 9, 6], "rotation": 90, "texture": "#top"},
				"south": {"uv": [7, 5, 9, 6], "texture": "#top"},
				"up": {"uv": [7, 4, 9, 6], "texture": "#top"}
			}
		},
		{
			"from": [9, 15, 6],
			"to": [10, 16, 7],
			"faces": {
				"north": {"uv": [9, 6, 10, 7], "texture": "#top"},
				"east": {"uv": [9, 6, 10, 7], "texture": "#top"},
				"south": {"uv": [9, 6, 10, 7], "texture": "#top"},
				"up": {"uv": [9, 6, 10, 7], "texture": "#top"}
			}
		},
		{
			"from": [7, 15, 10],
			"to": [9, 16, 12],
			"faces": {
				"north": {"uv": [7, 10, 9, 11], "texture": "#top"},
				"west": {"uv": [7, 11, 9, 12], "texture": "#top"},
				"up": {"uv": [7, 10, 9, 12], "texture": "#top"}
			}
		},
		{
			"from": [3, 15, 8],
			"to": [8, 16, 10],
			"faces": {
				"north": {"uv": [7, 10, 12, 11], "texture": "#body"},
				"east": {"uv": [9, 8, 11, 9], "texture": "#body"},
				"south": {"uv": [7, 11, 12, 12], "texture": "#body"},
				"west": {"uv": [7, 11, 9, 12], "texture": "#body"},
				"up": {"uv": [3, 8, 8, 10], "texture": "#top"}
			}
		},
		{
			"from": [3, 15, 11],
			"to": [5, 16, 12],
			"faces": {
				"north": {"uv": [5, 11, 3, 12], "texture": "#top"},
				"east": {"uv": [3, 11, 4, 12], "texture": "#top"},
				"west": {"uv": [3, 11, 4, 12], "texture": "#top"},
				"up": {"uv": [3, 11, 5, 12], "texture": "#top"}
			}
		},
		{
			"from": [10, 15, 7],
			"to": [11, 16, 8],
			"faces": {
				"north": {"uv": [10, 7, 11, 8], "texture": "#top"},
				"east": {"uv": [10, 7, 11, 8], "texture": "#top"},
				"south": {"uv": [10, 7, 11, 8], "texture": "#top"},
				"west": {"uv": [10, 7, 11, 8], "texture": "#top"},
				"up": {"uv": [10, 7, 11, 8], "texture": "#top"},
				"down": {"uv": [10, 7, 11, 8], "texture": "#top"}
			}
		},
		{
			"from": [11, 15, 10],
			"to": [12, 16, 12],
			"faces": {
				"north": {"uv": [10, 7, 11, 8], "texture": "#top"},
				"east": {"uv": [11, 10, 12, 12], "rotation": 90, "texture": "#top"},
				"south": {"uv": [10, 7, 11, 8], "texture": "#top"},
				"west": {"uv": [10, 7, 11, 8], "texture": "#top"},
				"up": {"uv": [11, 10, 12, 12], "texture": "#top"},
				"down": {"uv": [10, 7, 11, 8], "texture": "#top"}
			}
		},
		{
			"from": [4, 15, 7],
			"to": [6, 16, 8],
			"faces": {
				"north": {"uv": [6, 7, 4, 8], "texture": "#top"},
				"east": {"uv": [5, 7, 6, 8], "texture": "#top"},
				"up": {"uv": [4, 7, 6, 8], "texture": "#top"}
			}
		},
		{
			"from": [5, 15, 2],
			"to": [8, 16, 3],
			"faces": {
				"north": {"uv": [8, 2, 5, 3], "texture": "#body"},
				"east": {"uv": [7, 2, 8, 3], "texture": "#top"},
				"south": {"uv": [5, 2, 8, 3], "texture": "#top"},
				"west": {"uv": [5, 2, 6, 3], "texture": "#top"},
				"up": {"uv": [5, 2, 8, 3], "texture": "#top"}
			}
		},
		{
			"from": [5, 15, 10],
			"to": [7, 16, 11],
			"faces": {
				"south": {"uv": [5, 9, 7, 10], "texture": "#top"},
				"west": {"uv": [5, 9, 6, 10], "texture": "#top"},
				"up": {"uv": [5, 9, 7, 10], "texture": "#top"}
			}
		},
		{
			"from": [9, 15, 8],
			"to": [11, 16, 12],
			"faces": {
				"north": {"uv": [2, 6, 6, 7], "texture": "#body"},
				"east": {"uv": [2, 6, 6, 7], "texture": "#body"},
				"west": {"uv": [2, 6, 6, 7], "texture": "#body"},
				"up": {"uv": [9, 8, 11, 12], "texture": "#top"}
			}
		},
		{
			"from": [3, 15, 12],
			"to": [13, 16, 16],
			"faces": {
				"north": {"uv": [2, 3, 12, 4], "texture": "#body"},
				"east": {"uv": [2, 3, 6, 4], "texture": "#body"},
				"south": {"uv": [2, 3, 12, 4], "texture": "#body"},
				"west": {"uv": [2, 3, 6, 4], "texture": "#body"},
				"up": {"uv": [3, 12, 13, 16], "texture": "#top"}
			}
		}
	],
	"display": {
		"thirdperson_righthand": {
			"rotation": [75, 45, 0],
			"translation": [0, 2.5, 0],
			"scale": [0.375, 0.375, 0.375]
		},
		"thirdperson_lefthand": {
			"rotation": [75, 45, 0],
			"translation": [0, 2.5, 0],
			"scale": [0.375, 0.375, 0.375]
		},
		"firstperson_righthand": {
			"rotation": [0, 45, 0],
			"scale": [0.4, 0.4, 0.4]
		},
		"firstperson_lefthand": {
			"rotation": [0, 225, 0],
			"scale": [0.4, 0.4, 0.4]
		},
		"ground": {
			"translation": [0, 2, 0],
			"scale": [0.5, 0.5, 0.5]
		},
		"gui": {
			"rotation": [30, 225, 0],
			"scale": [0.625, 0.625, 0.625]
		},
		"head": {
			"rotation": [0, 180, 0],
			"translation": [0, 13, 7]
		},
		"fixed": {
			"rotation": [0, 180, 0]
		}
	},
	"groups": [
		{
			"name": "base",
			"origin": [0, 0, 0],
			"color": 0,
			"children": [0, 1, 2, 3, 4, 5, 6, 7]
		},
		{
			"name": "group",
			"origin": [0, 0, 0],
			"color": 0,
			"children": [8, 9, 10, 11, 12, 13, 14, 15, 16, 17, 18, 19, 20, 21, 22, 23]
		},
		{
			"name": "haut",
			"origin": [0, 0, 0],
			"color": 0,
			"children": [24, 25, 26, 27, 28, 29, 30, 31, 32, 33, 34, 35, 36, 37, 38, 39, 40, 41, 42, 43, 44, 45, 46, 47, 48, 49, 50, 51, 52, 53]
		}
	]
}