{
	"credit": "Made with Blockbench by Valdr687",
	"parent": "minecraft:block/template_chiseled_bookshelf",
	"textures": {
		"side": "block/chiseled_bookshelf_side",
		"top": "block/chiseled_bookshelf_top",
		"particle": "block/chiseled_bookshelf_stage6",
		"front": "block/chiseled_bookshelf_stage6"
	},
	"elements": [
		{
			"from": [0, 1, 1],
			"to": [1, 15, 15],
			"rotation": {"angle": 0, "axis": "y", "origin": [8, 8, 8]},
			"faces": {
				"west": {"uv": [1, 1, 15, 15], "texture": "#side"}
			}
		},
		{
			"from": [15, 1, 1],
			"to": [16, 15, 15],
			"rotation": {"angle": 0, "axis": "y", "origin": [8, 8, 8]},
			"faces": {
				"east": {"uv": [1, 1, 15, 15], "texture": "#side"}
			}
		},
		{
			"from": [1, 7, 15],
			"to": [15, 9, 16],
			"rotation": {"angle": 0, "axis": "y", "origin": [8, 8, 8]},
			"faces": {
				"south": {"uv": [1, 7, 15, 9], "texture": "#front"},
				"up": {"uv": [1, 7, 15, 8], "rotation": 180, "texture": "#front"},
				"down": {"uv": [1, 8, 15, 9], "rotation": 180, "texture": "#front"}
			}
		},
		{
			"from": [1, 7, 0],
			"to": [15, 9, 1],
			"faces": {
				"north": {"uv": [1, 7, 15, 9], "texture": "#front"},
				"up": {"uv": [1, 7, 15, 8], "texture": "#front"},
				"down": {"uv": [1, 8, 15, 9], "texture": "#front"}
			}
		},
		{
			"from": [0, 1, 0],
			"to": [1, 15, 1],
			"faces": {
				"north": {"uv": [15, 1, 16, 15], "texture": "#front"},
				"east": {"uv": [15, 1, 16, 15], "texture": "#front"},
				"west": {"uv": [0, 1, 1, 15], "texture": "#side"}
			}
		},
		{
			"from": [1, 1, 1],
			"to": [15, 15, 15],
			"faces": {
				"north": {"uv": [1, 1, 15, 15], "texture": "#front"},
				"south": {"uv": [1, 1, 15, 15], "texture": "#front"}
			}
		},
		{
			"from": [0, 1, 15],
			"to": [1, 15, 16],
			"faces": {
				"east": {"uv": [0, 1, 1, 15], "texture": "#front"},
				"south": {"uv": [0, 1, 1, 15], "texture": "#front"},
				"west": {"uv": [15, 1, 16, 15], "texture": "#side"}
			}
		},
		{
			"from": [15, 1, 15],
			"to": [16, 15, 16],
			"faces": {
				"east": {"uv": [0, 0, 1, 14], "texture": "#side"},
				"south": {"uv": [15, 1, 16, 15], "texture": "#front"},
				"west": {"uv": [15, 1, 16, 15], "texture": "#front"}
			}
		},
		{
			"from": [15, 1, 0],
			"to": [16, 15, 1],
			"faces": {
				"north": {"uv": [0, 1, 1, 15], "texture": "#front"},
				"east": {"uv": [15, 1, 16, 15], "texture": "#side"},
				"west": {"uv": [0, 1, 1, 15], "texture": "#front"}
			}
		},
		{
			"from": [0, 15, 0],
			"to": [16, 16, 16],
			"faces": {
				"north": {"uv": [0, 0, 16, 1], "texture": "#front"},
				"east": {"uv": [0, 0, 16, 1], "texture": "#side"},
				"south": {"uv": [0, 0, 16, 1], "texture": "#front"},
				"west": {"uv": [0, 0, 16, 1], "texture": "#side"},
				"up": {"uv": [0, 0, 16, 16], "texture": "#top"},
				"down": {"uv": [0, 0, 16, 16], "texture": "#top"}
			}
		},
		{
			"from": [0, 0, 0],
			"to": [16, 1, 16],
			"faces": {
				"north": {"uv": [0, 15, 16, 16], "texture": "#front"},
				"east": {"uv": [0, 15, 16, 16], "texture": "#side"},
				"south": {"uv": [0, 15, 16, 16], "texture": "#front"},
				"west": {"uv": [0, 15, 16, 16], "texture": "#side"},
				"up": {"uv": [0, 0, 16, 16], "texture": "#top"},
				"down": {"uv": [0, 0, 16, 16], "texture": "#top"}
			}
		},
		{
			"from": [1, 9, 15],
			"to": [5, 14, 15.75],
			"rotation": {"angle": 0, "axis": "y", "origin": [8, 0, 8]},
			"faces": {
				"east": {"uv": [4, 2, 4.75, 7], "texture": "#front"},
				"south": {"uv": [1, 2, 5, 7], "texture": "#front"},
				"up": {"uv": [1, 2, 5, 2.75], "texture": "#front"}
			}
		},
		{
			"from": [6, 1, 15],
			"to": [10, 6, 15.75],
			"rotation": {"angle": 0, "axis": "y", "origin": [8, 0, 8]},
			"faces": {
				"east": {"uv": [9, 10, 9.75, 15], "texture": "#front"},
				"south": {"uv": [6, 10, 10, 15], "texture": "#front"},
				"west": {"uv": [6, 10, 6.75, 15], "texture": "#front"},
				"up": {"uv": [6, 10, 10, 10.75], "texture": "#front"}
			}
		},
		{
			"from": [6, 1, 0.25],
			"to": [10, 6, 1],
			"rotation": {"angle": 0, "axis": "y", "origin": [8, 0, 8]},
			"faces": {
				"north": {"uv": [6, 10, 10, 15], "texture": "#front"},
				"east": {"uv": [6, 10, 6.75, 15], "texture": "#front"},
				"west": {"uv": [9, 10, 9.75, 15], "texture": "#front"},
				"up": {"uv": [6, 10, 10, 10.75], "rotation": 180, "texture": "#front"}
			}
		},
		{
			"from": [11, 9, 0.25],
			"to": [15, 14, 1],
			"rotation": {"angle": 0, "axis": "y", "origin": [8, 0, 8]},
			"faces": {
				"north": {"uv": [1, 2, 5, 7], "texture": "#front"},
				"west": {"uv": [4, 2, 4.75, 7], "texture": "#front"},
				"up": {"uv": [1, 2, 5, 2.75], "rotation": 180, "texture": "#front"}
			}
		},
		{
			"from": [6, 9, 0.05],
			"to": [10, 15, 1],
			"rotation": {"angle": 0, "axis": "y", "origin": [8, 0, 8]},
			"faces": {
				"north": {"uv": [6, 1, 10, 7], "texture": "#front"},
				"east": {"uv": [6, 1, 6.95, 7], "texture": "#front"},
				"west": {"uv": [9, 1, 9.95, 7], "texture": "#front"}
			}
		},
		{
			"from": [1, 1, 0.35],
			"to": [5, 7, 1],
			"rotation": {"angle": 0, "axis": "y", "origin": [8, 0, 8]},
			"faces": {
				"north": {"uv": [11, 9, 15, 15], "texture": "#front"},
				"east": {"uv": [11, 9, 11.95, 15], "texture": "#front"},
				"west": {"uv": [14, 9, 14.95, 15], "texture": "#front"}
			}
		},
		{
			"from": [11, 1, 15],
			"to": [15, 7, 15.65],
			"rotation": {"angle": 0, "axis": "y", "origin": [8, 0, 8]},
			"faces": {
				"east": {"uv": [14, 9, 14.95, 15], "texture": "#front"},
				"south": {"uv": [11, 9, 15, 15], "texture": "#front"},
				"west": {"uv": [11, 9, 11.95, 15], "texture": "#front"}
			}
		},
		{
			"from": [6, 9, 15],
			"to": [10, 15, 15.95],
			"rotation": {"angle": 0, "axis": "y", "origin": [8, 0, 8]},
			"faces": {
				"east": {"uv": [9, 1, 9.95, 7], "texture": "#front"},
				"south": {"uv": [6, 1, 10, 7], "texture": "#front"},
				"west": {"uv": [6, 1, 6.95, 7], "texture": "#front"}
			}
		},
		{
			"from": [1, 1, 15],
			"to": [5, 7, 15.65],
			"rotation": {"angle": 0, "axis": "y", "origin": [8, 0, 8]},
			"faces": {
				"east": {"uv": [4, 9, 4.95, 15], "texture": "#front"},
				"south": {"uv": [1, 9, 5, 15], "texture": "#front"},
				"west": {"uv": [1, 9, 1.95, 15], "texture": "#front"}
			}
		},
		{
			"from": [11, 1, 0.35],
			"to": [15, 7, 1],
			"rotation": {"angle": 0, "axis": "y", "origin": [8, 0, 8]},
			"faces": {
				"north": {"uv": [1, 9, 5, 15], "texture": "#front"},
				"east": {"uv": [1, 9, 1.95, 15], "texture": "#front"},
				"west": {"uv": [4, 9, 4.95, 15], "texture": "#front"}
			}
		},
		{
			"from": [1, 9, 0.35],
			"to": [5, 15, 1],
			"rotation": {"angle": 0, "axis": "y", "origin": [8, 0, 8]},
			"faces": {
				"north": {"uv": [11, 1, 15, 7], "texture": "#front"},
				"east": {"uv": [11, 1, 11.95, 7], "texture": "#front"},
				"west": {"uv": [14, 1, 14.95, 7], "texture": "#front"}
			}
		},
		{
			"from": [11, 9, 15],
			"to": [15, 15, 15.65],
			"rotation": {"angle": 0, "axis": "y", "origin": [8, 0, 8]},
			"faces": {
				"east": {"uv": [14, 1, 14.95, 7], "texture": "#front"},
				"south": {"uv": [11, 1, 15, 7], "texture": "#front"},
				"west": {"uv": [11, 1, 11.95, 7], "texture": "#front"}
			}
		}
	],
	"display": {
		"thirdperson_righthand": {
			"rotation": [75, 45, 0],
			"translation": [0, 2.5, 0],
			"scale": [0.375, 0.375, 0.375]
		},
		"thirdperson_lefthand": {
			"rotation": [75, 45, 0],
			"translation": [0, 2.5, 0],
			"scale": [0.375, 0.375, 0.375]
		},
		"firstperson_righthand": {
			"rotation": [0, 45, 0],
			"scale": [0.4, 0.4, 0.4]
		},
		"firstperson_lefthand": {
			"rotation": [0, 225, 0],
			"scale": [0.4, 0.4, 0.4]
		},
		"ground": {
			"translation": [0, 3, 0],
			"scale": [0.25, 0.25, 0.25]
		},
		"gui": {
			"rotation": [30, 225, 0],
			"scale": [0.625, 0.625, 0.625]
		},
		"fixed": {
			"scale": [0.5, 0.5, 0.5]
		}
	}
}