{
	"credit": "Made with Blockbench by Valdr687",
	"parent": "minecraft:block/template_chiseled_bookshelf",
	"ambientocclusion": false,
	"textures": {
		"particle": "block/chiseled_bookshelf_stage0",
		"front": "block/chiseled_bookshelf_stage0",
		"side": "block/chiseled_bookshelf_side",
		"top": "block/chiseled_bookshelf_top"
	},
	"elements": [
		{
			"from": [0, 1, 1],
			"to": [1, 15, 15],
			"rotation": {"angle": 0, "axis": "y", "origin": [8, 8, 8]},
			"faces": {
				"west": {"uv": [1, 1, 15, 15], "texture": "#side"}
			}
		},
		{
			"from": [15, 1, 1],
			"to": [16, 15, 15],
			"rotation": {"angle": 0, "axis": "y", "origin": [8, 8, 8]},
			"faces": {
				"east": {"uv": [1, 1, 15, 15], "texture": "#side"}
			}
		},
		{
			"from": [1, 7, 15],
			"to": [15, 9, 16],
			"rotation": {"angle": 0, "axis": "y", "origin": [8, 8, 8]},
			"faces": {
				"south": {"uv": [1, 7, 15, 9], "texture": "#front"},
				"up": {"uv": [1, 7, 15, 8], "rotation": 180, "texture": "#front"},
				"down": {"uv": [1, 8, 15, 9], "rotation": 180, "texture": "#front"}
			}
		},
		{
			"from": [1, 7, 0],
			"to": [15, 9, 1],
			"faces": {
				"north": {"uv": [1, 7, 15, 9], "texture": "#front"},
				"up": {"uv": [1, 7, 15, 8], "texture": "#front"},
				"down": {"uv": [1, 8, 15, 9], "texture": "#front"}
			}
		},
		{
			"from": [0, 1, 0],
			"to": [1, 15, 1],
			"faces": {
				"north": {"uv": [15, 1, 16, 15], "texture": "#front"},
				"east": {"uv": [15, 1, 16, 15], "texture": "#front"},
				"west": {"uv": [0, 1, 1, 15], "texture": "#side"}
			}
		},
		{
			"from": [1, 1, 1],
			"to": [15, 15, 15],
			"faces": {
				"north": {"uv": [1, 1, 15, 15], "texture": "#front"},
				"south": {"uv": [1, 1, 15, 15], "texture": "#front"}
			}
		},
		{
			"from": [0, 1, 15],
			"to": [1, 15, 16],
			"faces": {
				"east": {"uv": [0, 1, 1, 15], "texture": "#front"},
				"south": {"uv": [0, 1, 1, 15], "texture": "#front"},
				"west": {"uv": [15, 1, 16, 15], "texture": "#side"}
			}
		},
		{
			"from": [15, 1, 15],
			"to": [16, 15, 16],
			"faces": {
				"east": {"uv": [0, 0, 1, 14], "texture": "#side"},
				"south": {"uv": [15, 1, 16, 15], "texture": "#front"},
				"west": {"uv": [15, 1, 16, 15], "texture": "#front"}
			}
		},
		{
			"from": [15, 1, 0],
			"to": [16, 15, 1],
			"faces": {
				"north": {"uv": [0, 1, 1, 15], "texture": "#front"},
				"east": {"uv": [15, 1, 16, 15], "texture": "#side"},
				"west": {"uv": [0, 1, 1, 15], "texture": "#front"}
			}
		},
		{
			"from": [0, 15, 0],
			"to": [16, 16, 16],
			"faces": {
				"north": {"uv": [0, 0, 16, 1], "texture": "#front"},
				"east": {"uv": [0, 0, 16, 1], "texture": "#side"},
				"south": {"uv": [0, 0, 16, 1], "texture": "#front"},
				"west": {"uv": [0, 0, 16, 1], "texture": "#side"},
				"up": {"uv": [0, 0, 16, 16], "texture": "#top"},
				"down": {"uv": [0, 0, 16, 16], "texture": "#top"}
			}
		},
		{
			"from": [0, 0, 0],
			"to": [16, 1, 16],
			"faces": {
				"north": {"uv": [0, 15, 16, 16], "texture": "#front"},
				"east": {"uv": [0, 15, 16, 16], "texture": "#side"},
				"south": {"uv": [0, 15, 16, 16], "texture": "#front"},
				"west": {"uv": [0, 15, 16, 16], "texture": "#side"},
				"up": {"uv": [0, 0, 16, 16], "texture": "#top"},
				"down": {"uv": [0, 0, 16, 16], "texture": "#top"}
			}
		}
	],
	"display": {
		"thirdperson_righthand": {
			"rotation": [75, 45, 0],
			"translation": [0, 2.5, 0],
			"scale": [0.375, 0.375, 0.375]
		},
		"thirdperson_lefthand": {
			"rotation": [75, 45, 0],
			"translation": [0, 2.5, 0],
			"scale": [0.375, 0.375, 0.375]
		},
		"firstperson_righthand": {
			"rotation": [0, 45, 0],
			"scale": [0.4, 0.4, 0.4]
		},
		"firstperson_lefthand": {
			"rotation": [0, 225, 0],
			"scale": [0.4, 0.4, 0.4]
		},
		"ground": {
			"translation": [0, 3, 0],
			"scale": [0.25, 0.25, 0.25]
		},
		"gui": {
			"rotation": [30, 225, 0],
			"scale": [0.625, 0.625, 0.625]
		},
		"fixed": {
			"scale": [0.5, 0.5, 0.5]
		}
	}
}