{
	"credit": "Made with Blockbench by Valdr687",
	"ambientocclusion": false,
	"textures": {
		"0": "block/composter_side",
		"1": "block/composter_bottom",
		"2": "block/composter_top",
		"particle": "block/composter_side"
	},
	"elements": [
		{
			"from": [15, 4, 1],
			"to": [16, 7, 15],
			"rotation": {"angle": 0, "axis": "y", "origin": [7, 5.5, 0.5]},
			"faces": {
				"east": {"uv": [1, 9, 15, 12], "texture": "#0"},
				"west": {"uv": [1, 9, 15, 12], "texture": "#0"},
				"up": {"uv": [1, 9, 15, 10], "rotation": 270, "texture": "#0"},
				"down": {"uv": [1, 11, 15, 12], "rotation": 90, "texture": "#0"}
			}
		},
		{
			"from": [0, 4, 1],
			"to": [1, 7, 15],
			"rotation": {"angle": 0, "axis": "y", "origin": [7, 5.5, 0.5]},
			"faces": {
				"east": {"uv": [1, 9, 15, 12], "texture": "#0"},
				"west": {"uv": [1, 9, 15, 12], "texture": "#0"},
				"up": {"uv": [1, 9, 15, 10], "rotation": 270, "texture": "#0"},
				"down": {"uv": [1, 11, 15, 12], "rotation": 90, "texture": "#0"}
			}
		},
		{
			"from": [0, 4, 15],
			"to": [16, 7, 16],
			"faces": {
				"north": {"uv": [0, 9, 16, 12], "texture": "#0"},
				"east": {"uv": [0, 9, 1, 12], "texture": "#0"},
				"south": {"uv": [0, 9, 16, 12], "texture": "#0"},
				"west": {"uv": [15, 9, 16, 12], "texture": "#0"},
				"up": {"uv": [0, 9, 16, 10], "texture": "#0"},
				"down": {"uv": [0, 11, 16, 12], "texture": "#0"}
			}
		},
		{
			"from": [0, 4, 0],
			"to": [16, 7, 1],
			"faces": {
				"north": {"uv": [0, 9, 16, 12], "texture": "#0"},
				"east": {"uv": [0, 9, 1, 12], "texture": "#0"},
				"south": {"uv": [0, 9, 16, 12], "texture": "#0"},
				"west": {"uv": [15, 9, 16, 12], "texture": "#0"},
				"up": {"uv": [0, 9, 16, 10], "texture": "#0"},
				"down": {"uv": [0, 11, 16, 12], "texture": "#0"}
			}
		},
		{
			"from": [0, 8, 15],
			"to": [16, 11, 16],
			"faces": {
				"north": {"uv": [0, 5, 16, 8], "texture": "#0"},
				"east": {"uv": [0, 5, 1, 8], "texture": "#0"},
				"south": {"uv": [0, 5, 16, 8], "texture": "#0"},
				"west": {"uv": [15, 5, 16, 8], "texture": "#0"},
				"up": {"uv": [0, 5, 16, 6], "texture": "#0"},
				"down": {"uv": [0, 7, 16, 8], "texture": "#0"}
			}
		},
		{
			"from": [0, 8, 0],
			"to": [16, 11, 1],
			"faces": {
				"north": {"uv": [0, 5, 16, 8], "texture": "#0"},
				"east": {"uv": [0, 5, 1, 8], "texture": "#0"},
				"south": {"uv": [0, 5, 16, 8], "texture": "#0"},
				"west": {"uv": [15, 5, 16, 8], "texture": "#0"},
				"up": {"uv": [0, 5, 16, 6], "texture": "#0"},
				"down": {"uv": [0, 7, 16, 8], "texture": "#0"}
			}
		},
		{
			"from": [0, 8, 1],
			"to": [1, 11, 15],
			"rotation": {"angle": 0, "axis": "y", "origin": [7, 5.5, 0.5]},
			"faces": {
				"east": {"uv": [1, 5, 15, 8], "texture": "#0"},
				"west": {"uv": [1, 5, 15, 8], "texture": "#0"},
				"up": {"uv": [1, 5, 15, 6], "rotation": 270, "texture": "#0"},
				"down": {"uv": [1, 7, 15, 8], "rotation": 90, "texture": "#0"}
			}
		},
		{
			"from": [15, 8, 1],
			"to": [16, 11, 15],
			"rotation": {"angle": 0, "axis": "y", "origin": [7, 5.5, 0.5]},
			"faces": {
				"east": {"uv": [1, 5, 15, 8], "texture": "#0"},
				"west": {"uv": [1, 5, 15, 8], "texture": "#0"},
				"up": {"uv": [1, 5, 15, 6], "rotation": 270, "texture": "#0"},
				"down": {"uv": [1, 7, 15, 8], "rotation": 90, "texture": "#0"}
			}
		},
		{
			"from": [0, 12, 1],
			"to": [1, 16, 15],
			"rotation": {"angle": 0, "axis": "y", "origin": [7, 5.5, 0.5]},
			"faces": {
				"east": {"uv": [1, 0, 15, 4], "texture": "#0"},
				"west": {"uv": [1, 0, 15, 4], "texture": "#0"},
				"up": {"uv": [1, 0, 15, 1], "rotation": 270, "texture": "#2"},
				"down": {"uv": [1, 3, 15, 4], "rotation": 90, "texture": "#0"}
			}
		},
		{
			"from": [15, 12, 1],
			"to": [16, 16, 15],
			"rotation": {"angle": 0, "axis": "y", "origin": [7, 5.5, 0.5]},
			"faces": {
				"east": {"uv": [1, 0, 15, 4], "texture": "#0"},
				"west": {"uv": [1, 0, 15, 4], "texture": "#0"},
				"up": {"uv": [1, 0, 15, 1], "rotation": 270, "texture": "#2"},
				"down": {"uv": [1, 3, 15, 4], "rotation": 90, "texture": "#0"}
			}
		},
		{
			"from": [0, 12, 0],
			"to": [16, 16, 1],
			"faces": {
				"north": {"uv": [0, 0, 16, 4], "texture": "#0"},
				"east": {"uv": [15, 0, 16, 4], "texture": "#0"},
				"south": {"uv": [0, 0, 16, 4], "texture": "#0"},
				"west": {"uv": [0, 0, 1, 4], "texture": "#0"},
				"up": {"uv": [0, 0, 16, 1], "texture": "#2"},
				"down": {"uv": [0, 3, 16, 4], "texture": "#0"}
			}
		},
		{
			"from": [0, 12, 15],
			"to": [16, 16, 16],
			"faces": {
				"north": {"uv": [0, 0, 16, 4], "texture": "#0"},
				"east": {"uv": [15, 0, 16, 4], "texture": "#0"},
				"south": {"uv": [0, 0, 16, 4], "texture": "#0"},
				"west": {"uv": [0, 0, 1, 4], "texture": "#0"},
				"up": {"uv": [0, 15, 16, 16], "texture": "#2"},
				"down": {"uv": [0, 3, 16, 4], "texture": "#0"}
			}
		},
		{
			"from": [0, 0, 0],
			"to": [16, 3, 16],
			"faces": {
				"north": {"uv": [0, 13, 16, 16], "texture": "#0", "cullface": "north"},
				"east": {"uv": [0, 13, 16, 16], "texture": "#0", "cullface": "east"},
				"south": {"uv": [0, 13, 16, 16], "texture": "#0", "cullface": "south"},
				"west": {"uv": [0, 13, 16, 16], "texture": "#0", "cullface": "west"},
				"up": {"uv": [0, 0, 16, 16], "texture": "#1"},
				"down": {"uv": [0, 0, 16, 16], "texture": "#1", "cullface": "down"}
			}
		},
		{
			"from": [14, 3, 14],
			"to": [15, 16.25, 15],
			"faces": {
				"north": {"uv": [1, 1, 2, 14], "texture": "#2"},
				"east": {"uv": [1, 1, 2, 14], "texture": "#2"},
				"south": {"uv": [1, 1, 2, 14], "texture": "#2"},
				"west": {"uv": [1, 1, 2, 14], "texture": "#2"},
				"up": {"uv": [1, 1, 2, 2], "texture": "#2", "cullface": "up"}
			}
		},
		{
			"from": [14, 3, 1],
			"to": [15, 16.25, 2],
			"faces": {
				"north": {"uv": [1, 1, 2, 14], "texture": "#2"},
				"east": {"uv": [1, 1, 2, 14], "texture": "#2"},
				"south": {"uv": [1, 1, 2, 14], "texture": "#2"},
				"west": {"uv": [1, 1, 2, 14], "texture": "#2"},
				"up": {"uv": [1, 1, 2, 2], "texture": "#2", "cullface": "up"}
			}
		},
		{
			"from": [1, 3, 1],
			"to": [2, 16.25, 2],
			"faces": {
				"north": {"uv": [1, 1, 2, 14], "texture": "#2"},
				"east": {"uv": [1, 1, 2, 14], "texture": "#2"},
				"south": {"uv": [1, 1, 2, 14], "texture": "#2"},
				"west": {"uv": [1, 1, 2, 14], "texture": "#2"},
				"up": {"uv": [1, 1, 2, 2], "texture": "#2", "cullface": "up"}
			}
		},
		{
			"from": [1, 3, 14],
			"to": [2, 16.25, 15],
			"faces": {
				"north": {"uv": [1, 1, 2, 14], "texture": "#2"},
				"east": {"uv": [1, 1, 2, 14], "texture": "#2"},
				"south": {"uv": [1, 1, 2, 14], "texture": "#2"},
				"west": {"uv": [1, 1, 2, 14], "texture": "#2"},
				"up": {"uv": [1, 1, 2, 2], "texture": "#2", "cullface": "up"}
			}
		},
		{
			"from": [0.5, 0, 0.5],
			"to": [15.5, 16, 0.5],
			"faces": {
				"north": {"uv": [0, 0, 16, 16], "texture": "#0"},
				"south": {"uv": [0, 0, 16, 16], "texture": "#0"}
			}
		},
		{
			"from": [15.5, 0, 0.5],
			"to": [15.5, 16, 15.5],
			"rotation": {"angle": 0, "axis": "y", "origin": [8.125, 8, 0.5]},
			"faces": {
				"east": {"uv": [0, 0, 16, 16], "texture": "#0"},
				"west": {"uv": [0, 0, 16, 16], "texture": "#0"}
			}
		},
		{
			"from": [0.5, 0, 0.5],
			"to": [0.5, 16, 15.5],
			"rotation": {"angle": 0, "axis": "y", "origin": [8.125, 8, 0.5]},
			"faces": {
				"east": {"uv": [0, 0, 16, 16], "texture": "#0"},
				"west": {"uv": [0, 0, 16, 16], "texture": "#0"}
			}
		},
		{
			"from": [0.5, 0, 15.5],
			"to": [15.5, 16, 15.5],
			"faces": {
				"north": {"uv": [0, 0, 16, 16], "texture": "#0"},
				"south": {"uv": [0, 0, 16, 16], "texture": "#0"}
			}
		}
	],
	"display": {
		"thirdperson_righthand": {
			"rotation": [75, 45, 0],
			"translation": [0, 2.5, 0],
			"scale": [0.375, 0.375, 0.375]
		},
		"thirdperson_lefthand": {
			"rotation": [75, 45, 0],
			"translation": [0, 2.5, 0],
			"scale": [0.375, 0.375, 0.375]
		},
		"firstperson_righthand": {
			"rotation": [0, 45, 0],
			"scale": [0.4, 0.4, 0.4]
		},
		"firstperson_lefthand": {
			"rotation": [0, 225, 0],
			"scale": [0.4, 0.4, 0.4]
		},
		"ground": {
			"translation": [0, 3, 0],
			"scale": [0.25, 0.25, 0.25]
		},
		"gui": {
			"rotation": [30, 225, 0],
			"scale": [0.625, 0.625, 0.625]
		},
		"fixed": {
			"scale": [0.5, 0.5, 0.5]
		}
	},
	"groups": [
		{
			"name": "group",
			"origin": [0, 0, 0],
			"color": 0,
			"children": [0, 1, 2, 3]
		},
		{
			"name": "group",
			"origin": [0, 0, 0],
			"color": 0,
			"children": [4, 5, 6, 7]
		},
		{
			"name": "group",
			"origin": [0, 0, 0],
			"color": 0,
			"children": [8, 9, 10, 11]
		},
		{
			"name": "group",
			"origin": [0, 0, 0],
			"color": 0,
			"children": [12, 13, 14, 15, 16]
		},
		17,
		18,
		19,
		20
	]
}