{
	"credit": "Made with Blockbench by Valdr687",
	"textures": {
		"0": "block/cornflower",
		"particle": "block/cornflower"
	},
	"elements": [
		{
			"from": [7.5, 0, 7.5],
			"to": [8.5, 8, 8.5],
			"faces": {
				"north": {"uv": [8, 8, 9, 16], "texture": "#0"},
				"east": {"uv": [8, 8, 9, 16], "texture": "#0"},
				"south": {"uv": [8, 8, 9, 16], "texture": "#0"},
				"west": {"uv": [8, 8, 9, 16], "texture": "#0"},
				"up": {"uv": [8, 8, 9, 9], "texture": "#0"},
				"down": {"uv": [8, 15, 9, 16], "texture": "#0"}
			}
		},
		{
			"from": [8, 0, 3.5],
			"to": [8, 8, 7.5],
			"rotation": {"angle": 45, "axis": "y", "origin": [8, 4, 8]},
			"faces": {
				"east": {"uv": [8, 7, 4, 16], "texture": "#0"},
				"west": {"uv": [4, 7, 8, 16], "texture": "#0"}
			}
		},
		{
			"from": [8, 0, 3.5],
			"to": [8, 8, 7.5],
			"rotation": {"angle": -45, "axis": "y", "origin": [8, 4, 8]},
			"faces": {
				"east": {"uv": [8, 7, 4, 16], "texture": "#0"},
				"west": {"uv": [4, 7, 8, 16], "texture": "#0"}
			}
		},
		{
			"from": [6.5, 8.025, 6.5],
			"to": [9.5, 8.025, 9.5],
			"faces": {
				"up": {"uv": [7, 4, 10, 7], "texture": "#0"},
				"down": {"uv": [7, 4, 10, 7], "texture": "#0"}
			}
		},
		{
			"from": [6.5, 8.025, 9.5],
			"to": [9.5, 8.025, 12.5],
			"rotation": {"angle": -45, "axis": "x", "origin": [8, 8.025, 9.5]},
			"faces": {
				"up": {"uv": [7, 7, 10, 4], "texture": "#0"},
				"down": {"uv": [7, 4, 10, 7], "texture": "#0"}
			}
		},
		{
			"from": [6.5, 8.025, 3.5],
			"to": [9.5, 8.025, 6.5],
			"rotation": {"angle": 45, "axis": "x", "origin": [8, 8.025, 6.5]},
			"faces": {
				"up": {"uv": [7, 7, 10, 4], "texture": "#0"},
				"down": {"uv": [7, 7, 10, 4], "texture": "#0"}
			}
		},
		{
			"from": [9.5, 8.025, 6.5],
			"to": [12.5, 8.025, 9.5],
			"rotation": {"angle": 45, "axis": "z", "origin": [9.5, 8.025, 8]},
			"faces": {
				"up": {"uv": [7, 4, 10, 7], "rotation": 90, "texture": "#0"},
				"down": {"uv": [7, 4, 10, 7], "rotation": 90, "texture": "#0"}
			}
		},
		{
			"from": [3.5, 8.025, 6.5],
			"to": [6.5, 8.025, 9.5],
			"rotation": {"angle": -45, "axis": "z", "origin": [6.5, 8.025, 8]},
			"faces": {
				"up": {"uv": [7, 4, 10, 7], "rotation": 270, "texture": "#0"},
				"down": {"uv": [7, 4, 10, 7], "rotation": 270, "texture": "#0"}
			}
		},
		{
			"from": [7.5, 8, 8],
			"to": [8.5, 10, 8],
			"rotation": {"angle": 45, "axis": "y", "origin": [8, 9, 8]},
			"faces": {
				"north": {"uv": [8, 6, 9, 8], "texture": "#0"},
				"south": {"uv": [8, 6, 9, 8], "texture": "#0"}
			}
		},
		{
			"from": [7.5, 8, 8],
			"to": [8.5, 10, 8],
			"rotation": {"angle": -45, "axis": "y", "origin": [8, 9, 8]},
			"faces": {
				"north": {"uv": [8, 6, 9, 8], "texture": "#0"},
				"south": {"uv": [8, 6, 9, 8], "texture": "#0"}
			}
		}
	]
}