{
	"credit": "Made with Blockbench by Valdr687",
	"textures": {
		"1": "block/crafting_table_side",
		"2": "block/crafting_table_top",
		"3": "block/crafting_table_front",
		"4": "block/crafting_table_empty",
		"5": "block/anvil",
		"6": "block/oak_planks",
		"particle": "block/crafting_table_side"
	},
	"elements": [
		{
			"from": [0, 0, 0],
			"to": [16, 16, 16],
			"faces": {
				"north": {"uv": [0, 0, 16, 16], "texture": "#4", "cullface": "north"},
				"east": {"uv": [0, 0, 16, 16], "texture": "#4", "cullface": "east"},
				"south": {"uv": [0, 0, 16, 16], "texture": "#4", "cullface": "south"},
				"west": {"uv": [0, 0, 16, 16], "texture": "#4", "cullface": "west"},
				"up": {"uv": [0, 0, 16, 16], "texture": "#2", "cullface": "up"},
				"down": {"uv": [0, 0, 16, 16], "texture": "#6", "cullface": "down"}
			}
		},
		{
			"from": [12, 9, -1],
			"to": [13, 11, 0],
			"faces": {
				"north": {"uv": [3, 5, 4, 7], "texture": "#1", "cullface": "north"},
				"east": {"uv": [3, 5, 4, 7], "texture": "#1", "cullface": "north"},
				"west": {"uv": [3, 5, 4, 7], "texture": "#1", "cullface": "north"},
				"up": {"uv": [3, 5, 4, 6], "texture": "#1", "cullface": "north"},
				"down": {"uv": [3, 6, 4, 7], "texture": "#1", "cullface": "north"}
			}
		},
		{
			"from": [10, 9, -1],
			"to": [11, 11, 0],
			"faces": {
				"north": {"uv": [5, 5, 6, 7], "texture": "#1", "cullface": "north"},
				"east": {"uv": [5, 5, 6, 7], "texture": "#1", "cullface": "north"},
				"west": {"uv": [5, 5, 6, 7], "texture": "#1", "cullface": "north"},
				"up": {"uv": [5, 5, 6, 6], "texture": "#1", "cullface": "north"},
				"down": {"uv": [5, 6, 6, 7], "texture": "#1", "cullface": "north"}
			}
		},
		{
			"from": [10, 6, -0.65],
			"to": [11, 8, -0.5],
			"faces": {
				"north": {"uv": [5, 8, 6, 10], "texture": "#1", "cullface": "north"},
				"east": {"uv": [5, 8, 6, 10], "texture": "#1", "cullface": "north"},
				"south": {"uv": [5, 8, 6, 10], "texture": "#1"},
				"west": {"uv": [5, 8, 6, 10], "texture": "#1", "cullface": "north"},
				"up": {"uv": [5, 8, 6, 9], "texture": "#1", "cullface": "north"},
				"down": {"uv": [5, 9, 6, 10], "texture": "#1", "cullface": "north"}
			}
		},
		{
			"from": [12, 6, -0.65],
			"to": [13, 8, -0.5],
			"faces": {
				"north": {"uv": [5, 8, 6, 10], "texture": "#1", "cullface": "north"},
				"east": {"uv": [5, 8, 6, 10], "texture": "#1", "cullface": "north"},
				"south": {"uv": [5, 8, 6, 10], "texture": "#1"},
				"west": {"uv": [5, 8, 6, 10], "texture": "#1", "cullface": "north"},
				"up": {"uv": [5, 8, 6, 9], "texture": "#1", "cullface": "north"},
				"down": {"uv": [5, 9, 6, 10], "texture": "#1", "cullface": "north"}
			}
		},
		{
			"from": [11, 8, -0.65],
			"to": [12, 9, -0.5],
			"faces": {
				"north": {"uv": [4, 7, 5, 8], "texture": "#1", "cullface": "north"},
				"east": {"uv": [4, 7, 5, 8], "texture": "#1", "cullface": "north"},
				"south": {"uv": [4, 7, 5, 8], "texture": "#1"},
				"west": {"uv": [4, 7, 5, 8], "texture": "#1", "cullface": "north"},
				"up": {"uv": [4, 7, 5, 8], "texture": "#1", "cullface": "north"},
				"down": {"uv": [4, 7, 5, 8], "texture": "#1", "cullface": "north"}
			}
		},
		{
			"from": [9.25713, 15.605, 3.92522],
			"to": [11.50713, 16.605, 4.42522],
			"rotation": {"angle": 45, "axis": "y", "origin": [10.25713, 16.105, 3.80022]},
			"faces": {
				"north": {"uv": [5, 5, 6, 7], "rotation": 90, "texture": "#1", "cullface": "up"},
				"east": {"uv": [3, 6, 4, 7], "rotation": 180, "texture": "#1", "cullface": "up"},
				"south": {"uv": [5, 5, 6, 7], "rotation": 270, "texture": "#1", "cullface": "up"},
				"west": {"uv": [3, 5, 4, 6], "texture": "#1", "cullface": "up"},
				"up": {"uv": [3, 5, 4, 7], "rotation": 270, "texture": "#1", "cullface": "up"},
				"down": {"uv": [3, 5, 4, 7], "rotation": 270, "texture": "#1", "cullface": "up"}
			}
		},
		{
			"from": [11.15328, 16.255, 2.4756],
			"to": [14.15328, 16.405, 3.4756],
			"rotation": {"angle": 0, "axis": "y", "origin": [13.40328, 16.33, 2.4756]},
			"faces": {
				"north": {"uv": [13, 7, 14, 9], "rotation": 90, "texture": "#3", "cullface": "up"},
				"east": {"uv": [13, 7, 14, 8], "rotation": 180, "texture": "#3", "cullface": "up"},
				"south": {"uv": [13, 7, 14, 9], "rotation": 270, "texture": "#3", "cullface": "up"},
				"west": {"uv": [13, 7, 14, 8], "texture": "#3", "cullface": "up"},
				"up": {"uv": [13, 7, 14, 9], "rotation": 270, "texture": "#3", "cullface": "up"},
				"down": {"uv": [13, 7, 14, 9], "rotation": 270, "texture": "#3", "cullface": "up"}
			}
		},
		{
			"from": [8.84672, 15.655, 2.6844],
			"to": [11.09672, 16.655, 3.1844],
			"rotation": {"angle": 0, "axis": "y", "origin": [9.84672, 15.905, 2.8094]},
			"faces": {
				"north": {"uv": [3, 5, 4, 7], "rotation": 90, "texture": "#1", "cullface": "up"},
				"east": {"uv": [5, 1, 11, 7], "rotation": 180, "texture": "#missing", "cullface": "up"},
				"south": {"uv": [3, 5, 4, 7], "rotation": 270, "texture": "#1", "cullface": "up"},
				"west": {"uv": [3, 5, 4, 6], "texture": "#1", "cullface": "up"},
				"up": {"uv": [3, 5, 4, 7], "rotation": 270, "texture": "#1", "cullface": "up"}
			}
		},
		{
			"from": [10.83126, 16.355, 1.19817],
			"to": [13.83126, 16.505, 2.19817],
			"rotation": {"angle": 45, "axis": "y", "origin": [12.83126, 16.33, 1.69817]},
			"faces": {
				"north": {"uv": [13, 7, 14, 10], "rotation": 90, "texture": "#3", "cullface": "up"},
				"east": {"uv": [13, 7, 14, 8], "rotation": 180, "texture": "#3", "cullface": "up"},
				"south": {"uv": [13, 7, 14, 10], "rotation": 270, "texture": "#3", "cullface": "up"},
				"west": {"uv": [13, 7, 14, 8], "texture": "#3", "cullface": "up"},
				"up": {"uv": [13, 7, 14, 10], "rotation": 270, "texture": "#3", "cullface": "up"},
				"down": {"uv": [13, 7, 14, 10], "rotation": 270, "texture": "#3", "cullface": "up"}
			}
		},
		{
			"from": [11.25, 16.2, 2.75],
			"to": [11.5, 16.7, 3],
			"faces": {
				"north": {"uv": [0, 0, 0.125, 0.25], "texture": "#1", "cullface": "up"},
				"east": {"uv": [0, 0, 0.125, 0.25], "texture": "#1", "cullface": "up"},
				"south": {"uv": [0, 0, 0.125, 0.25], "texture": "#1", "cullface": "up"},
				"west": {"uv": [0, 0, 0.125, 0.25], "texture": "#1", "cullface": "up"},
				"up": {"uv": [0, 0, 0.125, 0.125], "texture": "#1", "cullface": "up"},
				"down": {"uv": [0, 0, 0.125, 0.125], "texture": "#1", "cullface": "up"}
			}
		},
		{
			"from": [5, 9, 16],
			"to": [6, 11, 17],
			"faces": {
				"east": {"uv": [3, 5, 4, 7], "texture": "#1"},
				"south": {"uv": [3, 5, 4, 7], "texture": "#1"},
				"west": {"uv": [3, 5, 4, 7], "texture": "#1"},
				"up": {"uv": [3, 5, 4, 6], "texture": "#1"},
				"down": {"uv": [3, 6, 4, 7], "texture": "#1"}
			}
		},
		{
			"from": [3, 9, 16],
			"to": [4, 11, 17],
			"faces": {
				"east": {"uv": [5, 5, 6, 7], "texture": "#1"},
				"south": {"uv": [5, 5, 6, 7], "texture": "#1"},
				"west": {"uv": [5, 5, 6, 7], "texture": "#1"},
				"up": {"uv": [5, 5, 6, 6], "texture": "#1"},
				"down": {"uv": [5, 6, 6, 7], "texture": "#1"}
			}
		},
		{
			"from": [3, 6, 16.35],
			"to": [4, 8, 16.5],
			"faces": {
				"north": {"uv": [5, 8, 6, 10], "texture": "#1"},
				"east": {"uv": [5, 8, 6, 10], "texture": "#1"},
				"south": {"uv": [5, 8, 6, 10], "texture": "#1"},
				"west": {"uv": [5, 8, 6, 10], "texture": "#1"},
				"up": {"uv": [5, 8, 6, 9], "texture": "#1"},
				"down": {"uv": [5, 9, 6, 10], "texture": "#1"}
			}
		},
		{
			"from": [5, 6, 16.35],
			"to": [6, 8, 16.5],
			"faces": {
				"north": {"uv": [5, 8, 6, 10], "texture": "#1"},
				"east": {"uv": [5, 8, 6, 10], "texture": "#1"},
				"south": {"uv": [5, 8, 6, 10], "texture": "#1"},
				"west": {"uv": [5, 8, 6, 10], "texture": "#1"},
				"up": {"uv": [5, 8, 6, 9], "texture": "#1"},
				"down": {"uv": [5, 9, 6, 10], "texture": "#1"}
			}
		},
		{
			"from": [4, 8, 16.35],
			"to": [5, 9, 16.5],
			"faces": {
				"north": {"uv": [4, 7, 5, 8], "texture": "#1"},
				"east": {"uv": [4, 7, 5, 8], "texture": "#1"},
				"south": {"uv": [4, 7, 5, 8], "texture": "#1"},
				"west": {"uv": [4, 7, 5, 8], "texture": "#1"},
				"up": {"uv": [4, 7, 5, 8], "texture": "#1"},
				"down": {"uv": [4, 7, 5, 8], "texture": "#1"}
			}
		},
		{
			"from": [2.75, 16, 1],
			"to": [3.75, 17.25, 4],
			"rotation": {"angle": -22.5, "axis": "y", "origin": [3.5, 17.5125, 2.375]},
			"faces": {
				"north": {"uv": [2, 9, 4, 10], "rotation": 90, "texture": "#5", "cullface": "up"},
				"east": {"uv": [5, 10, 2, 11], "texture": "#5", "cullface": "up"},
				"south": {"uv": [4, 10, 5, 11], "rotation": 90, "texture": "#5", "cullface": "up"},
				"west": {"uv": [2, 10, 5, 11], "texture": "#5", "cullface": "up"},
				"up": {"uv": [2, 10, 5, 11], "rotation": 90, "texture": "#5", "cullface": "up"},
				"down": {"uv": [2, 10, 5, 11], "rotation": 180, "texture": "#5", "cullface": "up"}
			}
		},
		{
			"from": [3.75, 16.15, 2],
			"to": [6.75, 17.15, 3],
			"rotation": {"angle": -22.5, "axis": "y", "origin": [3.5, 17.5125, 2.375]},
			"faces": {
				"north": {"uv": [3, 8, 4, 5], "rotation": 90, "texture": "#3", "cullface": "up"},
				"east": {"uv": [3, 5, 4, 6], "texture": "#3", "cullface": "up"},
				"south": {"uv": [3, 5, 4, 8], "rotation": 90, "texture": "#3", "cullface": "up"},
				"up": {"uv": [3, 5, 4, 8], "rotation": 90, "texture": "#3", "cullface": "up"},
				"down": {"uv": [3, 5, 4, 8], "rotation": 90, "texture": "#3", "cullface": "up"}
			}
		},
		{
			"from": [-1.46743, 4.8875, 2.0275],
			"to": [-0.21743, 6.9875, 5.0275],
			"rotation": {"angle": 0, "axis": "z", "origin": [0.14507, 9.6375, 12.7775]},
			"faces": {
				"north": {"uv": [4, 9, 5, 11], "texture": "#3", "cullface": "west"},
				"east": {"uv": [2, 9, 5, 11], "rotation": 270, "texture": "#3", "cullface": "west"},
				"south": {"uv": [2, 9, 3, 11], "texture": "#3", "cullface": "west"},
				"west": {"uv": [2, 9, 5, 11], "rotation": 270, "texture": "#3", "cullface": "west"},
				"up": {"uv": [2, 9, 5, 10], "rotation": 270, "texture": "#3", "cullface": "west"},
				"down": {"uv": [2, 10, 5, 11], "rotation": 270, "texture": "#3", "cullface": "west"}
			}
		},
		{
			"from": [-1.11743, 6.8875, 3.0275],
			"to": [-0.11743, 10.9875, 4.0275],
			"rotation": {"angle": 0, "axis": "z", "origin": [0.14507, 9.6375, 12.7775]},
			"faces": {
				"north": {"uv": [3, 5, 4, 9], "texture": "#3", "cullface": "west"},
				"east": {"uv": [3, 9, 4, 5], "texture": "#3", "cullface": "west"},
				"south": {"uv": [3, 5, 4, 9], "texture": "#3", "cullface": "west"},
				"west": {"uv": [3, 5, 4, 9], "texture": "#3", "cullface": "west"},
				"up": {"uv": [3, 5, 4, 6], "rotation": 270, "texture": "#3", "cullface": "west"}
			}
		},
		{
			"from": [15.68257, 4.8875, 11.0275],
			"to": [16.93257, 6.9875, 14.0275],
			"rotation": {"angle": 0, "axis": "z", "origin": [0.14507, 9.6375, 12.7775]},
			"faces": {
				"north": {"uv": [4, 9, 5, 11], "texture": "#3", "cullface": "east"},
				"east": {"uv": [2, 9, 5, 11], "rotation": 270, "texture": "#3", "cullface": "east"},
				"south": {"uv": [2, 9, 3, 11], "texture": "#3", "cullface": "east"},
				"up": {"uv": [2, 9, 5, 10], "rotation": 270, "texture": "#3", "cullface": "east"},
				"down": {"uv": [2, 10, 5, 11], "rotation": 270, "texture": "#3", "cullface": "east"}
			}
		},
		{
			"from": [16.03257, 6.8875, 12.0275],
			"to": [17.03257, 10.9875, 13.0275],
			"rotation": {"angle": 0, "axis": "z", "origin": [0.14507, 9.6375, 12.7775]},
			"faces": {
				"north": {"uv": [3, 5, 4, 9], "texture": "#3", "cullface": "east"},
				"east": {"uv": [3, 5, 4, 9], "texture": "#3", "cullface": "east"},
				"south": {"uv": [3, 5, 4, 9], "texture": "#3", "cullface": "east"},
				"west": {"uv": [3, 5, 4, 9], "texture": "#3"},
				"up": {"uv": [3, 5, 4, 6], "rotation": 270, "texture": "#3", "cullface": "east"}
			}
		},
		{
			"from": [9.73214, 15.9, 11.98214],
			"to": [10.48214, 16.85, 14.48214],
			"rotation": {"angle": 22.5, "axis": "y", "origin": [6.35714, 18.125, 7.875]},
			"faces": {
				"north": {"uv": [13, 3, 14, 4], "texture": "#3", "cullface": "up"},
				"east": {"uv": [11, 3, 14, 4], "texture": "#3", "cullface": "up"},
				"south": {"uv": [11, 3, 12, 4], "texture": "#3", "cullface": "up"},
				"west": {"uv": [11, 3, 14, 4], "texture": "#3", "cullface": "up"},
				"up": {"uv": [11, 3, 14, 4], "rotation": 270, "texture": "#3", "cullface": "up"},
				"down": {"uv": [11, 3, 14, 4], "rotation": 90, "texture": "#3", "cullface": "up"}
			}
		},
		{
			"from": [7.85714, 16.05, 13.85714],
			"to": [9.85714, 16.75, 14.35714],
			"rotation": {"angle": 22.5, "axis": "y", "origin": [6.35714, 18.125, 7.875]},
			"faces": {
				"north": {"uv": [13, 4, 14, 6], "texture": "#3", "cullface": "up"},
				"south": {"uv": [13, 4, 14, 6], "texture": "#3", "cullface": "up"},
				"west": {"uv": [13, 4, 14, 5], "texture": "#3", "cullface": "up"},
				"up": {"uv": [13, 4, 14, 6], "rotation": 180, "texture": "#3", "cullface": "up"},
				"down": {"uv": [13, 4, 14, 6], "rotation": 180, "texture": "#3", "cullface": "up"}
			}
		},
		{
			"from": [7.85714, 16.05, 12.10714],
			"to": [9.85714, 16.75, 12.60714],
			"rotation": {"angle": 22.5, "axis": "y", "origin": [6.35714, 18.125, 7.875]},
			"faces": {
				"north": {"uv": [11, 4, 12, 6], "rotation": 90, "texture": "#3", "cullface": "up"},
				"south": {"uv": [11, 4, 12, 6], "rotation": 90, "texture": "#3", "cullface": "up"},
				"west": {"uv": [11, 5, 12, 6], "texture": "#3", "cullface": "up"},
				"up": {"uv": [11, 4, 12, 6], "rotation": 90, "texture": "#3", "cullface": "up"},
				"down": {"uv": [13, 4, 14, 6], "rotation": 90, "texture": "#3", "cullface": "up"}
			}
		},
		{
			"from": [6.73214, 16.35, 11.98214],
			"to": [7.98214, 16.4, 14.48214],
			"rotation": {"angle": 22.5, "axis": "y", "origin": [6.35714, 18.125, 7.875]},
			"faces": {
				"north": {"uv": [11, 6, 14, 7], "texture": "#3", "cullface": "up"},
				"east": {"uv": [11, 6, 12, 7], "texture": "#3", "cullface": "up"},
				"south": {"uv": [11, 6, 14, 7], "texture": "#3", "cullface": "up"},
				"west": {"uv": [11, 6, 12, 7], "texture": "#3", "cullface": "up"},
				"up": {"uv": [11, 6, 14, 7], "rotation": 270, "texture": "#3", "cullface": "up"},
				"down": {"uv": [11, 6, 14, 7], "rotation": 90, "texture": "#3", "cullface": "up"}
			}
		},
		{
			"from": [5.48214, 16.35, 12.48214],
			"to": [6.73214, 16.4, 14.48214],
			"rotation": {"angle": 22.5, "axis": "y", "origin": [6.35714, 18.125, 7.875]},
			"faces": {
				"north": {"uv": [13, 8, 14, 9], "texture": "#3", "cullface": "up"},
				"south": {"uv": [13, 8, 14, 9], "texture": "#3", "cullface": "up"},
				"west": {"uv": [13, 8, 14, 9], "texture": "#3", "cullface": "up"},
				"up": {"uv": [12, 8, 14, 9], "texture": "#3", "cullface": "up"},
				"down": {"uv": [12, 8, 14, 9], "texture": "#3", "cullface": "up"}
			}
		},
		{
			"from": [4.23214, 16.35, 12.98214],
			"to": [5.48214, 16.4, 14.48214],
			"rotation": {"angle": 22.5, "axis": "y", "origin": [6.35714, 18.125, 7.875]},
			"faces": {
				"north": {"uv": [13, 10, 14, 11], "rotation": 90, "texture": "#3", "cullface": "up"},
				"south": {"uv": [13, 10, 14, 11], "rotation": 90, "texture": "#3", "cullface": "up"},
				"west": {"uv": [13, 10, 14, 11], "rotation": 90, "texture": "#3", "cullface": "up"},
				"up": {"uv": [13, 10, 14, 11], "rotation": 90, "texture": "#3", "cullface": "up"},
				"down": {"uv": [13, 10, 14, 11], "rotation": 90, "texture": "#3", "cullface": "up"}
			}
		},
		{
			"from": [2.98214, 16.35, 13.48214],
			"to": [4.23214, 16.4, 14.48214],
			"rotation": {"angle": 22.5, "axis": "y", "origin": [6.35714, 18.125, 7.875]},
			"faces": {
				"north": {"uv": [13, 12, 14, 13], "rotation": 270, "texture": "#3", "cullface": "up"},
				"south": {"uv": [13, 12, 14, 13], "rotation": 270, "texture": "#3", "cullface": "up"},
				"west": {"uv": [13, 12, 14, 13], "rotation": 270, "texture": "#3", "cullface": "up"},
				"up": {"uv": [13, 12, 14, 13], "rotation": 270, "texture": "#3", "cullface": "up"},
				"down": {"uv": [13, 12, 14, 13], "rotation": 270, "texture": "#3", "cullface": "up"}
			}
		},
		{
			"from": [-0.93572, 12.00714, 10.82103],
			"to": [0.11428, 13.00714, 14.12103],
			"rotation": {"angle": 0, "axis": "z", "origin": [-3.81786, 16.38214, 12.73531]},
			"faces": {
				"north": {"uv": [13, 3, 14, 4], "rotation": 90, "texture": "#3", "cullface": "west"},
				"south": {"uv": [11, 3, 12, 4], "rotation": 270, "texture": "#3", "cullface": "west"},
				"west": {"uv": [11, 3, 14, 4], "rotation": 180, "texture": "#3", "cullface": "west"},
				"up": {"uv": [11, 3, 14, 4], "rotation": 270, "texture": "#3", "cullface": "west"},
				"down": {"uv": [11, 3, 14, 4], "rotation": 270, "texture": "#3", "cullface": "west"}
			}
		},
		{
			"from": [-0.83572, 10.13214, 13.04603],
			"to": [0.16428, 12.13214, 14.04603],
			"rotation": {"angle": 0, "axis": "z", "origin": [-3.81786, 16.38214, 12.73531]},
			"faces": {
				"north": {"uv": [11, 4, 12, 6], "texture": "#3", "cullface": "west"},
				"south": {"uv": [11, 4, 12, 6], "texture": "#3", "cullface": "west"},
				"west": {"uv": [11, 4, 12, 6], "texture": "#3", "cullface": "west"},
				"down": {"uv": [11, 5, 12, 6], "rotation": 270, "texture": "#3", "cullface": "west"}
			}
		},
		{
			"from": [-0.83572, 10.13214, 10.89603],
			"to": [0.16428, 12.13214, 11.89603],
			"rotation": {"angle": 0, "axis": "z", "origin": [-3.81786, 16.38214, 12.73531]},
			"faces": {
				"north": {"uv": [11, 4, 12, 6], "texture": "#3", "cullface": "west"},
				"south": {"uv": [11, 4, 12, 6], "texture": "#3", "cullface": "west"},
				"west": {"uv": [11, 4, 12, 6], "texture": "#3", "cullface": "west"},
				"down": {"uv": [11, 5, 12, 6], "rotation": 270, "texture": "#3", "cullface": "west"}
			}
		},
		{
			"from": [-0.38572, 7.00714, 10.97103],
			"to": [-0.33572, 10.25714, 13.97103],
			"rotation": {"angle": 0, "axis": "z", "origin": [-3.81786, 16.38214, 12.73531]},
			"faces": {
				"north": {"uv": [11, 6, 12, 9], "texture": "#3", "cullface": "west"},
				"east": {"uv": [11, 6, 14, 9], "texture": "#3", "cullface": "west"},
				"south": {"uv": [13, 6, 14, 9], "texture": "#3", "cullface": "west"},
				"west": {"uv": [11, 6, 14, 9], "texture": "#3", "cullface": "west"},
				"up": {"uv": [11, 6, 14, 7], "rotation": 90, "texture": "#3", "cullface": "west"},
				"down": {"uv": [11, 8, 14, 9], "rotation": 270, "texture": "#3", "cullface": "west"}
			}
		},
		{
			"from": [-0.38572, 4.75714, 11.97103],
			"to": [-0.33572, 7.00714, 13.97103],
			"rotation": {"angle": 0, "axis": "z", "origin": [-3.81786, 16.38214, 12.73531]},
			"faces": {
				"north": {"uv": [12, 9, 13, 11], "texture": "#3", "cullface": "west"},
				"east": {"uv": [12, 9, 14, 11], "texture": "#3", "cullface": "west"},
				"south": {"uv": [13, 9, 14, 11], "texture": "#3", "cullface": "west"},
				"west": {"uv": [12, 9, 14, 11], "texture": "#3", "cullface": "west"},
				"down": {"uv": [12, 10, 14, 11], "rotation": 270, "texture": "#3", "cullface": "west"}
			}
		},
		{
			"from": [-0.38572, 3.00714, 12.97103],
			"to": [-0.33572, 4.75714, 13.97103],
			"rotation": {"angle": 0, "axis": "z", "origin": [-3.81786, 16.38214, 12.73531]},
			"faces": {
				"north": {"uv": [13, 11, 14, 13], "texture": "#3", "cullface": "west"},
				"east": {"uv": [13, 11, 14, 13], "texture": "#3", "cullface": "west"},
				"south": {"uv": [13, 11, 14, 13], "texture": "#3", "cullface": "west"},
				"west": {"uv": [13, 11, 14, 13], "texture": "#3", "cullface": "west"},
				"down": {"uv": [13, 12, 14, 13], "texture": "#3", "cullface": "west"}
			}
		},
		{
			"from": [16.01428, 12.00714, 1.83769],
			"to": [17.06428, 13.00714, 5.13769],
			"rotation": {"angle": 0, "axis": "y", "origin": [16.48928, 8.86131, 4.22936]},
			"faces": {
				"north": {"uv": [13, 3, 14, 4], "rotation": 270, "texture": "#3", "cullface": "east"},
				"east": {"uv": [11, 3, 14, 4], "rotation": 180, "texture": "#3", "cullface": "east"},
				"south": {"uv": [11, 3, 12, 4], "rotation": 90, "texture": "#3", "cullface": "east"},
				"west": {"uv": [11, 3, 14, 4], "texture": "#3"},
				"up": {"uv": [11, 3, 14, 4], "rotation": 90, "texture": "#3", "cullface": "east"},
				"down": {"uv": [11, 3, 14, 4], "rotation": 90, "texture": "#3", "cullface": "east"}
			}
		},
		{
			"from": [15.96428, 10.13214, 1.91269],
			"to": [16.96428, 12.13214, 2.91269],
			"rotation": {"angle": 0, "axis": "y", "origin": [16.48928, 8.86131, 4.22936]},
			"faces": {
				"north": {"uv": [11, 4, 12, 6], "texture": "#3", "cullface": "east"},
				"east": {"uv": [11, 4, 12, 6], "texture": "#3", "cullface": "east"},
				"south": {"uv": [11, 4, 12, 6], "texture": "#3", "cullface": "east"},
				"up": {"uv": [11, 4, 12, 5], "texture": "#3", "cullface": "east"},
				"down": {"uv": [11, 5, 12, 6], "texture": "#3", "cullface": "east"}
			}
		},
		{
			"from": [15.96428, 10.13214, 4.06269],
			"to": [16.96428, 12.13214, 5.06269],
			"rotation": {"angle": 0, "axis": "y", "origin": [16.48928, 8.86131, 4.22936]},
			"faces": {
				"north": {"uv": [11, 4, 12, 6], "texture": "#3", "cullface": "east"},
				"east": {"uv": [11, 4, 12, 6], "texture": "#3", "cullface": "east"},
				"south": {"uv": [11, 4, 12, 6], "texture": "#3", "cullface": "east"},
				"up": {"uv": [11, 4, 12, 5], "texture": "#3", "cullface": "east"},
				"down": {"uv": [11, 5, 12, 6], "texture": "#3", "cullface": "east"}
			}
		},
		{
			"from": [16.46428, 7.00714, 1.98769],
			"to": [16.51428, 10.25714, 4.98769],
			"rotation": {"angle": 0, "axis": "y", "origin": [16.48928, 8.86131, 4.22936]},
			"faces": {
				"north": {"uv": [13, 6, 14, 9], "texture": "#3", "cullface": "east"},
				"east": {"uv": [11, 6, 14, 9], "rotation": 180, "texture": "#3", "cullface": "east"},
				"south": {"uv": [11, 6, 12, 9], "texture": "#3", "cullface": "east"},
				"west": {"uv": [14, 9, 11, 6], "texture": "#3"},
				"up": {"uv": [11, 6, 14, 7], "texture": "#missing", "cullface": "east"},
				"down": {"uv": [11, 8, 14, 9], "texture": "#3", "cullface": "east"}
			}
		},
		{
			"from": [16.46428, 4.75714, 1.98769],
			"to": [16.51428, 7.00714, 3.98769],
			"rotation": {"angle": 0, "axis": "y", "origin": [16.48928, 8.86131, 4.22936]},
			"faces": {
				"north": {"uv": [12, 9, 13, 11], "texture": "#3", "cullface": "east"},
				"east": {"uv": [12, 9, 14, 11], "texture": "#3", "cullface": "east"},
				"south": {"uv": [12, 9, 13, 11], "texture": "#3", "cullface": "east"},
				"west": {"uv": [12, 9, 14, 11], "texture": "#3"},
				"down": {"uv": [12, 10, 14, 11], "rotation": 90, "texture": "#3", "cullface": "east"}
			}
		},
		{
			"from": [16.46428, 3.00714, 1.98769],
			"to": [16.51428, 4.75714, 2.98769],
			"rotation": {"angle": 0, "axis": "y", "origin": [16.48928, 8.86131, 4.22936]},
			"faces": {
				"north": {"uv": [13, 11, 14, 13], "texture": "#3", "cullface": "east"},
				"east": {"uv": [13, 11, 14, 13], "texture": "#3", "cullface": "east"},
				"south": {"uv": [13, 11, 14, 13], "texture": "#3", "cullface": "east"},
				"west": {"uv": [13, 11, 14, 13], "texture": "#3"},
				"down": {"uv": [13, 12, 14, 13], "rotation": 90, "texture": "#3", "cullface": "east"}
			}
		}
	],
	"display": {
		"thirdperson_righthand": {
			"rotation": [75, 45, 0],
			"translation": [0, 2.5, 0],
			"scale": [0.375, 0.375, 0.375]
		},
		"thirdperson_lefthand": {
			"rotation": [75, 45, 0],
			"translation": [0, 2.5, 0],
			"scale": [0.375, 0.375, 0.375]
		},
		"firstperson_righthand": {
			"rotation": [0, 45, 0],
			"scale": [0.4, 0.4, 0.4]
		},
		"firstperson_lefthand": {
			"rotation": [0, 225, 0],
			"scale": [0.4, 0.4, 0.4]
		},
		"ground": {
			"translation": [0, 3, 0],
			"scale": [0.25, 0.25, 0.25]
		},
		"gui": {
			"rotation": [30, 225, 0],
			"scale": [0.625, 0.625, 0.625]
		},
		"fixed": {
			"scale": [0.5, 0.5, 0.5]
		}
	},
	"groups": [
		{
			"name": "base",
			"origin": [8, 8, 8],
			"color": 0,
			"children": [0]
		},
		{
			"name": "tools",
			"origin": [0, 0, 0],
			"color": 0,
			"children": [
				{
					"name": "cisors",
					"origin": [8, 8, 8],
					"color": 0,
					"children": [1, 2, 3, 4, 5]
				},
				{
					"name": "cisors",
					"origin": [8, 8, 8],
					"color": 0,
					"children": [6, 7, 8, 9, 10]
				},
				{
					"name": "cisors",
					"origin": [8, 8, 8],
					"color": 0,
					"children": [11, 12, 13, 14, 15]
				},
				{
					"name": "hammer",
					"origin": [0, 0, 0],
					"color": 0,
					"children": [16, 17]
				},
				{
					"name": "hammer",
					"origin": [0, 0, 0],
					"color": 0,
					"children": [18, 19]
				},
				{
					"name": "hammer",
					"origin": [0, 0, 0],
					"color": 0,
					"children": [20, 21]
				},
				{
					"name": "saw",
					"origin": [0, 0, 0],
					"color": 0,
					"children": [22, 23, 24, 25, 26, 27, 28]
				},
				{
					"name": "saw",
					"origin": [0, 0, 0],
					"color": 0,
					"children": [29, 30, 31, 32, 33, 34]
				},
				{
					"name": "saw",
					"origin": [0, 0, 0],
					"color": 0,
					"children": [35, 36, 37, 38, 39, 40]
				}
			]
		}
	]
}