{
	"credit": "Made with Blockbench by Valdr687",
	"parent": "minecraft:block/door_top_right",
	"textures": {
		"4": "block/doors/crimson_door_extra",
		"particle": "block/crimson_door_top",
		"top": "block/crimson_door_top"
	},
	"elements": [
		{
			"from": [0, 0, 0],
			"to": [3, 16, 16],
			"faces": {
				"north": {"uv": [9, 0, 12, 16], "texture": "#4"},
				"east": {"uv": [0, 0, 16, 16], "texture": "#top"},
				"south": {"uv": [9, 0, 12, 16], "texture": "#4"},
				"west": {"uv": [16, 0, 0, 16], "texture": "#top"},
				"up": {"uv": [13, 0, 16, 16], "texture": "#4"},
				"down": {"uv": [13, 0, 16, 16], "texture": "#4"}
			}
		},
		{
			"from": [-0.5, 0, 1],
			"to": [0, 2, 6],
			"faces": {
				"north": {"uv": [14, 14, 14.5, 16], "texture": "#top"},
				"east": {"uv": [10, 14, 15, 16], "texture": "#top"},
				"south": {"uv": [10, 14, 10.5, 16], "texture": "#top"},
				"west": {"uv": [10, 14, 15, 16], "texture": "#top"},
				"up": {"uv": [10, 14, 15, 14.5], "rotation": 90, "texture": "#top"},
				"down": {"uv": [10, 15, 15, 15], "rotation": 90, "texture": "#top"}
			}
		},
		{
			"from": [3, 0, 1],
			"to": [3.5, 2, 6],
			"faces": {
				"north": {"uv": [14, 14, 14.5, 16], "texture": "#top"},
				"east": {"uv": [10, 14, 15, 16], "texture": "#top"},
				"south": {"uv": [10, 14, 10.5, 16], "texture": "#top"},
				"west": {"uv": [10, 14, 15, 16], "texture": "#top"},
				"up": {"uv": [10, 14, 15, 14.5], "rotation": 90, "texture": "#top"},
				"down": {"uv": [10, 15, 15, 15], "rotation": 90, "texture": "#top"}
			}
		}
	],
	"groups": [
		0,
		{
			"name": "group",
			"origin": [0, 0, 0],
			"color": 0,
			"children": [1, 2]
		}
	]
}