{
	"credit": "Made with Blockbench by Valdr687",
	"parent": "minecraft:block/tinted_cross",
	"textures": {
		"cross": "block/crimson_roots"
	},
	"elements": [
		{
			"from": [8, 0, 0.8],
			"to": [8, 16, 16.8],
			"shade": false,
			"rotation": {"angle": -22.5, "axis": "z", "origin": [8, 0, 8]},
			"faces": {
				"north": {"uv": [0, 0, 0, 0], "texture": "#cross", "tintindex": 0},
				"east": {"uv": [0, 0, 16, 16], "texture": "#cross", "tintindex": 0},
				"south": {"uv": [0, 0, 0, 0], "texture": "#cross", "tintindex": 0},
				"west": {"uv": [0, 0, 16, 16], "texture": "#cross", "tintindex": 0},
				"up": {"uv": [0, 0, 0, 0], "texture": "#cross", "tintindex": 0},
				"down": {"uv": [0, 0, 0, 0], "texture": "#cross", "tintindex": 0}
			}
		},
		{
			"from": [0.8, 0, 8],
			"to": [16.8, 16, 8],
			"shade": false,
			"rotation": {"angle": 22.5, "axis": "x", "origin": [8, 0, 8]},
			"faces": {
				"north": {"uv": [0, 0, 16, 16], "texture": "#cross", "tintindex": 0},
				"east": {"uv": [0, 0, 0, 0], "texture": "#cross", "tintindex": 0},
				"south": {"uv": [0, 0, 16, 16], "texture": "#cross", "tintindex": 0},
				"west": {"uv": [0, 0, 0, 0], "texture": "#cross", "tintindex": 0},
				"up": {"uv": [0, 0, 0, 0], "rotation": 270, "texture": "#cross", "tintindex": 0},
				"down": {"uv": [0, 0, 0, 0], "rotation": 90, "texture": "#cross", "tintindex": 0}
			}
		},
		{
			"from": [0.8, 0, 8],
			"to": [16.8, 16, 8],
			"shade": false,
			"rotation": {"angle": -22.5, "axis": "x", "origin": [8, 0, 8]},
			"faces": {
				"north": {"uv": [0, 0, 16, 16], "texture": "#cross", "tintindex": 0},
				"east": {"uv": [0, 0, 0, 0], "texture": "#cross", "tintindex": 0},
				"south": {"uv": [0, 0, 16, 16], "texture": "#cross", "tintindex": 0},
				"west": {"uv": [0, 0, 0, 0], "texture": "#cross", "tintindex": 0},
				"up": {"uv": [0, 0, 0, 0], "rotation": 270, "texture": "#cross", "tintindex": 0},
				"down": {"uv": [0, 0, 0, 0], "rotation": 90, "texture": "#cross", "tintindex": 0}
			}
		},
		{
			"from": [8, 0, 0.8],
			"to": [8, 16, 16.8],
			"shade": false,
			"rotation": {"angle": 22.5, "axis": "z", "origin": [8, 0, 8]},
			"faces": {
				"north": {"uv": [0, 0, 0, 0], "texture": "#cross", "tintindex": 0},
				"east": {"uv": [0, 0, 16, 16], "texture": "#cross", "tintindex": 0},
				"south": {"uv": [0, 0, 0, 0], "texture": "#cross", "tintindex": 0},
				"west": {"uv": [0, 0, 16, 16], "texture": "#cross", "tintindex": 0},
				"up": {"uv": [0, 0, 0, 0], "texture": "#cross", "tintindex": 0},
				"down": {"uv": [0, 0, 0, 0], "texture": "#cross", "tintindex": 0}
			}
		},
		{
			"from": [8, 0, 0.8],
			"to": [8, 16, 15.2],
			"shade": false,
			"rotation": {"angle": 45, "axis": "y", "origin": [8, 8, 8], "rescale": true},
			"faces": {
				"north": {"uv": [0, 0, 0, 0], "texture": "#cross", "tintindex": 0},
				"east": {"uv": [0, 0, 16, 16], "texture": "#cross", "tintindex": 0},
				"south": {"uv": [0, 0, 0, 0], "texture": "#cross", "tintindex": 0},
				"west": {"uv": [0, 0, 16, 16], "texture": "#cross", "tintindex": 0},
				"up": {"uv": [0, 0, 0, 0], "texture": "#cross", "tintindex": 0},
				"down": {"uv": [0, 0, 0, 0], "texture": "#cross", "tintindex": 0}
			}
		},
		{
			"from": [0.8, 0, 8],
			"to": [15.2, 16, 8],
			"shade": false,
			"rotation": {"angle": 45, "axis": "y", "origin": [8, 8, 8], "rescale": true},
			"faces": {
				"north": {"uv": [0, 0, 16, 16], "texture": "#cross", "tintindex": 0},
				"east": {"uv": [0, 0, 0, 0], "texture": "#cross", "tintindex": 0},
				"south": {"uv": [0, 0, 16, 16], "texture": "#cross", "tintindex": 0},
				"west": {"uv": [0, 0, 0, 0], "texture": "#cross", "tintindex": 0},
				"up": {"uv": [0, 0, 0, 0], "texture": "#cross", "tintindex": 0},
				"down": {"uv": [0, 0, 0, 0], "texture": "#cross", "tintindex": 0}
			}
		}
	]
}