{
	"credit": "Made with Blockbench by Valdr687",
	"parent": "minecraft:block/template_orientable_trapdoor_bottom",
	"textures": {
		"1": "block/doors/crimson_door_extra",
		"particle": "block/crimson_trapdoor",
		"texture": "block/crimson_trapdoor"
	},
	"elements": [
		{
			"from": [0, 13, 0],
			"to": [16, 16, 3],
			"faces": {
				"north": {"uv": [13, 0, 16, 16], "rotation": 90, "texture": "#1"},
				"east": {"uv": [9, 0, 12, 3], "rotation": 90, "texture": "#1"},
				"south": {"uv": [13, 0, 16, 16], "rotation": 90, "texture": "#1"},
				"west": {"uv": [9, 0, 12, 3], "rotation": 270, "texture": "#1"},
				"up": {"uv": [0, 0, 16, 3], "texture": "#texture"},
				"down": {"uv": [0, 3, 16, 0], "texture": "#texture"}
			}
		},
		{
			"from": [0, 13, 13],
			"to": [16, 16, 16],
			"faces": {
				"north": {"uv": [13, 0, 16, 16], "rotation": 90, "texture": "#1"},
				"east": {"uv": [13, 0, 16, 3], "rotation": 270, "texture": "#1"},
				"south": {"uv": [13, 0, 16, 16], "rotation": 90, "texture": "#1"},
				"west": {"uv": [13, 13, 16, 16], "rotation": 270, "texture": "#1"},
				"up": {"uv": [0, 13, 16, 16], "texture": "#texture"},
				"down": {"uv": [0, 16, 16, 13], "texture": "#texture"}
			}
		},
		{
			"from": [0, 13, 3],
			"to": [3, 16, 13],
			"faces": {
				"east": {"uv": [5, 3, 8, 13], "rotation": 90, "texture": "#1"},
				"west": {"uv": [5, 3, 8, 13], "rotation": 90, "texture": "#1"},
				"up": {"uv": [0, 3, 3, 13], "texture": "#texture"},
				"down": {"uv": [0, 13, 3, 3], "texture": "#texture"}
			}
		},
		{
			"from": [13, 13, 3],
			"to": [16, 16, 13],
			"faces": {
				"east": {"uv": [5, 3, 8, 13], "rotation": 90, "texture": "#1"},
				"west": {"uv": [5, 3, 8, 13], "rotation": 90, "texture": "#1"},
				"up": {"uv": [13, 3, 16, 13], "texture": "#texture"},
				"down": {"uv": [13, 13, 16, 3], "texture": "#texture"}
			}
		},
		{
			"from": [3, 13, 4],
			"to": [13, 16, 7],
			"faces": {
				"north": {"uv": [5, 3, 8, 13], "rotation": 90, "texture": "#1"},
				"south": {"uv": [5, 3, 8, 13], "rotation": 90, "texture": "#1"},
				"up": {"uv": [3, 9, 13, 12], "texture": "#texture"},
				"down": {"uv": [3, 12, 13, 9], "texture": "#texture"}
			}
		},
		{
			"from": [3, 13, 9],
			"to": [13, 16, 12],
			"faces": {
				"north": {"uv": [5, 3, 8, 13], "rotation": 90, "texture": "#1"},
				"south": {"uv": [5, 3, 8, 13], "rotation": 90, "texture": "#1"},
				"up": {"uv": [3, 4, 13, 7], "texture": "#texture"},
				"down": {"uv": [3, 7, 13, 4], "texture": "#texture"}
			}
		}
	]
}