{
	"credit": "Made with Blockbench by Valdr687",
	"ambientocclusion": false,
	"textures": {
		"particle": "#crop"
	},
	"elements": [
		{
			"from": [8, -1, 0],
			"to": [8, 15, 16],
			"rotation": {"angle": 0, "axis": "y", "origin": [8, 0, 8]},
			"faces": {
				"east": {"uv": [0, 0, 16, 16], "texture": "#crop"},
				"west": {"uv": [0, 0, 16, 16], "texture": "#crop"}
			}
		},
		{
			"from": [0, -1, 8],
			"to": [16, 15, 8],
			"rotation": {"angle": 0, "axis": "y", "origin": [8, 0, 8]},
			"faces": {
				"north": {"uv": [0, 0, 16, 16], "texture": "#crop"},
				"south": {"uv": [0, 0, 16, 16], "texture": "#crop"}
			}
		}
	]
}