{
	"credit": "Made with Blockbench by Valdr687",
	"textures": {
		"0": "block/dandelion",
		"particle": "block/dandelion"
	},
	"elements": [
		{
			"from": [7, 0, 7],
			"to": [9, 7, 9],
			"rotation": {"angle": 0, "axis": "y", "origin": [8, 0, 8]},
			"faces": {
				"north": {"uv": [7, 11, 9, 16], "texture": "#0"},
				"east": {"uv": [7, 11, 9, 16], "texture": "#0"},
				"south": {"uv": [7, 11, 9, 16], "texture": "#0"},
				"west": {"uv": [7, 11, 9, 16], "texture": "#0"},
				"up": {"uv": [7, 11, 9, 13], "texture": "#0"},
				"down": {"uv": [7, 14, 9, 16], "texture": "#0"}
			}
		},
		{
			"from": [4, 0, 8],
			"to": [7, 6, 8],
			"rotation": {"angle": 0, "axis": "y", "origin": [8, 0, 8]},
			"faces": {
				"north": {"uv": [9, 11, 12, 16], "texture": "#0"},
				"south": {"uv": [12, 11, 9, 16], "texture": "#0"}
			}
		},
		{
			"from": [9, 0, 8],
			"to": [12, 5, 8],
			"rotation": {"angle": 0, "axis": "y", "origin": [8, 0, 8]},
			"faces": {
				"north": {"uv": [12, 11, 9, 16], "texture": "#0"},
				"south": {"uv": [9, 11, 12, 16], "texture": "#0"}
			}
		},
		{
			"from": [8, 0, 9.1],
			"to": [8, 5, 12.1],
			"rotation": {"angle": 0, "axis": "y", "origin": [8, 0, 8]},
			"faces": {
				"east": {"uv": [12, 11, 9, 16], "texture": "#0"},
				"west": {"uv": [9, 11, 12, 16], "texture": "#0"}
			}
		},
		{
			"from": [8, 0, 4.1],
			"to": [8, 5, 7.1],
			"rotation": {"angle": 0, "axis": "y", "origin": [8, 0, 8]},
			"faces": {
				"east": {"uv": [7, 11, 4, 16], "texture": "#0"},
				"west": {"uv": [4, 11, 7, 16], "texture": "#0"}
			}
		},
		{
			"from": [6.5, 7.025, 6.5],
			"to": [9.5, 7.025, 9.5],
			"faces": {
				"up": {"uv": [6, 8, 9, 11], "texture": "#0"},
				"down": {"uv": [7, 8, 10, 11], "texture": "#0"}
			}
		},
		{
			"from": [6.5, -1.75, 11.675],
			"to": [9.5, -1.75, 14.675],
			"rotation": {"angle": -45, "axis": "x", "origin": [0, 0, 0]},
			"faces": {
				"up": {"uv": [7, 8, 10, 11], "texture": "#0"},
				"down": {"uv": [7, 8, 10, 11], "texture": "#0"}
			}
		},
		{
			"from": [6.5, 9.6, -3.3],
			"to": [9.5, 9.6, -0.3],
			"rotation": {"angle": 45, "axis": "x", "origin": [0, 0, 0]},
			"faces": {
				"up": {"uv": [7, 8, 10, 11], "texture": "#0"},
				"down": {"uv": [7, 8, 10, 11], "texture": "#0"}
			}
		},
		{
			"from": [8.7, 3.975, 6.5],
			"to": [8.7, 6.975, 9.5],
			"rotation": {"angle": 22.5, "axis": "z", "origin": [0, 0, 0]},
			"faces": {
				"east": {"uv": [7, 8, 10, 11], "rotation": 270, "texture": "#0"},
				"west": {"uv": [6, 8, 9, 11], "rotation": 270, "texture": "#0"}
			}
		},
		{
			"from": [6.1, 10.075, 6.5],
			"to": [6.1, 13.075, 9.5],
			"rotation": {"angle": -22.5, "axis": "z", "origin": [0, 0, 0]},
			"faces": {
				"east": {"uv": [6, 8, 9, 11], "rotation": 270, "texture": "#0"},
				"west": {"uv": [6, 8, 9, 11], "rotation": 270, "texture": "#0"}
			}
		},
		{
			"from": [8, 7, 7.5],
			"to": [8, 9, 8.5],
			"rotation": {"angle": 45, "axis": "y", "origin": [8, 0, 8]},
			"faces": {
				"east": {"uv": [9, 8, 10, 10], "texture": "#0"},
				"west": {"uv": [8, 8, 9, 10], "texture": "#0"}
			}
		},
		{
			"from": [8, 7, 7.5],
			"to": [8, 9, 8.5],
			"rotation": {"angle": -45, "axis": "y", "origin": [8, 0, 8]},
			"faces": {
				"east": {"uv": [9, 8, 10, 10], "texture": "#0"},
				"west": {"uv": [9, 8, 10, 10], "texture": "#0"}
			}
		}
	]
}