{
	"credit": "Made with Blockbench by Valdr687",
	"parent": "minecraft:block/door_bottom_right",
	"textures": {
		"4": "block/doors/dark_oak_door_extra",
		"bottom": "block/dark_oak_door_bottom"
	},
	"elements": [
		{
			"from": [-0.5, 15, 4],
			"to": [0, 16, 5],
			"faces": {
				"north": {"uv": [11, 0, 11.5, 1], "texture": "#bottom"},
				"south": {"uv": [11, 0, 11.5, 1], "texture": "#bottom"},
				"west": {"uv": [11, 0, 11.5, 1], "texture": "#bottom"},
				"up": {"uv": [11, 0, 11.5, 1], "texture": "#bottom"},
				"down": {"uv": [11, 0, 11.5, 1], "texture": "#bottom"}
			}
		},
		{
			"from": [3, 15, 4],
			"to": [3.5, 16, 5],
			"faces": {
				"north": {"uv": [11, 0, 11.5, 1], "texture": "#bottom"},
				"east": {"uv": [11, 0, 11.5, 1], "texture": "#bottom"},
				"south": {"uv": [11, 0, 11.5, 1], "texture": "#bottom"},
				"up": {"uv": [11, 0, 11.5, 1], "texture": "#bottom"},
				"down": {"uv": [11, 0, 11.5, 1], "texture": "#bottom"}
			}
		},
		{
			"from": [0, 3, 13],
			"to": [3, 14, 16],
			"faces": {
				"north": {"uv": [3, 2, 6, 13], "texture": "#4"},
				"east": {"uv": [0, 2, 3, 13], "texture": "#bottom"},
				"south": {"uv": [10, 3, 13, 14], "texture": "#4"},
				"west": {"uv": [3, 2, 0, 13], "texture": "#bottom"}
			}
		},
		{
			"from": [0, 3, 6],
			"to": [3, 14, 10],
			"faces": {
				"north": {"uv": [3, 2, 6, 13], "texture": "#4"},
				"east": {"uv": [6, 2, 10, 13], "texture": "#bottom"},
				"south": {"uv": [3, 3, 6, 14], "texture": "#4"},
				"west": {"uv": [10, 2, 6, 13], "texture": "#bottom"}
			}
		},
		{
			"from": [0, 3, 0],
			"to": [3, 14, 3],
			"faces": {
				"north": {"uv": [10, 2, 13, 13], "texture": "#4"},
				"east": {"uv": [13, 2, 16, 13], "texture": "#bottom"},
				"south": {"uv": [3, 3, 6, 14], "texture": "#4"},
				"west": {"uv": [16, 3, 13, 14], "texture": "#bottom"}
			}
		},
		{
			"from": [1, 3, 3],
			"to": [2, 14, 13],
			"faces": {
				"east": {"uv": [3, 2, 13, 13], "texture": "#bottom"},
				"west": {"uv": [13, 2, 3, 13], "texture": "#bottom"}
			}
		},
		{
			"from": [0, 14, 0],
			"to": [3, 16, 16],
			"faces": {
				"north": {"uv": [10, 0, 13, 2], "texture": "#4"},
				"east": {"uv": [0, 0, 16, 2], "texture": "#bottom"},
				"south": {"uv": [10, 0, 13, 2], "texture": "#4"},
				"west": {"uv": [16, 0, 0, 2], "texture": "#bottom"},
				"up": {"uv": [0, 0, 3, 16], "texture": "#4"},
				"down": {"uv": [3, 0, 6, 16], "texture": "#4"}
			}
		},
		{
			"from": [0, 0, 0],
			"to": [3, 3, 16],
			"faces": {
				"north": {"uv": [10, 13, 13, 16], "texture": "#4"},
				"east": {"uv": [0, 13, 16, 16], "texture": "#bottom"},
				"south": {"uv": [10, 13, 13, 16], "texture": "#4"},
				"west": {"uv": [16, 13, 0, 16], "texture": "#bottom"},
				"up": {"uv": [3, 0, 6, 16], "texture": "#4"},
				"down": {"uv": [0, 0, 3, 16], "texture": "#4"}
			}
		}
	]
}