{
	"credit": "Made with Blockbench by Valdr687",
	"parent": "minecraft:block/door_top_left_open",
	"textures": {
		"4": "block/doors/dark_oak_door_extra",
		"top": "block/dark_oak_door_top"
	},
	"elements": [
		{
			"from": [-0.5, 0, 2],
			"to": [0, 1, 5],
			"faces": {
				"north": {"uv": [11, 15, 12, 16], "texture": "#top"},
				"south": {"uv": [13, 15, 13.5, 16], "texture": "#top"},
				"west": {"uv": [11, 15, 14, 16], "texture": "#top"},
				"up": {"uv": [11, 15, 14, 15.5], "rotation": 90, "texture": "#top"},
				"down": {"uv": [11, 15, 14, 15.5], "rotation": 90, "texture": "#top"}
			}
		},
		{
			"from": [3, 0, 2],
			"to": [3.5, 1, 5],
			"faces": {
				"north": {"uv": [11, 15, 12, 16], "texture": "#top"},
				"east": {"uv": [11, 15, 14, 16], "rotation": 180, "texture": "#top"},
				"south": {"uv": [13, 15, 13.5, 16], "texture": "#top"},
				"up": {"uv": [11, 15, 14, 15.5], "rotation": 90, "texture": "#top"},
				"down": {"uv": [11, 15, 14, 15.5], "rotation": 90, "texture": "#top"}
			}
		},
		{
			"from": [1, 1, 3],
			"to": [2, 13, 13],
			"faces": {
				"east": {"uv": [3, 3, 13, 15], "texture": "#top"},
				"west": {"uv": [13, 3, 3, 15], "texture": "#top"}
			}
		},
		{
			"from": [0, 1, 6],
			"to": [3, 13, 10],
			"faces": {
				"north": {"uv": [3, 3, 6, 15], "texture": "#4"},
				"east": {"uv": [6, 3, 10, 15], "texture": "#top"},
				"south": {"uv": [3, 2, 6, 14], "texture": "#4"},
				"west": {"uv": [10, 3, 6, 15], "texture": "#top"}
			}
		},
		{
			"from": [0, 13, 0],
			"to": [3, 16, 16],
			"faces": {
				"north": {"uv": [13, 0, 16, 3], "texture": "#4"},
				"east": {"uv": [0, 0, 16, 3], "texture": "#top"},
				"south": {"uv": [13, 0, 16, 3], "texture": "#4"},
				"west": {"uv": [16, 0, 0, 3], "texture": "#top"},
				"up": {"uv": [0, 0, 3, 16], "texture": "#4"},
				"down": {"uv": [3, 0, 6, 16], "texture": "#4"}
			}
		},
		{
			"from": [0, 1, 13],
			"to": [3, 13, 16],
			"faces": {
				"north": {"uv": [3, 3, 6, 15], "texture": "#4"},
				"east": {"uv": [0, 3, 3, 15], "texture": "#top"},
				"south": {"uv": [13, 3, 16, 15], "texture": "#4"},
				"west": {"uv": [3, 3, 0, 15], "texture": "#top"}
			}
		},
		{
			"from": [0, 1, 0],
			"to": [3, 13, 3],
			"faces": {
				"north": {"uv": [13, 3, 16, 15], "texture": "#4"},
				"east": {"uv": [13, 3, 16, 15], "texture": "#top"},
				"south": {"uv": [3, 2, 6, 14], "texture": "#4"},
				"west": {"uv": [16, 3, 13, 15], "texture": "#top"}
			}
		},
		{
			"from": [0, 0, 0],
			"to": [3, 1, 16],
			"faces": {
				"north": {"uv": [13, 15, 16, 16], "texture": "#4"},
				"east": {"uv": [0, 15, 16, 16], "texture": "#top"},
				"south": {"uv": [13, 15, 16, 16], "texture": "#4"},
				"west": {"uv": [16, 15, 0, 16], "texture": "#top"},
				"up": {"uv": [3, 0, 6, 16], "texture": "#4"},
				"down": {"uv": [0, 0, 3, 16], "texture": "#4"}
			}
		}
	]
}