{
	"credit": "Made with Blockbench by Valdr687",
	"parent": "minecraft:block/template_trapdoor_bottom",
	"textures": {
		"1": "block/doors/dark_oak_door_extra",
		"particle": "block/dark_oak_trapdoor",
		"texture": "block/dark_oak_trapdoor"
	},
	"elements": [
		{
			"from": [0, 13, 0],
			"to": [16, 16, 2],
			"faces": {
				"north": {"uv": [0, 0, 3, 16], "rotation": 90, "texture": "#1"},
				"east": {"uv": [0, 0, 3, 2], "rotation": 90, "texture": "#1"},
				"south": {"uv": [0, 0, 3, 16], "rotation": 90, "texture": "#1"},
				"west": {"uv": [0, 0, 3, 2], "rotation": 270, "texture": "#1"},
				"up": {"uv": [0, 0, 16, 2], "texture": "#texture"},
				"down": {"uv": [0, 2, 16, 0], "texture": "#texture"}
			}
		},
		{
			"from": [0, 13, 2],
			"to": [2, 16, 14],
			"faces": {
				"east": {"uv": [10, 1, 13, 13], "rotation": 90, "texture": "#1"},
				"west": {"uv": [0, 2, 3, 14], "rotation": 90, "texture": "#1"},
				"up": {"uv": [0, 2, 2, 14], "texture": "#texture"},
				"down": {"uv": [0, 14, 2, 2], "texture": "#texture"}
			}
		},
		{
			"from": [14, 13, 2],
			"to": [16, 16, 14],
			"faces": {
				"east": {"uv": [0, 2, 3, 14], "rotation": 90, "texture": "#1"},
				"west": {"uv": [10, 1, 13, 13], "rotation": 90, "texture": "#1"},
				"up": {"uv": [14, 2, 16, 14], "texture": "#texture"},
				"down": {"uv": [14, 14, 16, 2], "texture": "#texture"}
			}
		},
		{
			"from": [0, 13, 14],
			"to": [16, 16, 16],
			"faces": {
				"north": {"uv": [0, 0, 3, 16], "rotation": 90, "texture": "#1"},
				"east": {"uv": [0, 0, 3, 2], "rotation": 270, "texture": "#1"},
				"south": {"uv": [0, 0, 3, 16], "rotation": 90, "texture": "#1"},
				"west": {"uv": [0, 0, 3, 2], "rotation": 90, "texture": "#1"},
				"up": {"uv": [0, 14, 16, 16], "texture": "#texture"},
				"down": {"uv": [0, 16, 16, 14], "texture": "#texture"}
			}
		},
		{
			"from": [6, 13, 2],
			"to": [10, 16, 6],
			"faces": {
				"east": {"uv": [3, 1, 6, 5], "rotation": 90, "texture": "#1"},
				"west": {"uv": [3, 11, 6, 15], "rotation": 90, "texture": "#1"},
				"up": {"uv": [6, 2, 10, 6], "texture": "#texture"},
				"down": {"uv": [6, 6, 10, 2], "texture": "#texture"}
			}
		},
		{
			"from": [6, 13, 10],
			"to": [10, 16, 14],
			"faces": {
				"east": {"uv": [3, 1, 6, 5], "rotation": 90, "texture": "#1"},
				"west": {"uv": [3, 11, 6, 15], "rotation": 90, "texture": "#1"},
				"up": {"uv": [6, 10, 10, 14], "texture": "#texture"},
				"down": {"uv": [6, 14, 10, 10], "texture": "#texture"}
			}
		},
		{
			"from": [2, 13, 6],
			"to": [14, 16, 10],
			"faces": {
				"north": {"uv": [3, 2, 6, 14], "rotation": 90, "texture": "#1"},
				"south": {"uv": [3, 3, 6, 15], "rotation": 90, "texture": "#1"},
				"up": {"uv": [2, 6, 14, 10], "texture": "#texture"},
				"down": {"uv": [2, 10, 14, 6], "texture": "#texture"}
			}
		},
		{
			"from": [2, 13.5, 2],
			"to": [6, 15.5, 6],
			"faces": {
				"up": {"uv": [2, 2, 6, 6], "texture": "#texture"},
				"down": {"uv": [2, 6, 6, 2], "texture": "#texture"}
			}
		},
		{
			"from": [10, 13.5, 2],
			"to": [14, 15.5, 6],
			"faces": {
				"up": {"uv": [10, 2, 14, 6], "texture": "#texture"},
				"down": {"uv": [10, 6, 14, 2], "texture": "#texture"}
			}
		},
		{
			"from": [10, 13.5, 10],
			"to": [14, 15.5, 14],
			"faces": {
				"up": {"uv": [10, 10, 14, 14], "texture": "#texture"},
				"down": {"uv": [10, 14, 14, 10], "texture": "#texture"}
			}
		},
		{
			"from": [2, 13.5, 10],
			"to": [6, 15.5, 14],
			"faces": {
				"up": {"uv": [2, 10, 6, 14], "texture": "#texture"},
				"down": {"uv": [2, 14, 6, 10], "texture": "#texture"}
			}
		}
	]
}