{
	"credit": "Made with Blockbench by Valdr687",
	"textures": {
		"1": "block/rail_extra",
		"2": "block/detector_rail_on",
		"particle": "block/rail_extra",
		"rail": "block/rail"
	},
	"elements": [
		{
			"from": [2, 1, 0],
			"to": [4, 2, 16],
			"faces": {
				"north": {"uv": [14, 0, 16, 1], "texture": "#1"},
				"east": {"uv": [0, 1, 16, 2], "texture": "#rail"},
				"south": {"uv": [12, 15, 14, 16], "texture": "#1"},
				"west": {"uv": [0, 0, 16, 1], "texture": "#rail"},
				"up": {"uv": [12, 0, 14, 16], "texture": "#1"},
				"down": {"uv": [12, 0, 14, 16], "texture": "#1"}
			}
		},
		{
			"from": [12, 1, 0],
			"to": [14, 2, 16],
			"faces": {
				"north": {"uv": [12, 15, 14, 16], "texture": "#1"},
				"east": {"uv": [0, 3, 16, 4], "texture": "#rail"},
				"south": {"uv": [14, 15, 16, 16], "texture": "#1"},
				"west": {"uv": [0, 2, 16, 3], "texture": "#rail"},
				"up": {"uv": [14, 0, 16, 16], "texture": "#1"},
				"down": {"uv": [14, 0, 16, 16], "texture": "#1"}
			}
		},
		{
			"from": [1, 0, 1],
			"to": [15, 1, 3],
			"faces": {
				"north": {"uv": [2, 8, 16, 9], "texture": "#rail"},
				"east": {"uv": [2, 8, 4, 9], "texture": "#rail"},
				"south": {"uv": [2, 8, 16, 9], "texture": "#rail"},
				"west": {"uv": [14, 8, 16, 9], "texture": "#rail"},
				"up": {"uv": [2, 8, 16, 10], "texture": "#rail"},
				"down": {"uv": [2, 8, 16, 10], "texture": "#rail"}
			}
		},
		{
			"from": [1, 0, 5],
			"to": [15, 1, 7],
			"faces": {
				"north": {"uv": [2, 10, 16, 11], "texture": "#rail"},
				"east": {"uv": [2, 10, 4, 11], "texture": "#rail"},
				"south": {"uv": [2, 10, 16, 11], "texture": "#rail"},
				"west": {"uv": [14, 10, 16, 11], "texture": "#rail"},
				"up": {"uv": [2, 10, 16, 12], "texture": "#rail"},
				"down": {"uv": [2, 10, 16, 12], "texture": "#rail"}
			}
		},
		{
			"from": [1, 0, 9],
			"to": [15, 1, 11],
			"faces": {
				"north": {"uv": [2, 12, 16, 13], "texture": "#rail"},
				"east": {"uv": [2, 12, 4, 13], "texture": "#rail"},
				"south": {"uv": [2, 12, 16, 13], "texture": "#rail"},
				"west": {"uv": [14, 12, 16, 13], "texture": "#rail"},
				"up": {"uv": [2, 12, 16, 14], "texture": "#rail"},
				"down": {"uv": [2, 12, 16, 14], "texture": "#rail"}
			}
		},
		{
			"from": [1, 0, 13],
			"to": [15, 1, 15],
			"faces": {
				"north": {"uv": [2, 14, 16, 15], "texture": "#rail"},
				"east": {"uv": [2, 14, 4, 15], "texture": "#rail"},
				"south": {"uv": [2, 14, 16, 15], "texture": "#rail"},
				"west": {"uv": [14, 14, 16, 15], "texture": "#rail"},
				"up": {"uv": [2, 14, 16, 16], "texture": "#rail"},
				"down": {"uv": [2, 14, 16, 16], "texture": "#rail"}
			}
		},
		{
			"from": [5, 1, 5],
			"to": [11, 1.5, 11],
			"faces": {
				"north": {"uv": [5, 5, 11, 6], "texture": "#2"},
				"east": {"uv": [5, 10, 11, 11], "texture": "#2"},
				"south": {"uv": [5, 10, 11, 11], "texture": "#2"},
				"west": {"uv": [5, 6, 11, 5], "texture": "#2"},
				"up": {"uv": [5, 5, 11, 11], "texture": "#2"},
				"down": {"uv": [5, 5, 11, 11], "texture": "#2"}
			}
		},
		{
			"from": [6, 1.5, 6],
			"to": [10, 2, 10],
			"faces": {
				"north": {"uv": [6, 6, 10, 7], "texture": "#2"},
				"east": {"uv": [6, 9, 10, 10], "texture": "#2"},
				"south": {"uv": [6, 9, 10, 10], "texture": "#2"},
				"west": {"uv": [6, 7, 10, 6], "texture": "#2"},
				"up": {"uv": [6, 6, 10, 10], "texture": "#2"}
			}
		}
	]
}