{
	"credit": "Made with Blockbench by Valdr687",
	"textures": {
		"0": "block/diamond_ore",
		"particle": "block/diamond_ore"
	},
	"elements": [
		{
			"from": [0, 0, 0],
			"to": [16, 16, 16],
			"faces": {
				"north": {"uv": [0, 0, 16, 16], "texture": "#0", "cullface": "north"},
				"east": {"uv": [0, 0, 16, 16], "texture": "#0", "cullface": "east"},
				"south": {"uv": [0, 0, 16, 16], "texture": "#0", "cullface": "south"},
				"west": {"uv": [0, 0, 16, 16], "texture": "#0", "cullface": "west"},
				"up": {"uv": [0, 0, 16, 16], "texture": "#0", "cullface": "up"},
				"down": {"uv": [0, 0, 16, 16], "texture": "#0", "cullface": "down"}
			}
		},
		{
			"from": [-0.5, 6, 7],
			"to": [0, 7, 11],
			"rotation": {"angle": 0, "axis": "y", "origin": [8, 0, 8]},
			"faces": {
				"north": {"uv": [7, 9, 7.5, 10], "texture": "#0", "cullface": "west"},
				"south": {"uv": [10, 9, 10.5, 10], "texture": "#0", "cullface": "west"},
				"west": {"uv": [7, 9, 11, 10], "texture": "#0", "cullface": "west"},
				"up": {"uv": [7, 9, 11, 9.5], "rotation": 90, "texture": "#0", "cullface": "west"},
				"down": {"uv": [11, 9, 7, 9.5], "rotation": 90, "texture": "#0", "cullface": "west"}
			}
		},
		{
			"from": [-0.5, 9, 3],
			"to": [0, 10, 8],
			"rotation": {"angle": 0, "axis": "y", "origin": [8, 0, 8]},
			"faces": {
				"north": {"uv": [3, 6, 3.5, 7], "texture": "#0", "cullface": "west"},
				"south": {"uv": [7, 6, 7.5, 7], "texture": "#0", "cullface": "west"},
				"west": {"uv": [3, 6, 8, 7], "texture": "#0", "cullface": "west"},
				"up": {"uv": [3, 6, 8, 6.5], "rotation": 90, "texture": "#0", "cullface": "west"},
				"down": {"uv": [8, 6, 3, 6.5], "rotation": 90, "texture": "#0", "cullface": "west"}
			}
		},
		{
			"from": [-0.5, 3, 8],
			"to": [0, 4, 14],
			"rotation": {"angle": 0, "axis": "y", "origin": [8, 0, 8]},
			"faces": {
				"north": {"uv": [8, 12, 8.5, 13], "texture": "#0", "cullface": "west"},
				"south": {"uv": [13, 12, 13.5, 13], "texture": "#0", "cullface": "west"},
				"west": {"uv": [8, 12, 14, 13], "texture": "#0", "cullface": "west"},
				"up": {"uv": [8, 12, 14, 12.5], "rotation": 90, "texture": "#0", "cullface": "west"},
				"down": {"uv": [14, 12, 8, 12.5], "rotation": 90, "texture": "#0", "cullface": "west"}
			}
		},
		{
			"from": [-0.5, 4, 11],
			"to": [0, 5, 13],
			"rotation": {"angle": 0, "axis": "y", "origin": [8, 0, 8]},
			"faces": {
				"north": {"uv": [11, 11, 11.5, 12], "texture": "#0", "cullface": "west"},
				"south": {"uv": [12, 11, 12.5, 12], "texture": "#0", "cullface": "west"},
				"west": {"uv": [11, 11, 13, 12], "texture": "#0", "cullface": "west"},
				"up": {"uv": [11, 11, 13, 11.5], "rotation": 90, "texture": "#0", "cullface": "west"}
			}
		},
		{
			"from": [-0.5, 7, 8],
			"to": [0, 8, 10],
			"rotation": {"angle": 0, "axis": "y", "origin": [8, 0, 8]},
			"faces": {
				"north": {"uv": [8, 8, 8.5, 9], "texture": "#0", "cullface": "west"},
				"south": {"uv": [9, 8, 9.5, 9], "texture": "#0", "cullface": "west"},
				"west": {"uv": [8, 8, 10, 9], "texture": "#0", "cullface": "west"},
				"up": {"uv": [8, 8, 10, 8.5], "rotation": 90, "texture": "#0", "cullface": "west"}
			}
		},
		{
			"from": [-0.5, 10, 5],
			"to": [0, 11, 7],
			"rotation": {"angle": 0, "axis": "y", "origin": [8, 0, 8]},
			"faces": {
				"north": {"uv": [5, 5, 5.5, 6], "texture": "#0", "cullface": "west"},
				"south": {"uv": [6, 5, 6.5, 6], "texture": "#0", "cullface": "west"},
				"west": {"uv": [5, 5, 7, 6], "texture": "#0", "cullface": "west"},
				"up": {"uv": [5, 5, 7, 5.5], "rotation": 90, "texture": "#0", "cullface": "west"}
			}
		},
		{
			"from": [-0.5, 7, 1],
			"to": [0, 8, 3],
			"rotation": {"angle": 0, "axis": "y", "origin": [8, 0, 8]},
			"faces": {
				"north": {"uv": [1, 8, 1.5, 9], "texture": "#0", "cullface": "west"},
				"south": {"uv": [2, 8, 2.5, 9], "texture": "#0", "cullface": "west"},
				"west": {"uv": [1, 8, 3, 9], "texture": "#0", "cullface": "west"},
				"up": {"uv": [1, 8, 3, 8.5], "rotation": 90, "texture": "#0", "cullface": "west"},
				"down": {"uv": [3, 8, 1, 8.5], "rotation": 90, "texture": "#0", "cullface": "west"}
			}
		},
		{
			"from": [-0.5, 13, 12],
			"to": [0, 14, 14],
			"rotation": {"angle": 0, "axis": "y", "origin": [8, 0, 8]},
			"faces": {
				"north": {"uv": [12, 2, 12.5, 3], "texture": "#0", "cullface": "west"},
				"south": {"uv": [13, 2, 13.5, 3], "texture": "#0", "cullface": "west"},
				"west": {"uv": [12, 2, 14, 3], "texture": "#0", "cullface": "west"},
				"up": {"uv": [12, 2, 14, 2.5], "rotation": 90, "texture": "#0", "cullface": "west"},
				"down": {"uv": [14, 2, 12, 2.5], "rotation": 90, "texture": "#0", "cullface": "west"}
			}
		},
		{
			"from": [-0.5, 12, 7],
			"to": [0, 13, 9],
			"rotation": {"angle": 0, "axis": "y", "origin": [8, 0, 8]},
			"faces": {
				"north": {"uv": [7, 3, 7.5, 4], "texture": "#0", "cullface": "west"},
				"south": {"uv": [8, 3, 8.5, 4], "texture": "#0", "cullface": "west"},
				"west": {"uv": [7, 3, 9, 4], "texture": "#0", "cullface": "west"},
				"up": {"uv": [7, 3, 9, 3.5], "rotation": 90, "texture": "#0", "cullface": "west"},
				"down": {"uv": [9, 3, 7, 3.5], "rotation": 90, "texture": "#0", "cullface": "west"}
			}
		},
		{
			"from": [-0.5, 9, 10],
			"to": [0, 11, 12],
			"rotation": {"angle": 0, "axis": "y", "origin": [8, 0, 8]},
			"faces": {
				"north": {"uv": [10, 5, 10.5, 7], "texture": "#0", "cullface": "west"},
				"south": {"uv": [11, 5, 11.5, 7], "texture": "#0", "cullface": "west"},
				"west": {"uv": [10, 5, 12, 7], "texture": "#0", "cullface": "west"},
				"up": {"uv": [10, 5, 12, 5.5], "rotation": 90, "texture": "#0", "cullface": "west"},
				"down": {"uv": [12, 6, 10, 6.5], "rotation": 90, "texture": "#0", "cullface": "west"}
			}
		},
		{
			"from": [-0.5, 2, 9],
			"to": [0, 3, 11],
			"rotation": {"angle": 0, "axis": "y", "origin": [8, 0, 8]},
			"faces": {
				"north": {"uv": [9, 13, 9.5, 14], "texture": "#0", "cullface": "west"},
				"south": {"uv": [10, 13, 10.5, 14], "texture": "#0", "cullface": "west"},
				"west": {"uv": [9, 13, 11, 14], "texture": "#0", "cullface": "west"},
				"down": {"uv": [11, 13, 9, 13.5], "rotation": 90, "texture": "#0", "cullface": "west"}
			}
		},
		{
			"from": [-0.5, 2, 3],
			"to": [0, 3, 5],
			"rotation": {"angle": 0, "axis": "y", "origin": [8, 0, 8]},
			"faces": {
				"north": {"uv": [3, 13, 3.5, 14], "texture": "#0", "cullface": "west"},
				"south": {"uv": [4, 13, 4.5, 14], "texture": "#0", "cullface": "west"},
				"west": {"uv": [3, 13, 5, 14], "texture": "#0", "cullface": "west"},
				"up": {"uv": [3, 13, 5, 13.5], "rotation": 90, "texture": "#0", "cullface": "west"},
				"down": {"uv": [5, 13, 3, 13.5], "rotation": 90, "texture": "#0", "cullface": "west"}
			}
		},
		{
			"from": [7, 6, 16],
			"to": [11, 7, 16.5],
			"rotation": {"angle": 0, "axis": "y", "origin": [8, 0, 8]},
			"faces": {
				"east": {"uv": [10, 9, 10.5, 10], "texture": "#0", "cullface": "south"},
				"south": {"uv": [7, 9, 11, 10], "texture": "#0", "cullface": "south"},
				"west": {"uv": [7, 9, 7.5, 10], "texture": "#0", "cullface": "south"},
				"up": {"uv": [7, 9, 11, 9.5], "texture": "#0", "cullface": "south"},
				"down": {"uv": [11, 9, 7, 9.5], "rotation": 180, "texture": "#0", "cullface": "south"}
			}
		},
		{
			"from": [3, 9, 16],
			"to": [8, 10, 16.5],
			"rotation": {"angle": 0, "axis": "y", "origin": [8, 0, 8]},
			"faces": {
				"east": {"uv": [7, 6, 7.5, 7], "texture": "#0", "cullface": "south"},
				"south": {"uv": [3, 6, 8, 7], "texture": "#0", "cullface": "south"},
				"west": {"uv": [3, 6, 3.5, 7], "texture": "#0", "cullface": "south"},
				"up": {"uv": [3, 6, 8, 6.5], "texture": "#0", "cullface": "south"},
				"down": {"uv": [8, 6, 3, 6.5], "rotation": 180, "texture": "#0", "cullface": "south"}
			}
		},
		{
			"from": [8, 3, 16],
			"to": [14, 4, 16.5],
			"rotation": {"angle": 0, "axis": "y", "origin": [8, 0, 8]},
			"faces": {
				"east": {"uv": [13, 12, 13.5, 13], "texture": "#0", "cullface": "south"},
				"south": {"uv": [8, 12, 14, 13], "texture": "#0", "cullface": "south"},
				"west": {"uv": [8, 12, 8.5, 13], "texture": "#0", "cullface": "south"},
				"up": {"uv": [8, 12, 14, 12.5], "texture": "#0", "cullface": "south"},
				"down": {"uv": [14, 12, 8, 12.5], "rotation": 180, "texture": "#0", "cullface": "south"}
			}
		},
		{
			"from": [11, 4, 16],
			"to": [13, 5, 16.5],
			"rotation": {"angle": 0, "axis": "y", "origin": [8, 0, 8]},
			"faces": {
				"east": {"uv": [12, 11, 12.5, 12], "texture": "#0", "cullface": "south"},
				"south": {"uv": [11, 11, 13, 12], "texture": "#0", "cullface": "south"},
				"west": {"uv": [11, 11, 11.5, 12], "texture": "#0", "cullface": "south"},
				"up": {"uv": [11, 11, 13, 11.5], "texture": "#0", "cullface": "south"}
			}
		},
		{
			"from": [8, 7, 16],
			"to": [10, 8, 16.5],
			"rotation": {"angle": 0, "axis": "y", "origin": [8, 0, 8]},
			"faces": {
				"east": {"uv": [9, 8, 9.5, 9], "texture": "#0", "cullface": "south"},
				"south": {"uv": [8, 8, 10, 9], "texture": "#0", "cullface": "south"},
				"west": {"uv": [8, 8, 8.5, 9], "texture": "#0", "cullface": "south"},
				"up": {"uv": [8, 8, 10, 8.5], "texture": "#0", "cullface": "south"}
			}
		},
		{
			"from": [5, 10, 16],
			"to": [7, 11, 16.5],
			"rotation": {"angle": 0, "axis": "y", "origin": [8, 0, 8]},
			"faces": {
				"east": {"uv": [6, 5, 6.5, 6], "texture": "#0", "cullface": "south"},
				"south": {"uv": [5, 5, 7, 6], "texture": "#0", "cullface": "south"},
				"west": {"uv": [5, 5, 5.5, 6], "texture": "#0", "cullface": "south"},
				"up": {"uv": [5, 5, 7, 5.5], "texture": "#0", "cullface": "south"}
			}
		},
		{
			"from": [1, 7, 16],
			"to": [3, 8, 16.5],
			"rotation": {"angle": 0, "axis": "y", "origin": [8, 0, 8]},
			"faces": {
				"east": {"uv": [2, 8, 2.5, 9], "texture": "#0", "cullface": "south"},
				"south": {"uv": [1, 8, 3, 9], "texture": "#0", "cullface": "south"},
				"west": {"uv": [1, 8, 1.5, 9], "texture": "#0", "cullface": "south"},
				"up": {"uv": [1, 8, 3, 8.5], "texture": "#0", "cullface": "south"},
				"down": {"uv": [3, 8, 1, 8.5], "rotation": 180, "texture": "#0", "cullface": "south"}
			}
		},
		{
			"from": [12, 13, 16],
			"to": [14, 14, 16.5],
			"rotation": {"angle": 0, "axis": "y", "origin": [8, 0, 8]},
			"faces": {
				"east": {"uv": [13, 2, 13.5, 3], "texture": "#0", "cullface": "south"},
				"south": {"uv": [12, 2, 14, 3], "texture": "#0", "cullface": "south"},
				"west": {"uv": [12, 2, 12.5, 3], "texture": "#0", "cullface": "south"},
				"up": {"uv": [12, 2, 14, 2.5], "texture": "#0", "cullface": "south"},
				"down": {"uv": [14, 2, 12, 2.5], "rotation": 180, "texture": "#0", "cullface": "south"}
			}
		},
		{
			"from": [7, 12, 16],
			"to": [9, 13, 16.5],
			"rotation": {"angle": 0, "axis": "y", "origin": [8, 0, 8]},
			"faces": {
				"east": {"uv": [8, 3, 8.5, 4], "texture": "#0", "cullface": "south"},
				"south": {"uv": [7, 3, 9, 4], "texture": "#0", "cullface": "south"},
				"west": {"uv": [7, 3, 7.5, 4], "texture": "#0", "cullface": "south"},
				"up": {"uv": [7, 3, 9, 3.5], "texture": "#0", "cullface": "south"},
				"down": {"uv": [9, 3, 7, 3.5], "rotation": 180, "texture": "#0", "cullface": "south"}
			}
		},
		{
			"from": [10, 9, 16],
			"to": [12, 11, 16.5],
			"rotation": {"angle": 0, "axis": "y", "origin": [8, 0, 8]},
			"faces": {
				"east": {"uv": [11, 5, 11.5, 7], "texture": "#0", "cullface": "south"},
				"south": {"uv": [10, 5, 12, 7], "texture": "#0", "cullface": "south"},
				"west": {"uv": [10, 5, 10.5, 7], "texture": "#0", "cullface": "south"},
				"up": {"uv": [10, 5, 12, 5.5], "texture": "#0", "cullface": "south"},
				"down": {"uv": [12, 6, 10, 6.5], "rotation": 180, "texture": "#0", "cullface": "south"}
			}
		},
		{
			"from": [9, 2, 16],
			"to": [11, 3, 16.5],
			"rotation": {"angle": 0, "axis": "y", "origin": [8, 0, 8]},
			"faces": {
				"east": {"uv": [10, 13, 10.5, 14], "texture": "#0", "cullface": "south"},
				"south": {"uv": [9, 13, 11, 14], "texture": "#0", "cullface": "south"},
				"west": {"uv": [9, 13, 9.5, 14], "texture": "#0", "cullface": "south"},
				"down": {"uv": [11, 13, 9, 13.5], "rotation": 180, "texture": "#0", "cullface": "south"}
			}
		},
		{
			"from": [3, 2, 16],
			"to": [5, 3, 16.5],
			"rotation": {"angle": 0, "axis": "y", "origin": [8, 0, 8]},
			"faces": {
				"east": {"uv": [4, 13, 4.5, 14], "texture": "#0", "cullface": "south"},
				"south": {"uv": [3, 13, 5, 14], "texture": "#0", "cullface": "south"},
				"west": {"uv": [3, 13, 3.5, 14], "texture": "#0", "cullface": "south"},
				"up": {"uv": [3, 13, 5, 13.5], "texture": "#0", "cullface": "south"},
				"down": {"uv": [5, 13, 3, 13.5], "rotation": 180, "texture": "#0", "cullface": "south"}
			}
		},
		{
			"from": [3, 16, 13],
			"to": [5, 16.5, 14],
			"rotation": {"angle": 0, "axis": "y", "origin": [8, 8, 8]},
			"faces": {
				"north": {"uv": [3, 13, 5, 13.5], "rotation": 180, "texture": "#0", "cullface": "up"},
				"east": {"uv": [4, 13, 4.5, 14], "rotation": 90, "texture": "#0", "cullface": "up"},
				"south": {"uv": [5, 13, 3, 13.5], "rotation": 180, "texture": "#0", "cullface": "up"},
				"west": {"uv": [3, 13, 3.5, 14], "rotation": 270, "texture": "#0", "cullface": "up"},
				"up": {"uv": [3, 13, 5, 14], "texture": "#0", "cullface": "up"}
			}
		},
		{
			"from": [8, 16, 8],
			"to": [10, 16.5, 9],
			"rotation": {"angle": 0, "axis": "y", "origin": [8, 8, 8]},
			"faces": {
				"north": {"uv": [8, 8, 10, 8.5], "rotation": 180, "texture": "#0", "cullface": "up"},
				"east": {"uv": [9, 8, 9.5, 9], "rotation": 90, "texture": "#0", "cullface": "up"},
				"west": {"uv": [8, 8, 8.5, 9], "rotation": 270, "texture": "#0", "cullface": "up"},
				"up": {"uv": [8, 8, 10, 9], "texture": "#0", "cullface": "up"}
			}
		},
		{
			"from": [5, 16, 5],
			"to": [7, 16.5, 6],
			"rotation": {"angle": 0, "axis": "y", "origin": [8, 8, 8]},
			"faces": {
				"north": {"uv": [5, 5, 7, 5.5], "rotation": 180, "texture": "#0", "cullface": "up"},
				"east": {"uv": [6, 5, 6.5, 6], "rotation": 90, "texture": "#0", "cullface": "up"},
				"west": {"uv": [5, 5, 5.5, 6], "rotation": 270, "texture": "#0", "cullface": "up"},
				"up": {"uv": [5, 5, 7, 6], "texture": "#0", "cullface": "up"}
			}
		},
		{
			"from": [1, 16, 8],
			"to": [3, 16.5, 9],
			"rotation": {"angle": 0, "axis": "y", "origin": [8, 8, 8]},
			"faces": {
				"north": {"uv": [1, 8, 3, 8.5], "rotation": 180, "texture": "#0", "cullface": "up"},
				"east": {"uv": [2, 8, 2.5, 9], "rotation": 90, "texture": "#0", "cullface": "up"},
				"south": {"uv": [3, 8, 1, 8.5], "rotation": 180, "texture": "#0", "cullface": "up"},
				"west": {"uv": [1, 8, 1.5, 9], "rotation": 270, "texture": "#0", "cullface": "up"},
				"up": {"uv": [1, 8, 3, 9], "texture": "#0", "cullface": "up"}
			}
		},
		{
			"from": [12, 16, 2],
			"to": [14, 16.5, 3],
			"rotation": {"angle": 0, "axis": "y", "origin": [8, 8, 8]},
			"faces": {
				"north": {"uv": [12, 2, 14, 2.5], "rotation": 180, "texture": "#0", "cullface": "up"},
				"east": {"uv": [13, 2, 13.5, 3], "rotation": 90, "texture": "#0", "cullface": "up"},
				"south": {"uv": [14, 2, 12, 2.5], "rotation": 180, "texture": "#0", "cullface": "up"},
				"west": {"uv": [12, 2, 12.5, 3], "rotation": 270, "texture": "#0", "cullface": "up"},
				"up": {"uv": [12, 2, 14, 3], "texture": "#0", "cullface": "up"}
			}
		},
		{
			"from": [7, 16, 3],
			"to": [9, 16.5, 4],
			"rotation": {"angle": 0, "axis": "y", "origin": [8, 8, 8]},
			"faces": {
				"north": {"uv": [7, 3, 9, 3.5], "rotation": 180, "texture": "#0", "cullface": "up"},
				"east": {"uv": [8, 3, 8.5, 4], "rotation": 90, "texture": "#0", "cullface": "up"},
				"south": {"uv": [9, 3, 7, 3.5], "rotation": 180, "texture": "#0", "cullface": "up"},
				"west": {"uv": [7, 3, 7.5, 4], "rotation": 270, "texture": "#0", "cullface": "up"},
				"up": {"uv": [7, 3, 9, 4], "texture": "#0", "cullface": "up"}
			}
		},
		{
			"from": [10, 16, 5],
			"to": [12, 16.5, 7],
			"rotation": {"angle": 0, "axis": "y", "origin": [8, 8, 8]},
			"faces": {
				"north": {"uv": [10, 5, 12, 5.5], "rotation": 180, "texture": "#0", "cullface": "up"},
				"east": {"uv": [11, 5, 11.5, 7], "rotation": 90, "texture": "#0", "cullface": "up"},
				"south": {"uv": [12, 6, 10, 6.5], "rotation": 180, "texture": "#0", "cullface": "up"},
				"west": {"uv": [10, 5, 10.5, 7], "rotation": 270, "texture": "#0", "cullface": "up"},
				"up": {"uv": [10, 5, 12, 7], "texture": "#0", "cullface": "up"}
			}
		},
		{
			"from": [9, 16, 13],
			"to": [11, 16.5, 14],
			"rotation": {"angle": 0, "axis": "y", "origin": [8, 8, 8]},
			"faces": {
				"east": {"uv": [10, 13, 10.5, 14], "rotation": 90, "texture": "#0", "cullface": "up"},
				"south": {"uv": [11, 13, 9, 13.5], "rotation": 180, "texture": "#0", "cullface": "up"},
				"west": {"uv": [9, 13, 9.5, 14], "rotation": 270, "texture": "#0", "cullface": "up"},
				"up": {"uv": [9, 13, 11, 14], "texture": "#0", "cullface": "up"}
			}
		},
		{
			"from": [11, 16, 11],
			"to": [13, 16.5, 12],
			"rotation": {"angle": 0, "axis": "y", "origin": [8, 8, 8]},
			"faces": {
				"north": {"uv": [11, 11, 13, 11.5], "rotation": 180, "texture": "#0", "cullface": "up"},
				"east": {"uv": [12, 11, 12.5, 12], "rotation": 90, "texture": "#0", "cullface": "up"},
				"west": {"uv": [11, 11, 11.5, 12], "rotation": 270, "texture": "#0", "cullface": "up"},
				"up": {"uv": [11, 11, 13, 12], "texture": "#0", "cullface": "up"}
			}
		},
		{
			"from": [8, 16, 12],
			"to": [14, 16.5, 13],
			"rotation": {"angle": 0, "axis": "y", "origin": [8, 8, 8]},
			"faces": {
				"north": {"uv": [8, 12, 14, 12.5], "rotation": 180, "texture": "#0", "cullface": "up"},
				"east": {"uv": [13, 12, 13.5, 13], "rotation": 90, "texture": "#0", "cullface": "up"},
				"south": {"uv": [14, 12, 8, 12.5], "rotation": 180, "texture": "#0", "cullface": "up"},
				"west": {"uv": [8, 12, 8.5, 13], "rotation": 270, "texture": "#0", "cullface": "up"},
				"up": {"uv": [8, 12, 14, 13], "texture": "#0", "cullface": "up"}
			}
		},
		{
			"from": [3, 16, 6],
			"to": [8, 16.5, 7],
			"rotation": {"angle": 0, "axis": "y", "origin": [8, 8, 8]},
			"faces": {
				"north": {"uv": [3, 6, 8, 6.5], "rotation": 180, "texture": "#0", "cullface": "up"},
				"east": {"uv": [7, 6, 7.5, 7], "rotation": 90, "texture": "#0", "cullface": "up"},
				"south": {"uv": [8, 6, 3, 6.5], "rotation": 180, "texture": "#0", "cullface": "up"},
				"west": {"uv": [3, 6, 3.5, 7], "rotation": 270, "texture": "#0", "cullface": "up"},
				"up": {"uv": [3, 6, 8, 7], "texture": "#0", "cullface": "up"}
			}
		},
		{
			"from": [7, 16, 9],
			"to": [11, 16.5, 10],
			"rotation": {"angle": 0, "axis": "y", "origin": [8, 8, 8]},
			"faces": {
				"north": {"uv": [7, 9, 11, 9.5], "rotation": 180, "texture": "#0", "cullface": "up"},
				"east": {"uv": [10, 9, 10.5, 10], "rotation": 90, "texture": "#0", "cullface": "up"},
				"south": {"uv": [11, 9, 7, 9.5], "rotation": 180, "texture": "#0", "cullface": "up"},
				"west": {"uv": [7, 9, 7.5, 10], "rotation": 270, "texture": "#0", "cullface": "up"},
				"up": {"uv": [7, 9, 11, 10], "texture": "#0", "cullface": "up"}
			}
		},
		{
			"from": [3, -0.5, 2],
			"to": [5, 0, 3],
			"rotation": {"angle": 0, "axis": "y", "origin": [8, 0, 8]},
			"faces": {
				"north": {"uv": [5, 13, 3, 13.5], "texture": "#0", "cullface": "down"},
				"east": {"uv": [4, 13, 4.5, 14], "rotation": 270, "texture": "#0", "cullface": "down"},
				"south": {"uv": [3, 13, 5, 13.5], "texture": "#0", "cullface": "down"},
				"west": {"uv": [3, 13, 3.5, 14], "rotation": 90, "texture": "#0", "cullface": "down"},
				"down": {"uv": [3, 13, 5, 14], "texture": "#0", "cullface": "down"}
			}
		},
		{
			"from": [3, -0.5, 9],
			"to": [8, 0, 10],
			"rotation": {"angle": 0, "axis": "y", "origin": [8, 0, 8]},
			"faces": {
				"north": {"uv": [8, 6, 3, 6.5], "texture": "#0", "cullface": "down"},
				"east": {"uv": [7, 6, 7.5, 7], "rotation": 270, "texture": "#0", "cullface": "down"},
				"south": {"uv": [3, 6, 8, 6.5], "texture": "#0", "cullface": "down"},
				"west": {"uv": [3, 6, 3.5, 7], "rotation": 90, "texture": "#0", "cullface": "down"},
				"down": {"uv": [3, 6, 8, 7], "texture": "#0", "cullface": "down"}
			}
		},
		{
			"from": [8, -0.5, 3],
			"to": [14, 0, 4],
			"rotation": {"angle": 0, "axis": "y", "origin": [8, 0, 8]},
			"faces": {
				"north": {"uv": [14, 12, 8, 12.5], "texture": "#0", "cullface": "down"},
				"east": {"uv": [13, 12, 13.5, 13], "rotation": 270, "texture": "#0", "cullface": "down"},
				"south": {"uv": [8, 12, 14, 12.5], "texture": "#0", "cullface": "down"},
				"west": {"uv": [8, 12, 8.5, 13], "rotation": 90, "texture": "#0", "cullface": "down"},
				"down": {"uv": [8, 12, 14, 13], "texture": "#0", "cullface": "down"}
			}
		},
		{
			"from": [11, -0.5, 4],
			"to": [13, 0, 5],
			"rotation": {"angle": 0, "axis": "y", "origin": [8, 0, 8]},
			"faces": {
				"east": {"uv": [12, 11, 12.5, 12], "rotation": 270, "texture": "#0", "cullface": "down"},
				"south": {"uv": [11, 11, 13, 11.5], "texture": "#0", "cullface": "down"},
				"west": {"uv": [11, 11, 11.5, 12], "rotation": 90, "texture": "#0", "cullface": "down"},
				"down": {"uv": [11, 11, 13, 12], "texture": "#0", "cullface": "down"}
			}
		},
		{
			"from": [8, -0.5, 7],
			"to": [10, 0, 8],
			"rotation": {"angle": 0, "axis": "y", "origin": [8, 0, 8]},
			"faces": {
				"east": {"uv": [9, 8, 9.5, 9], "rotation": 270, "texture": "#0", "cullface": "down"},
				"south": {"uv": [8, 8, 10, 8.5], "texture": "#0", "cullface": "down"},
				"west": {"uv": [8, 8, 8.5, 9], "rotation": 90, "texture": "#0", "cullface": "down"},
				"down": {"uv": [8, 8, 10, 9], "texture": "#0", "cullface": "down"}
			}
		},
		{
			"from": [5, -0.5, 10],
			"to": [7, 0, 11],
			"rotation": {"angle": 0, "axis": "y", "origin": [8, 0, 8]},
			"faces": {
				"east": {"uv": [6, 5, 6.5, 6], "rotation": 270, "texture": "#0", "cullface": "down"},
				"south": {"uv": [5, 5, 7, 5.5], "texture": "#0", "cullface": "down"},
				"west": {"uv": [5, 5, 5.5, 6], "rotation": 90, "texture": "#0", "cullface": "down"},
				"down": {"uv": [5, 5, 7, 6], "texture": "#0", "cullface": "down"}
			}
		},
		{
			"from": [1, -0.5, 7],
			"to": [3, 0, 8],
			"rotation": {"angle": 0, "axis": "y", "origin": [8, 0, 8]},
			"faces": {
				"north": {"uv": [3, 8, 1, 8.5], "texture": "#0", "cullface": "down"},
				"east": {"uv": [2, 8, 2.5, 9], "rotation": 270, "texture": "#0", "cullface": "down"},
				"south": {"uv": [1, 8, 3, 8.5], "texture": "#0", "cullface": "down"},
				"west": {"uv": [1, 8, 1.5, 9], "rotation": 90, "texture": "#0", "cullface": "down"},
				"down": {"uv": [1, 8, 3, 9], "texture": "#0", "cullface": "down"}
			}
		},
		{
			"from": [12, -0.5, 13],
			"to": [14, 0, 14],
			"rotation": {"angle": 0, "axis": "y", "origin": [8, 0, 8]},
			"faces": {
				"north": {"uv": [14, 2, 12, 2.5], "texture": "#0", "cullface": "down"},
				"east": {"uv": [13, 2, 13.5, 3], "rotation": 270, "texture": "#0", "cullface": "down"},
				"south": {"uv": [12, 2, 14, 2.5], "texture": "#0", "cullface": "down"},
				"west": {"uv": [12, 2, 12.5, 3], "rotation": 90, "texture": "#0", "cullface": "down"},
				"down": {"uv": [12, 2, 14, 3], "texture": "#0", "cullface": "down"}
			}
		},
		{
			"from": [7, -0.5, 12],
			"to": [9, 0, 13],
			"rotation": {"angle": 0, "axis": "y", "origin": [8, 0, 8]},
			"faces": {
				"north": {"uv": [9, 3, 7, 3.5], "texture": "#0", "cullface": "down"},
				"east": {"uv": [8, 3, 8.5, 4], "rotation": 270, "texture": "#0", "cullface": "down"},
				"south": {"uv": [7, 3, 9, 3.5], "texture": "#0", "cullface": "down"},
				"west": {"uv": [7, 3, 7.5, 4], "rotation": 90, "texture": "#0", "cullface": "down"},
				"down": {"uv": [7, 3, 9, 4], "texture": "#0", "cullface": "down"}
			}
		},
		{
			"from": [10, -0.5, 9],
			"to": [12, 0, 11],
			"rotation": {"angle": 0, "axis": "y", "origin": [8, 0, 8]},
			"faces": {
				"north": {"uv": [12, 6, 10, 6.5], "texture": "#0", "cullface": "down"},
				"east": {"uv": [11, 5, 11.5, 7], "rotation": 270, "texture": "#0", "cullface": "down"},
				"south": {"uv": [10, 5, 12, 5.5], "texture": "#0", "cullface": "down"},
				"west": {"uv": [10, 5, 10.5, 7], "rotation": 90, "texture": "#0", "cullface": "down"},
				"down": {"uv": [10, 5, 12, 7], "texture": "#0", "cullface": "down"}
			}
		},
		{
			"from": [9, -0.5, 2],
			"to": [11, 0, 3],
			"rotation": {"angle": 0, "axis": "y", "origin": [8, 0, 8]},
			"faces": {
				"north": {"uv": [11, 13, 9, 13.5], "texture": "#0", "cullface": "down"},
				"east": {"uv": [10, 13, 10.5, 14], "rotation": 270, "texture": "#0", "cullface": "down"},
				"west": {"uv": [9, 13, 9.5, 14], "rotation": 90, "texture": "#0", "cullface": "down"},
				"down": {"uv": [9, 13, 11, 14], "texture": "#0", "cullface": "down"}
			}
		},
		{
			"from": [7, -0.5, 6],
			"to": [11, 0, 7],
			"rotation": {"angle": 0, "axis": "y", "origin": [8, 0, 8]},
			"faces": {
				"north": {"uv": [11, 9, 7, 9.5], "texture": "#0", "cullface": "down"},
				"east": {"uv": [10, 9, 10.5, 10], "rotation": 270, "texture": "#0", "cullface": "down"},
				"south": {"uv": [7, 9, 11, 9.5], "texture": "#0", "cullface": "down"},
				"west": {"uv": [7, 9, 7.5, 10], "rotation": 90, "texture": "#0", "cullface": "down"},
				"down": {"uv": [7, 9, 11, 10], "texture": "#0", "cullface": "down"}
			}
		},
		{
			"from": [11, 2, -0.5],
			"to": [13, 3, 0],
			"rotation": {"angle": 0, "axis": "y", "origin": [8, 0, 8]},
			"faces": {
				"north": {"uv": [3, 13, 5, 14], "texture": "#0", "cullface": "north"},
				"east": {"uv": [3, 13, 3.5, 14], "texture": "#0", "cullface": "north"},
				"west": {"uv": [4, 13, 4.5, 14], "texture": "#0", "cullface": "north"},
				"up": {"uv": [3, 13, 5, 13.5], "rotation": 180, "texture": "#0", "cullface": "north"},
				"down": {"uv": [5, 13, 3, 13.5], "texture": "#0", "cullface": "north"}
			}
		},
		{
			"from": [2, 3, -0.5],
			"to": [8, 4, 0],
			"rotation": {"angle": 0, "axis": "y", "origin": [8, 0, 8]},
			"faces": {
				"north": {"uv": [8, 12, 14, 13], "texture": "#0", "cullface": "north"},
				"east": {"uv": [8, 12, 8.5, 13], "texture": "#0", "cullface": "north"},
				"west": {"uv": [13, 12, 13.5, 13], "texture": "#0", "cullface": "north"},
				"up": {"uv": [8, 12, 14, 12.5], "rotation": 180, "texture": "#0", "cullface": "north"},
				"down": {"uv": [14, 12, 8, 12.5], "texture": "#0", "cullface": "north"}
			}
		},
		{
			"from": [3, 4, -0.5],
			"to": [5, 5, 0],
			"rotation": {"angle": 0, "axis": "y", "origin": [8, 0, 8]},
			"faces": {
				"north": {"uv": [11, 11, 13, 12], "texture": "#0", "cullface": "north"},
				"east": {"uv": [11, 11, 11.5, 12], "texture": "#0", "cullface": "north"},
				"west": {"uv": [12, 11, 12.5, 12], "texture": "#0", "cullface": "north"},
				"up": {"uv": [11, 11, 13, 11.5], "rotation": 180, "texture": "#0", "cullface": "north"}
			}
		},
		{
			"from": [6, 7, -0.5],
			"to": [8, 8, 0],
			"rotation": {"angle": 0, "axis": "y", "origin": [8, 0, 8]},
			"faces": {
				"north": {"uv": [8, 8, 10, 9], "texture": "#0", "cullface": "north"},
				"east": {"uv": [8, 8, 8.5, 9], "texture": "#0", "cullface": "north"},
				"west": {"uv": [9, 8, 9.5, 9], "texture": "#0", "cullface": "north"},
				"up": {"uv": [8, 8, 10, 8.5], "rotation": 180, "texture": "#0", "cullface": "north"}
			}
		},
		{
			"from": [9, 10, -0.5],
			"to": [11, 11, 0],
			"rotation": {"angle": 0, "axis": "y", "origin": [8, 0, 8]},
			"faces": {
				"north": {"uv": [5, 5, 7, 6], "texture": "#0", "cullface": "north"},
				"east": {"uv": [5, 5, 5.5, 6], "texture": "#0", "cullface": "north"},
				"west": {"uv": [6, 5, 6.5, 6], "texture": "#0", "cullface": "north"},
				"up": {"uv": [5, 5, 7, 5.5], "rotation": 180, "texture": "#0", "cullface": "north"}
			}
		},
		{
			"from": [13, 7, -0.5],
			"to": [15, 8, 0],
			"rotation": {"angle": 0, "axis": "y", "origin": [8, 0, 8]},
			"faces": {
				"north": {"uv": [1, 8, 3, 9], "texture": "#0", "cullface": "north"},
				"east": {"uv": [1, 8, 1.5, 9], "texture": "#0", "cullface": "north"},
				"west": {"uv": [2, 8, 2.5, 9], "texture": "#0", "cullface": "north"},
				"up": {"uv": [1, 8, 3, 8.5], "rotation": 180, "texture": "#0", "cullface": "north"},
				"down": {"uv": [3, 8, 1, 8.5], "texture": "#0", "cullface": "north"}
			}
		},
		{
			"from": [2, 13, -0.5],
			"to": [4, 14, 0],
			"rotation": {"angle": 0, "axis": "y", "origin": [8, 0, 8]},
			"faces": {
				"north": {"uv": [12, 2, 14, 3], "texture": "#0", "cullface": "north"},
				"east": {"uv": [12, 2, 12.5, 3], "texture": "#0", "cullface": "north"},
				"west": {"uv": [13, 2, 13.5, 3], "texture": "#0", "cullface": "north"},
				"up": {"uv": [12, 2, 14, 2.5], "rotation": 180, "texture": "#0", "cullface": "north"},
				"down": {"uv": [14, 2, 12, 2.5], "texture": "#0", "cullface": "north"}
			}
		},
		{
			"from": [7, 12, -0.5],
			"to": [9, 13, 0],
			"rotation": {"angle": 0, "axis": "y", "origin": [8, 0, 8]},
			"faces": {
				"north": {"uv": [7, 3, 9, 4], "texture": "#0", "cullface": "north"},
				"east": {"uv": [7, 3, 7.5, 4], "texture": "#0", "cullface": "north"},
				"west": {"uv": [8, 3, 8.5, 4], "texture": "#0", "cullface": "north"},
				"up": {"uv": [7, 3, 9, 3.5], "rotation": 180, "texture": "#0", "cullface": "north"},
				"down": {"uv": [9, 3, 7, 3.5], "texture": "#0", "cullface": "north"}
			}
		},
		{
			"from": [4, 9, -0.5],
			"to": [6, 11, 0],
			"rotation": {"angle": 0, "axis": "y", "origin": [8, 0, 8]},
			"faces": {
				"north": {"uv": [10, 5, 12, 7], "texture": "#0", "cullface": "north"},
				"east": {"uv": [10, 5, 10.5, 7], "texture": "#0", "cullface": "north"},
				"west": {"uv": [11, 5, 11.5, 7], "texture": "#0", "cullface": "north"},
				"up": {"uv": [10, 5, 12, 5.5], "rotation": 180, "texture": "#0", "cullface": "north"},
				"down": {"uv": [12, 6, 10, 6.5], "texture": "#0", "cullface": "north"}
			}
		},
		{
			"from": [5, 2, -0.5],
			"to": [7, 3, 0],
			"rotation": {"angle": 0, "axis": "y", "origin": [8, 0, 8]},
			"faces": {
				"north": {"uv": [9, 13, 11, 14], "texture": "#0", "cullface": "north"},
				"east": {"uv": [9, 13, 9.5, 14], "texture": "#0", "cullface": "north"},
				"west": {"uv": [10, 13, 10.5, 14], "texture": "#0", "cullface": "north"},
				"down": {"uv": [11, 13, 9, 13.5], "texture": "#0", "cullface": "north"}
			}
		},
		{
			"from": [8, 9, -0.5],
			"to": [13, 10, 0],
			"rotation": {"angle": 0, "axis": "y", "origin": [8, 0, 8]},
			"faces": {
				"north": {"uv": [3, 6, 8, 7], "texture": "#0", "cullface": "north"},
				"east": {"uv": [3, 6, 3.5, 7], "texture": "#0", "cullface": "north"},
				"west": {"uv": [7, 6, 7.5, 7], "texture": "#0", "cullface": "north"},
				"up": {"uv": [3, 6, 8, 6.5], "rotation": 180, "texture": "#0", "cullface": "north"},
				"down": {"uv": [8, 6, 3, 6.5], "texture": "#0", "cullface": "north"}
			}
		},
		{
			"from": [5, 6, -0.5],
			"to": [9, 7, 0],
			"rotation": {"angle": 0, "axis": "y", "origin": [8, 0, 8]},
			"faces": {
				"north": {"uv": [7, 9, 11, 10], "texture": "#0", "cullface": "north"},
				"east": {"uv": [7, 9, 7.5, 10], "texture": "#0", "cullface": "north"},
				"west": {"uv": [10, 9, 10.5, 10], "texture": "#0", "cullface": "north"},
				"up": {"uv": [7, 9, 11, 9.5], "rotation": 180, "texture": "#0", "cullface": "north"},
				"down": {"uv": [11, 9, 7, 9.5], "texture": "#0", "cullface": "north"}
			}
		},
		{
			"from": [16, 2, 11],
			"to": [16.5, 3, 13],
			"rotation": {"angle": 0, "axis": "y", "origin": [8, 0, 8]},
			"faces": {
				"north": {"uv": [4, 13, 4.5, 14], "texture": "#0", "cullface": "east"},
				"east": {"uv": [3, 13, 5, 14], "texture": "#0", "cullface": "east"},
				"south": {"uv": [3, 13, 3.5, 14], "texture": "#0", "cullface": "east"},
				"up": {"uv": [3, 13, 5, 13.5], "rotation": 270, "texture": "#0", "cullface": "east"},
				"down": {"uv": [5, 13, 3, 13.5], "rotation": 270, "texture": "#0", "cullface": "east"}
			}
		},
		{
			"from": [16, 4, 3],
			"to": [16.5, 5, 5],
			"rotation": {"angle": 0, "axis": "y", "origin": [8, 0, 8]},
			"faces": {
				"north": {"uv": [12, 11, 12.5, 12], "texture": "#0", "cullface": "east"},
				"east": {"uv": [11, 11, 13, 12], "texture": "#0", "cullface": "east"},
				"south": {"uv": [11, 11, 11.5, 12], "texture": "#0", "cullface": "east"},
				"up": {"uv": [11, 11, 13, 11.5], "rotation": 270, "texture": "#0", "cullface": "east"}
			}
		},
		{
			"from": [16, 7, 6],
			"to": [16.5, 8, 8],
			"rotation": {"angle": 0, "axis": "y", "origin": [8, 0, 8]},
			"faces": {
				"north": {"uv": [9, 8, 9.5, 9], "texture": "#0", "cullface": "east"},
				"east": {"uv": [8, 8, 10, 9], "texture": "#0", "cullface": "east"},
				"south": {"uv": [8, 8, 8.5, 9], "texture": "#0", "cullface": "east"},
				"up": {"uv": [8, 8, 10, 8.5], "rotation": 270, "texture": "#0", "cullface": "east"}
			}
		},
		{
			"from": [16, 10, 9],
			"to": [16.5, 11, 11],
			"rotation": {"angle": 0, "axis": "y", "origin": [8, 0, 8]},
			"faces": {
				"north": {"uv": [6, 5, 6.5, 6], "texture": "#0", "cullface": "east"},
				"east": {"uv": [5, 5, 7, 6], "texture": "#0", "cullface": "east"},
				"south": {"uv": [5, 5, 5.5, 6], "texture": "#0", "cullface": "east"},
				"up": {"uv": [5, 5, 7, 5.5], "rotation": 270, "texture": "#0", "cullface": "east"}
			}
		},
		{
			"from": [16, 7, 13],
			"to": [16.5, 8, 15],
			"rotation": {"angle": 0, "axis": "y", "origin": [8, 0, 8]},
			"faces": {
				"north": {"uv": [2, 8, 2.5, 9], "texture": "#0", "cullface": "east"},
				"east": {"uv": [1, 8, 3, 9], "texture": "#0", "cullface": "east"},
				"south": {"uv": [1, 8, 1.5, 9], "texture": "#0", "cullface": "east"},
				"up": {"uv": [1, 8, 3, 8.5], "rotation": 270, "texture": "#0", "cullface": "east"},
				"down": {"uv": [3, 8, 1, 8.5], "rotation": 270, "texture": "#0", "cullface": "east"}
			}
		},
		{
			"from": [16, 13, 2],
			"to": [16.5, 14, 4],
			"rotation": {"angle": 0, "axis": "y", "origin": [8, 0, 8]},
			"faces": {
				"north": {"uv": [13, 2, 13.5, 3], "texture": "#0", "cullface": "east"},
				"east": {"uv": [12, 2, 14, 3], "texture": "#0", "cullface": "east"},
				"south": {"uv": [12, 2, 12.5, 3], "texture": "#0", "cullface": "east"},
				"up": {"uv": [12, 2, 14, 2.5], "rotation": 270, "texture": "#0", "cullface": "east"},
				"down": {"uv": [14, 2, 12, 2.5], "rotation": 270, "texture": "#0", "cullface": "east"}
			}
		},
		{
			"from": [16, 12, 7],
			"to": [16.5, 13, 9],
			"rotation": {"angle": 0, "axis": "y", "origin": [8, 0, 8]},
			"faces": {
				"north": {"uv": [8, 3, 8.5, 4], "texture": "#0", "cullface": "east"},
				"east": {"uv": [7, 3, 9, 4], "texture": "#0", "cullface": "east"},
				"south": {"uv": [7, 3, 7.5, 4], "texture": "#0", "cullface": "east"},
				"up": {"uv": [7, 3, 9, 3.5], "rotation": 270, "texture": "#0", "cullface": "east"},
				"down": {"uv": [9, 3, 7, 3.5], "rotation": 270, "texture": "#0", "cullface": "east"}
			}
		},
		{
			"from": [16, 9, 4],
			"to": [16.5, 11, 6],
			"rotation": {"angle": 0, "axis": "y", "origin": [8, 0, 8]},
			"faces": {
				"north": {"uv": [11, 5, 11.5, 7], "texture": "#0", "cullface": "east"},
				"east": {"uv": [10, 5, 12, 7], "texture": "#0", "cullface": "east"},
				"south": {"uv": [10, 5, 10.5, 7], "texture": "#0", "cullface": "east"},
				"up": {"uv": [10, 5, 12, 5.5], "rotation": 270, "texture": "#0", "cullface": "east"},
				"down": {"uv": [12, 6, 10, 6.5], "rotation": 270, "texture": "#0", "cullface": "east"}
			}
		},
		{
			"from": [16, 2, 5],
			"to": [16.5, 3, 7],
			"rotation": {"angle": 0, "axis": "y", "origin": [8, 0, 8]},
			"faces": {
				"north": {"uv": [10, 13, 10.5, 14], "texture": "#0", "cullface": "east"},
				"east": {"uv": [9, 13, 11, 14], "texture": "#0", "cullface": "east"},
				"south": {"uv": [9, 13, 9.5, 14], "texture": "#0", "cullface": "east"},
				"down": {"uv": [11, 13, 9, 13.5], "rotation": 270, "texture": "#0", "cullface": "east"}
			}
		},
		{
			"from": [16, 9, 8],
			"to": [16.5, 10, 13],
			"rotation": {"angle": 0, "axis": "y", "origin": [8, 0, 8]},
			"faces": {
				"north": {"uv": [7, 6, 7.5, 7], "texture": "#0", "cullface": "east"},
				"east": {"uv": [3, 6, 8, 7], "texture": "#0", "cullface": "east"},
				"south": {"uv": [3, 6, 3.5, 7], "texture": "#0", "cullface": "east"},
				"up": {"uv": [3, 6, 8, 6.5], "rotation": 270, "texture": "#0", "cullface": "east"},
				"down": {"uv": [8, 6, 3, 6.5], "rotation": 270, "texture": "#0", "cullface": "east"}
			}
		},
		{
			"from": [16, 3, 2],
			"to": [16.5, 4, 8],
			"rotation": {"angle": 0, "axis": "y", "origin": [8, 0, 8]},
			"faces": {
				"north": {"uv": [13, 12, 13.5, 13], "texture": "#0", "cullface": "east"},
				"east": {"uv": [8, 12, 14, 13], "texture": "#0", "cullface": "east"},
				"south": {"uv": [8, 12, 8.5, 13], "texture": "#0", "cullface": "east"},
				"up": {"uv": [8, 12, 14, 12.5], "rotation": 270, "texture": "#0", "cullface": "east"},
				"down": {"uv": [14, 12, 8, 12.5], "rotation": 270, "texture": "#0", "cullface": "east"}
			}
		},
		{
			"from": [16, 6, 5],
			"to": [16.5, 7, 9],
			"rotation": {"angle": 0, "axis": "y", "origin": [8, 0, 8]},
			"faces": {
				"north": {"uv": [10, 9, 10.5, 10], "texture": "#0", "cullface": "east"},
				"east": {"uv": [7, 9, 11, 10], "texture": "#0", "cullface": "east"},
				"south": {"uv": [7, 9, 7.5, 10], "texture": "#0", "cullface": "east"},
				"up": {"uv": [7, 9, 11, 9.5], "rotation": 270, "texture": "#0", "cullface": "east"},
				"down": {"uv": [11, 9, 7, 9.5], "rotation": 270, "texture": "#0", "cullface": "east"}
			}
		}
	],
	"display": {
		"thirdperson_righthand": {
			"rotation": [75, 45, 0],
			"translation": [0, 2.5, 0],
			"scale": [0.375, 0.375, 0.375]
		},
		"thirdperson_lefthand": {
			"rotation": [75, 45, 0],
			"translation": [0, 2.5, 0],
			"scale": [0.375, 0.375, 0.375]
		},
		"firstperson_righthand": {
			"rotation": [0, 45, 0],
			"scale": [0.4, 0.4, 0.4]
		},
		"firstperson_lefthand": {
			"rotation": [0, 225, 0],
			"scale": [0.4, 0.4, 0.4]
		},
		"ground": {
			"translation": [0, 3, 0],
			"scale": [0.25, 0.25, 0.25]
		},
		"gui": {
			"rotation": [30, 225, 0],
			"scale": [0.625, 0.625, 0.625]
		},
		"fixed": {
			"scale": [0.5, 0.5, 0.5]
		}
	},
	"groups": [
		0,
		{
			"name": "group",
			"origin": [8, 0, 8],
			"color": 0,
			"children": [1, 2, 3, 4, 5, 6, 7, 8, 9, 10, 11, 12]
		},
		{
			"name": "group",
			"origin": [8, 0, 8],
			"color": 0,
			"children": [13, 14, 15, 16, 17, 18, 19, 20, 21, 22, 23, 24]
		},
		{
			"name": "group",
			"origin": [8, 8, 8],
			"color": 0,
			"children": [25, 26, 27, 28, 29, 30, 31, 32, 33, 34, 35, 36]
		},
		{
			"name": "group",
			"origin": [8, 0, 8],
			"color": 0,
			"children": [37, 38, 39, 40, 41, 42, 43, 44, 45, 46, 47, 48]
		},
		{
			"name": "group",
			"origin": [8, 0, 8],
			"color": 0,
			"children": [49, 50, 51, 52, 53, 54, 55, 56, 57, 58, 59, 60]
		},
		{
			"name": "group",
			"origin": [8, 0, 8],
			"color": 0,
			"children": [61, 62, 63, 64, 65, 66, 67, 68, 69, 70, 71, 72]
		}
	]
}