{
	"credit": "Made with Blockbench by Valdr687",
	"parent": "minecraft:block/orientable",
	"textures": {
		"top": "block/furnace_top",
		"front": "block/dispenser_front",
		"side": "block/furnace_side"
	},
	"elements": [
		{
			"from": [0, 0, 1],
			"to": [16, 16, 16],
			"faces": {
				"north": {"uv": [0, 0, 16, 16], "texture": "#front"},
				"east": {"uv": [0, 0, 15, 16], "texture": "#side"},
				"south": {"uv": [0, 0, 16, 16], "texture": "#side"},
				"west": {"uv": [1, 0, 16, 16], "texture": "#side"},
				"up": {"uv": [0, 1, 16, 16], "texture": "#top"},
				"down": {"uv": [0, 0, 16, 15], "texture": "#top"}
			}
		},
		{
			"from": [0, 0, 0],
			"to": [16, 4, 1],
			"faces": {
				"north": {"uv": [0, 12, 16, 16], "texture": "#front"},
				"east": {"uv": [15, 12, 16, 16], "texture": "#front"},
				"west": {"uv": [0, 12, 1, 16], "texture": "#front"},
				"up": {"uv": [16, 12, 0, 13], "texture": "#front"},
				"down": {"uv": [16, 15, 0, 16], "texture": "#front"}
			}
		},
		{
			"from": [0, 4, 0],
			"to": [5, 11, 1],
			"faces": {
				"north": {"uv": [11, 7, 16, 14], "texture": "#front"},
				"east": {"uv": [11, 7, 12, 14], "texture": "#front"},
				"west": {"uv": [15, 7, 16, 14], "texture": "#front"}
			}
		},
		{
			"from": [11, 4, 0],
			"to": [16, 11, 1],
			"faces": {
				"north": {"uv": [0, 7, 5, 14], "texture": "#front"},
				"east": {"uv": [0, 7, 1, 14], "texture": "#front"},
				"west": {"uv": [4, 7, 5, 14], "texture": "#front"}
			}
		},
		{
			"from": [6, 8, 0],
			"to": [10, 11, 1],
			"faces": {
				"north": {"uv": [6, 5, 10, 8], "texture": "#front"},
				"east": {"uv": [6, 5, 7, 8], "texture": "#front"},
				"west": {"uv": [9, 5, 10, 8], "texture": "#front"},
				"down": {"uv": [10, 7, 6, 8], "texture": "#front"}
			}
		},
		{
			"from": [5, 8, 0],
			"to": [6, 9, 1],
			"faces": {
				"north": {"uv": [10, 7, 11, 8], "texture": "#front"},
				"up": {"uv": [11, 7, 10, 8], "texture": "#front"}
			}
		},
		{
			"from": [10, 8, 0],
			"to": [11, 9, 1],
			"faces": {
				"north": {"uv": [5, 7, 6, 8], "texture": "#front"},
				"up": {"uv": [6, 7, 5, 8], "texture": "#front"}
			}
		},
		{
			"from": [5, 4, 0],
			"to": [6, 8, 1],
			"faces": {
				"north": {"uv": [10, 8, 11, 12], "texture": "#front"},
				"east": {"uv": [10, 8, 11, 12], "texture": "#front"}
			}
		},
		{
			"from": [10, 4, 0],
			"to": [11, 8, 1],
			"faces": {
				"north": {"uv": [5, 8, 6, 12], "texture": "#front"},
				"west": {"uv": [5, 8, 6, 12], "texture": "#front"}
			}
		},
		{
			"from": [5, 9, 0.5],
			"to": [6, 11, 1],
			"faces": {
				"north": {"uv": [10, 5, 11, 7], "texture": "#front"}
			}
		},
		{
			"from": [10, 9, 0.5],
			"to": [11, 11, 1],
			"faces": {
				"north": {"uv": [5, 5, 6, 7], "texture": "#front"}
			}
		},
		{
			"from": [0, 11, 0],
			"to": [16, 16, 1],
			"faces": {
				"north": {"uv": [0, 0, 16, 5], "texture": "#front"},
				"east": {"uv": [15, 0, 16, 5], "texture": "#front"},
				"west": {"uv": [0, 0, 1, 5], "texture": "#front"},
				"up": {"uv": [16, 0, 0, 1], "texture": "#front"},
				"down": {"uv": [16, 4, 0, 5], "texture": "#front"}
			}
		},
		{
			"from": [6, 4, 0],
			"to": [7, 5, 1],
			"faces": {
				"north": {"uv": [9, 11, 10, 12], "texture": "#front"},
				"east": {"uv": [9, 11, 10, 12], "texture": "#front"},
				"up": {"uv": [9, 11, 10, 12], "texture": "#front"}
			}
		},
		{
			"from": [9, 4, 0],
			"to": [10, 5, 1],
			"faces": {
				"north": {"uv": [6, 11, 7, 12], "texture": "#front"},
				"west": {"uv": [6, 11, 7, 12], "texture": "#front"},
				"up": {"uv": [6, 11, 7, 12], "texture": "#front"}
			}
		},
		{
			"from": [9, 7, 0],
			"to": [10, 8, 1],
			"faces": {
				"north": {"uv": [6, 8, 7, 9], "texture": "#front"},
				"west": {"uv": [6, 8, 7, 9], "texture": "#front"},
				"down": {"uv": [6, 8, 7, 9], "texture": "#front"}
			}
		},
		{
			"from": [6, 7, 0],
			"to": [7, 8, 1],
			"faces": {
				"north": {"uv": [9, 8, 10, 9], "texture": "#front"},
				"east": {"uv": [9, 8, 10, 9], "texture": "#front"},
				"down": {"uv": [9, 8, 10, 9], "texture": "#front"}
			}
		}
	]
}