{
	"credit": "Made with Blockbench by Valdr687",
	"parent": "minecraft:block/orientable_vertical",
	"textures": {
		"front": "block/dispenser_front_vertical",
		"side": "block/furnace_top"
	},
	"elements": [
		{
			"from": [0, 0, 0],
			"to": [16, 15, 16],
			"rotation": {"angle": 0, "axis": "x", "origin": [8, 8, 8]},
			"faces": {
				"north": {"uv": [0, 0, 16, 15], "rotation": 180, "texture": "#side"},
				"east": {"uv": [0, 0, 15, 16], "rotation": 270, "texture": "#side"},
				"south": {"uv": [0, 1, 16, 16], "texture": "#side"},
				"west": {"uv": [1, 0, 16, 16], "rotation": 90, "texture": "#side"},
				"up": {"uv": [0, 0, 16, 16], "rotation": 180, "texture": "#front"},
				"down": {"uv": [0, 0, 16, 16], "texture": "#side"}
			}
		},
		{
			"from": [0, 15, 0],
			"to": [16, 16, 5],
			"rotation": {"angle": 0, "axis": "x", "origin": [8, 8, 8]},
			"faces": {
				"north": {"uv": [16, 0, 0, 1], "rotation": 180, "texture": "#side"},
				"east": {"uv": [12, 0, 16, 1], "texture": "#side"},
				"west": {"uv": [0, 0, 4, 1], "texture": "#side"},
				"up": {"uv": [0, 11, 16, 16], "rotation": 180, "texture": "#front"}
			}
		},
		{
			"from": [0, 15, 5],
			"to": [5, 16, 11],
			"rotation": {"angle": 0, "axis": "x", "origin": [8, 8, 8]},
			"faces": {
				"west": {"uv": [4, 0, 10, 1], "texture": "#side"},
				"up": {"uv": [11, 7, 16, 13], "rotation": 180, "texture": "#front"}
			}
		},
		{
			"from": [11, 15, 5],
			"to": [16, 16, 11],
			"rotation": {"angle": 0, "axis": "x", "origin": [8, 8, 8]},
			"faces": {
				"east": {"uv": [4, 0, 10, 1], "texture": "#side"},
				"up": {"uv": [0, 7, 5, 13], "rotation": 180, "texture": "#front"}
			}
		},
		{
			"from": [0, 15, 11],
			"to": [16, 16, 16],
			"rotation": {"angle": 0, "axis": "x", "origin": [8, 8, 8]},
			"faces": {
				"east": {"uv": [11, 0, 16, 1], "texture": "#side"},
				"south": {"uv": [16, 0, 0, 1], "texture": "#front"},
				"west": {"uv": [11, 0, 16, 1], "texture": "#side"},
				"up": {"uv": [0, 0, 16, 5], "rotation": 180, "texture": "#front"}
			}
		},
		{
			"from": [5, 15, 5],
			"to": [11, 16, 6],
			"faces": {
				"south": {"uv": [11, 10, 5, 11], "texture": "#front"},
				"up": {"uv": [11, 10, 5, 11], "texture": "#front"}
			}
		},
		{
			"from": [5, 15, 10],
			"to": [11, 16, 11],
			"faces": {
				"north": {"uv": [5, 5, 11, 6], "texture": "#front"},
				"up": {"uv": [11, 5, 5, 6], "texture": "#front"}
			}
		},
		{
			"from": [5, 15, 6],
			"to": [6, 16, 10],
			"faces": {
				"east": {"uv": [5, 6, 6, 10], "rotation": 90, "texture": "#front"},
				"up": {"uv": [5, 6, 6, 10], "texture": "#front"}
			}
		},
		{
			"from": [10, 15, 6],
			"to": [11, 16, 10],
			"faces": {
				"west": {"uv": [10, 6, 11, 10], "rotation": 90, "texture": "#front"},
				"up": {"uv": [10, 6, 11, 10], "texture": "#front"}
			}
		},
		{
			"from": [6, 15, 6],
			"to": [7, 16, 7],
			"faces": {
				"east": {"uv": [6, 6, 7, 7], "texture": "#front"},
				"south": {"uv": [6, 6, 7, 7], "texture": "#front"},
				"up": {"uv": [6, 6, 7, 7], "texture": "#front"}
			}
		},
		{
			"from": [9, 15, 6],
			"to": [10, 16, 7],
			"faces": {
				"south": {"uv": [6, 6, 7, 7], "texture": "#front"},
				"west": {"uv": [6, 6, 7, 7], "texture": "#front"},
				"up": {"uv": [6, 6, 7, 7], "texture": "#front"}
			}
		},
		{
			"from": [9, 15, 9],
			"to": [10, 16, 10],
			"faces": {
				"north": {"uv": [6, 6, 7, 7], "texture": "#front"},
				"west": {"uv": [6, 6, 7, 7], "texture": "#front"},
				"up": {"uv": [6, 6, 7, 7], "texture": "#front"}
			}
		},
		{
			"from": [6, 15, 9],
			"to": [7, 16, 10],
			"faces": {
				"north": {"uv": [6, 6, 7, 7], "texture": "#front"},
				"east": {"uv": [6, 6, 7, 7], "texture": "#front"},
				"up": {"uv": [6, 6, 7, 7], "texture": "#front"}
			}
		}
	]
}