{
	"credit": "Made with Blockbench by Valdr687",
	"parent": "minecraft:block/orientable_vertical",
	"textures": {
		"front": "block/dropper_front_vertical",
		"side": "block/furnace_top"
	},
	"elements": [
		{
			"from": [0, 0, 0],
			"to": [16, 15, 16],
			"faces": {
				"north": {"uv": [0, 1, 16, 16], "texture": "#side"},
				"east": {"uv": [0, 1, 16, 16], "texture": "#side"},
				"south": {"uv": [0, 1, 16, 16], "texture": "#side"},
				"west": {"uv": [0, 1, 16, 16], "texture": "#side"},
				"up": {"uv": [0, 0, 16, 16], "texture": "#front"},
				"down": {"uv": [0, 0, 16, 16], "texture": "#side"}
			}
		},
		{
			"from": [0, 15, 0],
			"to": [6, 16, 16],
			"faces": {
				"north": {"uv": [0, 15, 6, 16], "texture": "#front"},
				"east": {"uv": [5, 0, 6, 16], "rotation": 90, "texture": "#front"},
				"south": {"uv": [0, 0, 6, 1], "texture": "#front"},
				"west": {"uv": [0, 0, 16, 1], "texture": "#side"},
				"up": {"uv": [0, 0, 6, 16], "texture": "#front"}
			}
		},
		{
			"from": [10, 15, 0],
			"to": [16, 16, 16],
			"faces": {
				"north": {"uv": [10, 15, 16, 16], "texture": "#front"},
				"east": {"uv": [15, 0, 16, 16], "rotation": 90, "texture": "#front"},
				"south": {"uv": [10, 0, 16, 1], "texture": "#front"},
				"west": {"uv": [10, 16, 11, 0], "rotation": 90, "texture": "#front"},
				"up": {"uv": [10, 0, 16, 16], "texture": "#front"}
			}
		},
		{
			"from": [6, 15, 0],
			"to": [10, 16, 7],
			"faces": {
				"north": {"uv": [6, 0, 10, 1], "texture": "#side"},
				"south": {"uv": [6, 6, 10, 7], "texture": "#front"},
				"up": {"uv": [6, 0, 10, 7], "texture": "#front"}
			}
		},
		{
			"from": [6, 15, 9],
			"to": [10, 16, 16],
			"faces": {
				"north": {"uv": [6, 9, 10, 10], "texture": "#front"},
				"south": {"uv": [6, 15, 10, 16], "texture": "#front"},
				"up": {"uv": [6, 9, 10, 16], "texture": "#front"}
			}
		}
	]
}