{
	"credit": "Made with Blockbench by Valdr687",
	"ambientocclusion": false,
	"textures": {
		"0": "block/enchanting_table_side",
		"1": "block/enchanting_table_bottom",
		"2": "block/enchanting_table_top",
		"particle": "block/enchanting_table_side"
	},
	"elements": [
		{
			"from": [0, 0, 0],
			"to": [16, 12, 16],
			"faces": {
				"north": {"uv": [0, 4, 16, 16], "texture": "#0"},
				"east": {"uv": [0, 4, 16, 16], "texture": "#0"},
				"south": {"uv": [0, 4, 16, 16], "texture": "#0"},
				"west": {"uv": [0, 4, 16, 16], "texture": "#0"},
				"up": {"uv": [0, 0, 16, 16], "texture": "#2"},
				"down": {"uv": [0, 0, 16, 16], "texture": "#1"}
			}
		},
		{
			"from": [13, 9, 13],
			"to": [16.5, 12.5, 16.5],
			"rotation": {"angle": 0, "axis": "y", "origin": [14.875, 10.625, 15.125]},
			"faces": {
				"north": {"uv": [1, 6, 1.75, 6.75], "texture": "#0"},
				"east": {"uv": [0, 4, 3, 7], "texture": "#0"},
				"south": {"uv": [13, 4, 16, 7], "texture": "#0"},
				"west": {"uv": [1, 6, 1.75, 6.75], "texture": "#0"},
				"up": {"uv": [0, 4, 3, 7], "rotation": 180, "texture": "#0"},
				"down": {"uv": [1, 6, 1.75, 6.75], "rotation": 180, "texture": "#0"}
			}
		},
		{
			"from": [-0.5, 9, -0.5],
			"to": [3, 12.5, 3],
			"faces": {
				"north": {"uv": [13, 4, 16, 7], "texture": "#0"},
				"east": {"uv": [1, 6, 1.75, 6.75], "texture": "#0"},
				"south": {"uv": [1, 6, 1.75, 6.75], "texture": "#0"},
				"west": {"uv": [0, 4, 3, 7], "texture": "#0"},
				"up": {"uv": [0, 4, 3, 7], "texture": "#0"},
				"down": {"uv": [1, 6, 1.75, 6.75], "texture": "#0"}
			}
		},
		{
			"from": [-0.5, 9, 13],
			"to": [3, 12.5, 16.5],
			"rotation": {"angle": 0, "axis": "y", "origin": [1.375, 10.625, 1.375]},
			"faces": {
				"north": {"uv": [1, 6, 1.75, 6.75], "texture": "#0"},
				"east": {"uv": [1, 6, 1.75, 6.75], "texture": "#0"},
				"south": {"uv": [0, 4, 3, 7], "texture": "#0"},
				"west": {"uv": [13, 4, 16, 7], "texture": "#0"},
				"up": {"uv": [0, 4, 3, 7], "rotation": 270, "texture": "#0"},
				"down": {"uv": [1, 6, 1.75, 6.75], "rotation": 90, "texture": "#0"}
			}
		},
		{
			"from": [13, 9, -0.5],
			"to": [16.5, 12.5, 3],
			"rotation": {"angle": 0, "axis": "y", "origin": [14.875, 10.625, 14.625]},
			"faces": {
				"north": {"uv": [0, 4, 3, 7], "texture": "#0"},
				"east": {"uv": [13, 4, 16, 7], "texture": "#0"},
				"south": {"uv": [1, 6, 1.75, 6.75], "texture": "#0"},
				"west": {"uv": [1, 6, 1.75, 6.75], "texture": "#0"},
				"up": {"uv": [0, 4, 3, 7], "rotation": 90, "texture": "#0"},
				"down": {"uv": [1, 6, 1.75, 6.75], "rotation": 270, "texture": "#0"}
			}
		},
		{
			"from": [12, 12, 12],
			"to": [13, 12.25, 13],
			"faces": {
				"east": {"uv": [3, 12, 4, 13], "texture": "#2"},
				"south": {"uv": [3, 12, 4, 13], "texture": "#2"},
				"up": {"uv": [3, 12, 4, 13], "texture": "#2"}
			}
		},
		{
			"from": [-0.25, 12, 4],
			"to": [16.25, 12.25, 12],
			"faces": {
				"north": {"uv": [0, 4, 16, 4.25], "texture": "#2"},
				"east": {"uv": [4, 0, 12, 0.25], "texture": "#2"},
				"south": {"uv": [0, 4, 16, 4.25], "texture": "#2"},
				"west": {"uv": [4, 0, 12, 0.25], "texture": "#2"},
				"up": {"uv": [0, 4, 16, 12], "texture": "#2"}
			}
		},
		{
			"from": [4, 12, 12],
			"to": [12, 12.25, 16.25],
			"faces": {
				"east": {"uv": [4, 0, 8, 0.25], "texture": "#2"},
				"south": {"uv": [4, 0, 12, 0.25], "texture": "#2"},
				"west": {"uv": [4, 0, 8, 0.25], "texture": "#2"},
				"up": {"uv": [4, 12, 12, 16], "texture": "#2"}
			}
		},
		{
			"from": [4, 12, -0.25],
			"to": [12, 12.25, 4],
			"faces": {
				"north": {"uv": [4, 0, 12, 0.25], "texture": "#2"},
				"east": {"uv": [5, 0, 9, 0.25], "texture": "#2"},
				"west": {"uv": [5, 0, 9, 0.25], "texture": "#2"},
				"up": {"uv": [4, 0, 12, 4], "texture": "#2"}
			}
		},
		{
			"from": [12, 12, 3],
			"to": [13, 12.25, 4],
			"faces": {
				"north": {"uv": [4, 1, 5, 1.25], "texture": "#2"},
				"east": {"uv": [4, 1, 5, 1.25], "texture": "#2"},
				"up": {"uv": [12, 12, 13, 13], "texture": "#2"}
			}
		},
		{
			"from": [3, 12, 3],
			"to": [4, 12.25, 4],
			"faces": {
				"north": {"uv": [12, 3, 13, 4], "texture": "#2"},
				"west": {"uv": [12, 3, 13, 4], "texture": "#2"},
				"up": {"uv": [12, 3, 13, 4], "texture": "#2"}
			}
		},
		{
			"from": [3, 12, 12],
			"to": [4, 12.25, 13],
			"faces": {
				"south": {"uv": [3, 3, 4, 4], "texture": "#2"},
				"west": {"uv": [3, 3, 4, 4], "texture": "#2"},
				"up": {"uv": [3, 3, 4, 4], "texture": "#2"}
			}
		},
		{
			"from": [7, 7, -0.25],
			"to": [9, 8, 0],
			"faces": {
				"north": {"uv": [7, 8, 9, 9], "texture": "#0"},
				"east": {"uv": [7, 8, 9, 9], "texture": "#0"},
				"west": {"uv": [7, 8, 9, 9], "texture": "#0"},
				"down": {"uv": [7, 8, 9, 9], "texture": "#0"}
			}
		},
		{
			"from": [4, 10, -0.25],
			"to": [12, 12, 0],
			"faces": {
				"north": {"uv": [4, 4, 12, 6], "texture": "#0"},
				"east": {"uv": [4, 4, 4.25, 5.75], "texture": "#0"},
				"west": {"uv": [0, 6, 0.25, 8.25], "texture": "#2"},
				"down": {"uv": [4, 5, 12, 5.25], "texture": "#0"}
			}
		},
		{
			"from": [5, 9, -0.25],
			"to": [11, 10, 0],
			"faces": {
				"north": {"uv": [5, 6, 11, 7], "texture": "#0"},
				"east": {"uv": [6, 6, 5.25, 7], "texture": "#0"},
				"west": {"uv": [10, 6, 10.25, 7], "texture": "#0"},
				"down": {"uv": [5, 6, 11, 6.25], "texture": "#0"}
			}
		},
		{
			"from": [6, 8, -0.25],
			"to": [10, 9, 0],
			"faces": {
				"north": {"uv": [6, 7, 10, 8], "texture": "#0"},
				"east": {"uv": [6, 7, 7, 8], "texture": "#0"},
				"west": {"uv": [9, 7, 10, 8], "texture": "#0"},
				"down": {"uv": [6, 7, 10, 8], "texture": "#0"}
			}
		},
		{
			"from": [7, 7, 16],
			"to": [9, 8, 16.25],
			"rotation": {"angle": 0, "axis": "y", "origin": [8, 9.125, 16.125]},
			"faces": {
				"east": {"uv": [7, 8, 9, 9], "texture": "#0"},
				"south": {"uv": [7, 8, 9, 9], "texture": "#0"},
				"west": {"uv": [7, 8, 9, 9], "texture": "#0"},
				"down": {"uv": [7, 8, 9, 9], "rotation": 180, "texture": "#0"}
			}
		},
		{
			"from": [4, 10, 16],
			"to": [12, 12, 16.25],
			"rotation": {"angle": 0, "axis": "y", "origin": [8, 9.125, 16.125]},
			"faces": {
				"east": {"uv": [0, 6, 0.25, 8.25], "texture": "#2"},
				"south": {"uv": [4, 4, 12, 6], "texture": "#0"},
				"west": {"uv": [4, 4, 4.25, 5.75], "texture": "#0"},
				"down": {"uv": [4, 5, 12, 5.25], "rotation": 180, "texture": "#0"}
			}
		},
		{
			"from": [5, 9, 16],
			"to": [11, 10, 16.25],
			"rotation": {"angle": 0, "axis": "y", "origin": [8, 9.125, 16.125]},
			"faces": {
				"east": {"uv": [10, 6, 10.25, 7], "texture": "#0"},
				"south": {"uv": [5, 6, 11, 7], "texture": "#0"},
				"west": {"uv": [6, 6, 5.25, 7], "texture": "#0"},
				"down": {"uv": [5, 6, 11, 6.25], "rotation": 180, "texture": "#0"}
			}
		},
		{
			"from": [6, 8, 16],
			"to": [10, 9, 16.25],
			"rotation": {"angle": 0, "axis": "y", "origin": [8, 9.125, 16.125]},
			"faces": {
				"east": {"uv": [9, 7, 10, 8], "texture": "#0"},
				"south": {"uv": [6, 7, 10, 8], "texture": "#0"},
				"west": {"uv": [6, 7, 7, 8], "texture": "#0"},
				"down": {"uv": [6, 7, 10, 8], "rotation": 180, "texture": "#0"}
			}
		},
		{
			"from": [-0.25, 7, 7],
			"to": [0, 8, 9],
			"rotation": {"angle": 0, "axis": "y", "origin": [-6, 9.125, -0.125]},
			"faces": {
				"north": {"uv": [7, 8, 9, 9], "texture": "#0"},
				"south": {"uv": [7, 8, 9, 9], "texture": "#0"},
				"west": {"uv": [7, 8, 9, 9], "texture": "#0"},
				"down": {"uv": [7, 8, 9, 9], "rotation": 90, "texture": "#0"}
			}
		},
		{
			"from": [-0.25, 10, 4],
			"to": [0, 12, 12],
			"rotation": {"angle": 0, "axis": "y", "origin": [-6, 9.125, -0.125]},
			"faces": {
				"north": {"uv": [4, 4, 4.25, 5.75], "texture": "#0"},
				"south": {"uv": [0, 6, 0.25, 8.25], "texture": "#2"},
				"west": {"uv": [4, 4, 12, 6], "texture": "#0"},
				"down": {"uv": [4, 5, 12, 5.25], "rotation": 90, "texture": "#0"}
			}
		},
		{
			"from": [-0.25, 9, 5],
			"to": [0, 10, 11],
			"rotation": {"angle": 0, "axis": "y", "origin": [-6, 9.125, -0.125]},
			"faces": {
				"north": {"uv": [6, 6, 5.25, 7], "texture": "#0"},
				"south": {"uv": [10, 6, 10.25, 7], "texture": "#0"},
				"west": {"uv": [5, 6, 11, 7], "texture": "#0"},
				"down": {"uv": [5, 6, 11, 6.25], "rotation": 90, "texture": "#0"}
			}
		},
		{
			"from": [-0.25, 8, 6],
			"to": [0, 9, 10],
			"rotation": {"angle": 0, "axis": "y", "origin": [-6, 9.125, -0.125]},
			"faces": {
				"north": {"uv": [6, 7, 7, 8], "texture": "#0"},
				"south": {"uv": [9, 7, 10, 8], "texture": "#0"},
				"west": {"uv": [6, 7, 10, 8], "texture": "#0"},
				"down": {"uv": [6, 7, 10, 8], "rotation": 90, "texture": "#0"}
			}
		},
		{
			"from": [16, 7, 7],
			"to": [16.25, 8, 9],
			"rotation": {"angle": 0, "axis": "y", "origin": [16.125, 9.125, 8]},
			"faces": {
				"north": {"uv": [7, 8, 9, 9], "texture": "#0"},
				"east": {"uv": [7, 8, 9, 9], "texture": "#0"},
				"south": {"uv": [7, 8, 9, 9], "texture": "#0"},
				"down": {"uv": [7, 8, 9, 9], "rotation": 270, "texture": "#0"}
			}
		},
		{
			"from": [16, 10, 4],
			"to": [16.25, 12, 12],
			"rotation": {"angle": 0, "axis": "y", "origin": [16.125, 9.125, 8]},
			"faces": {
				"north": {"uv": [0, 6, 0.25, 8.25], "texture": "#2"},
				"east": {"uv": [4, 4, 12, 6], "texture": "#0"},
				"south": {"uv": [4, 4, 4.25, 5.75], "texture": "#0"},
				"down": {"uv": [4, 5, 12, 5.25], "rotation": 270, "texture": "#0"}
			}
		},
		{
			"from": [16, 9, 5],
			"to": [16.25, 10, 11],
			"rotation": {"angle": 0, "axis": "y", "origin": [16.125, 9.125, 8]},
			"faces": {
				"north": {"uv": [10, 6, 10.25, 7], "texture": "#0"},
				"east": {"uv": [5, 6, 11, 7], "texture": "#0"},
				"south": {"uv": [6, 6, 5.25, 7], "texture": "#0"},
				"down": {"uv": [5, 6, 11, 6.25], "rotation": 270, "texture": "#0"}
			}
		},
		{
			"from": [16, 8, 6],
			"to": [16.25, 9, 10],
			"rotation": {"angle": 0, "axis": "y", "origin": [16.125, 9.125, 8]},
			"faces": {
				"north": {"uv": [9, 7, 10, 8], "texture": "#0"},
				"east": {"uv": [6, 7, 10, 8], "texture": "#0"},
				"south": {"uv": [6, 7, 7, 8], "texture": "#0"},
				"down": {"uv": [6, 7, 10, 8], "rotation": 270, "texture": "#0"}
			}
		}
	],
	"display": {
		"thirdperson_righthand": {
			"scale": [0.3, 0.3, 0.3]
		},
		"thirdperson_lefthand": {
			"scale": [0.3, 0.3, 0.3]
		},
		"firstperson_righthand": {
			"scale": [0.3, 0.3, 0.3]
		},
		"firstperson_lefthand": {
			"scale": [0.3, 0.3, 0.3]
		},
		"ground": {
			"scale": [0.3, 0.3, 0.3]
		},
		"gui": {
			"rotation": [30, 45, 0],
			"scale": [0.63, 0.63, 0.63]
		},
		"head": {
			"translation": [0, 2.5, 0]
		},
		"fixed": {
			"scale": [0.64, 0.64, 0.64]
		}
	},
	"groups": [
		0,
		{
			"name": "group",
			"origin": [14.875, 10.625, 14.625],
			"color": 0,
			"children": [1, 2, 3, 4]
		},
		{
			"name": "group",
			"origin": [8, 8, 8],
			"color": 0,
			"children": [
				{
					"name": "group",
					"origin": [0, 0, 0],
					"color": 0,
					"children": [5, 6, 7, 8, 9, 10, 11]
				},
				{
					"name": "group",
					"origin": [0, 0, 0],
					"color": 0,
					"children": [12, 13, 14, 15]
				},
				{
					"name": "group",
					"origin": [0, 0, 0],
					"color": 0,
					"children": [16, 17, 18, 19]
				},
				{
					"name": "group",
					"origin": [0, 0, 0],
					"color": 0,
					"children": [20, 21, 22, 23]
				},
				{
					"name": "group",
					"origin": [0, 0, 0],
					"color": 0,
					"children": [24, 25, 26, 27]
				}
			]
		}
	]
}