{
	"credit": "Made with Blockbench by Valdr687",
	"parent": "block/block",
	"textures": {
		"bottom": "block/end_stone",
		"top": "block/end_portal_frame_top",
		"particle": "block/end_portal_frame_side",
		"side": "block/end_portal_frame_side"
	},
	"elements": [
		{
			"name": "base",
			"from": [1, 1, 1],
			"to": [15, 12, 15],
			"faces": {
				"north": {"uv": [1, 4, 15, 15], "texture": "#side", "cullface": "north"},
				"east": {"uv": [1, 4, 15, 15], "texture": "#side", "cullface": "east"},
				"south": {"uv": [1, 4, 15, 15], "texture": "#side", "cullface": "south"},
				"west": {"uv": [1, 4, 15, 15], "texture": "#side", "cullface": "west"},
				"up": {"uv": [1, 1, 15, 15], "texture": "#top"},
				"down": {"uv": [0, 0, 16, 16], "texture": "#bottom", "cullface": "down"}
			}
		},
		{
			"from": [0, 12, 0],
			"to": [16, 13, 1],
			"faces": {
				"north": {"uv": [0, 0, 16, 1], "texture": "#top"},
				"east": {"uv": [15, 0, 16, 1], "texture": "#top"},
				"south": {"uv": [0, 0, 16, 1], "texture": "#top"},
				"west": {"uv": [0, 0, 1, 1], "texture": "#top"},
				"up": {"uv": [0, 0, 16, 1], "texture": "#top"},
				"down": {"uv": [0, 0, 16, 1], "texture": "#top"}
			}
		},
		{
			"from": [0, 12, 15],
			"to": [16, 13, 16],
			"faces": {
				"north": {"uv": [0, 15, 16, 16], "texture": "#top"},
				"east": {"uv": [15, 15, 16, 16], "texture": "#top"},
				"south": {"uv": [0, 15, 16, 16], "texture": "#top"},
				"west": {"uv": [0, 15, 1, 16], "texture": "#top"},
				"up": {"uv": [0, 15, 16, 16], "texture": "#top"},
				"down": {"uv": [0, 15, 16, 16], "texture": "#top"}
			}
		},
		{
			"from": [0, 12, 1],
			"to": [1, 13, 15],
			"faces": {
				"east": {"uv": [0, 1, 1, 15], "rotation": 90, "texture": "#top"},
				"west": {"uv": [0, 1, 1, 15], "rotation": 90, "texture": "#top"},
				"up": {"uv": [0, 1, 1, 15], "texture": "#top"},
				"down": {"uv": [0, 1, 1, 15], "texture": "#top"}
			}
		},
		{
			"from": [15, 12, 1],
			"to": [16, 13, 15],
			"faces": {
				"east": {"uv": [15, 1, 16, 15], "rotation": 90, "texture": "#top"},
				"west": {"uv": [15, 1, 16, 15], "rotation": 90, "texture": "#top"},
				"up": {"uv": [15, 1, 16, 15], "texture": "#top"},
				"down": {"uv": [15, 1, 16, 15], "texture": "#top"}
			}
		},
		{
			"from": [1, 12, 2],
			"to": [2, 12.4, 5],
			"faces": {
				"north": {"uv": [1, 2, 2, 3], "texture": "#top"},
				"east": {"uv": [1, 2, 2, 5], "rotation": 90, "texture": "#top"},
				"south": {"uv": [1, 4, 2, 5], "texture": "#top"},
				"up": {"uv": [1, 2, 2, 5], "texture": "#top"}
			}
		},
		{
			"from": [1, 12, 11],
			"to": [2, 12.4, 14],
			"faces": {
				"north": {"uv": [1, 11, 2, 12], "texture": "#top"},
				"east": {"uv": [1, 11, 2, 14], "rotation": 90, "texture": "#top"},
				"south": {"uv": [1, 13, 2, 14], "texture": "#top"},
				"up": {"uv": [1, 11, 2, 14], "texture": "#top"}
			}
		},
		{
			"from": [14, 12, 2],
			"to": [15, 12.4, 5],
			"faces": {
				"north": {"uv": [14, 2, 15, 3], "texture": "#top"},
				"south": {"uv": [14, 4, 15, 5], "texture": "#top"},
				"west": {"uv": [14, 2, 15, 5], "rotation": 90, "texture": "#top"},
				"up": {"uv": [14, 2, 15, 5], "texture": "#top"}
			}
		},
		{
			"from": [14, 12, 11],
			"to": [15, 12.4, 14],
			"faces": {
				"north": {"uv": [14, 11, 15, 12], "texture": "#top"},
				"south": {"uv": [14, 13, 15, 14], "texture": "#top"},
				"west": {"uv": [14, 11, 15, 14], "rotation": 90, "texture": "#top"},
				"up": {"uv": [14, 11, 15, 14], "texture": "#top"}
			}
		},
		{
			"from": [2, 12, 14],
			"to": [5, 12.4, 15],
			"rotation": {"angle": 0, "axis": "y", "origin": [8, 0, 8]},
			"faces": {
				"north": {"uv": [14, 11, 15, 14], "rotation": 90, "texture": "#top"},
				"east": {"uv": [14, 11, 15, 12], "texture": "#top"},
				"west": {"uv": [14, 13, 15, 14], "texture": "#top"},
				"up": {"uv": [14, 11, 15, 14], "rotation": 90, "texture": "#top"}
			}
		},
		{
			"from": [11, 12, 14],
			"to": [14, 12.4, 15],
			"rotation": {"angle": 0, "axis": "y", "origin": [8, 0, 8]},
			"faces": {
				"north": {"uv": [14, 2, 15, 5], "rotation": 90, "texture": "#top"},
				"east": {"uv": [14, 2, 15, 3], "texture": "#top"},
				"west": {"uv": [14, 4, 15, 5], "texture": "#top"},
				"up": {"uv": [14, 2, 15, 5], "rotation": 90, "texture": "#top"}
			}
		},
		{
			"from": [2, 12, 1],
			"to": [5, 12.4, 2],
			"rotation": {"angle": 0, "axis": "y", "origin": [8, 0, 8]},
			"faces": {
				"east": {"uv": [14, 11, 15, 12], "texture": "#top"},
				"south": {"uv": [14, 11, 15, 14], "rotation": 90, "texture": "#top"},
				"west": {"uv": [14, 13, 15, 14], "texture": "#top"},
				"up": {"uv": [14, 11, 15, 14], "rotation": 90, "texture": "#top"}
			}
		},
		{
			"from": [11, 12, 1],
			"to": [14, 12.4, 2],
			"rotation": {"angle": 0, "axis": "y", "origin": [8, 0, 8]},
			"faces": {
				"east": {"uv": [14, 2, 15, 3], "texture": "#top"},
				"south": {"uv": [14, 2, 15, 5], "rotation": 90, "texture": "#top"},
				"west": {"uv": [14, 4, 15, 5], "texture": "#top"},
				"up": {"uv": [14, 2, 15, 5], "rotation": 90, "texture": "#top"}
			}
		},
		{
			"from": [4, 12, 4],
			"to": [12, 13, 5],
			"faces": {
				"north": {"uv": [12, 4, 4, 5], "texture": "#top"},
				"east": {"uv": [11, 4, 12, 5], "texture": "#top"},
				"south": {"uv": [4, 4, 12, 5], "texture": "#top"},
				"west": {"uv": [4, 4, 5, 5], "texture": "#top"},
				"up": {"uv": [4, 4, 12, 5], "texture": "#top"}
			}
		},
		{
			"from": [4, 12, 5],
			"to": [5, 13, 11],
			"faces": {
				"east": {"uv": [4, 5, 5, 11], "rotation": 90, "texture": "#top"},
				"west": {"uv": [4, 11, 5, 5], "rotation": 90, "texture": "#top"},
				"up": {"uv": [4, 5, 5, 11], "texture": "#top"}
			}
		},
		{
			"from": [11, 12, 5],
			"to": [12, 13, 11],
			"faces": {
				"east": {"uv": [11, 5, 12, 11], "rotation": 90, "texture": "#top"},
				"west": {"uv": [11, 11, 12, 5], "rotation": 90, "texture": "#top"},
				"up": {"uv": [11, 5, 12, 11], "texture": "#top"}
			}
		},
		{
			"from": [6, 12, 3],
			"to": [10, 12.75, 4],
			"faces": {
				"north": {"uv": [10, 3, 6, 4], "texture": "#top"},
				"east": {"uv": [9, 3, 10, 4], "texture": "#top"},
				"west": {"uv": [6, 3, 7, 4], "texture": "#top"},
				"up": {"uv": [6, 3, 10, 4], "texture": "#top"}
			}
		},
		{
			"from": [7, 12, 1],
			"to": [9, 12.5, 2],
			"faces": {
				"east": {"uv": [8, 1, 9, 1.75], "texture": "#top"},
				"south": {"uv": [7, 1, 9, 1.75], "texture": "#top"},
				"west": {"uv": [7, 1, 8, 1.75], "texture": "#top"},
				"up": {"uv": [7, 1, 9, 2], "texture": "#top"}
			}
		},
		{
			"from": [7, 12, 14],
			"to": [9, 12.5, 15],
			"faces": {
				"north": {"uv": [9, 14, 7, 14.75], "texture": "#top"},
				"east": {"uv": [8, 14, 9, 14.75], "texture": "#top"},
				"west": {"uv": [7, 14, 8, 14.75], "texture": "#top"},
				"up": {"uv": [7, 14, 9, 15], "texture": "#top"}
			}
		},
		{
			"from": [9, 12, 2],
			"to": [11, 12.6, 3],
			"faces": {
				"north": {"uv": [11, 2, 9, 2.75], "texture": "#top"},
				"east": {"uv": [10, 2, 11, 2.75], "texture": "#top"},
				"south": {"uv": [9, 2, 11, 2.75], "texture": "#top"},
				"west": {"uv": [9, 2, 10, 2.75], "texture": "#top"},
				"up": {"uv": [9, 2, 11, 3], "texture": "#top"}
			}
		},
		{
			"from": [5, 12, 2],
			"to": [7, 12.6, 3],
			"faces": {
				"north": {"uv": [7, 2, 5, 2.75], "texture": "#top"},
				"east": {"uv": [6, 2, 7, 2.75], "texture": "#top"},
				"south": {"uv": [5, 2, 7, 2.75], "texture": "#top"},
				"west": {"uv": [5, 2, 6, 2.75], "texture": "#top"},
				"up": {"uv": [5, 2, 7, 3], "texture": "#top"}
			}
		},
		{
			"from": [5, 12, 13],
			"to": [7, 12.6, 14],
			"faces": {
				"north": {"uv": [7, 13, 5, 13.75], "texture": "#top"},
				"east": {"uv": [6, 13, 7, 13.75], "texture": "#top"},
				"south": {"uv": [5, 13, 7, 13.75], "texture": "#top"},
				"west": {"uv": [5, 13, 6, 13.75], "texture": "#top"},
				"up": {"uv": [5, 13, 7, 14], "texture": "#top"}
			}
		},
		{
			"from": [9, 12, 13],
			"to": [11, 12.6, 14],
			"faces": {
				"north": {"uv": [11, 13, 9, 13.75], "texture": "#top"},
				"east": {"uv": [10, 13, 11, 13.75], "texture": "#top"},
				"south": {"uv": [9, 13, 11, 13.75], "texture": "#top"},
				"west": {"uv": [9, 13, 10, 13.75], "texture": "#top"},
				"up": {"uv": [9, 13, 11, 14], "texture": "#top"}
			}
		},
		{
			"from": [6, 12, 12],
			"to": [10, 12.75, 13],
			"faces": {
				"east": {"uv": [9, 12, 10, 13], "texture": "#top"},
				"south": {"uv": [6, 12, 10, 13], "texture": "#top"},
				"west": {"uv": [6, 12, 7, 13], "texture": "#top"},
				"up": {"uv": [6, 12, 10, 13], "texture": "#top"}
			}
		},
		{
			"from": [4, 12, 11],
			"to": [12, 13, 12],
			"faces": {
				"north": {"uv": [12, 11, 4, 12], "texture": "#top"},
				"east": {"uv": [11, 11, 12, 12], "texture": "#top"},
				"south": {"uv": [4, 11, 12, 12], "texture": "#top"},
				"west": {"uv": [4, 11, 5, 12], "texture": "#top"},
				"up": {"uv": [4, 11, 12, 12], "texture": "#top"}
			}
		},
		{
			"from": [0, 0, 0],
			"to": [1, 12, 1],
			"faces": {
				"north": {"uv": [0, 4, 1, 16], "texture": "#side"},
				"east": {"uv": [0, 4, 1, 16], "texture": "#side"},
				"south": {"uv": [0, 4, 1, 16], "texture": "#side"},
				"west": {"uv": [0, 4, 1, 16], "texture": "#side"},
				"down": {"uv": [0, 15, 1, 16], "texture": "#side", "cullface": "down"}
			}
		},
		{
			"from": [0, 0, 15],
			"to": [1, 12, 16],
			"faces": {
				"north": {"uv": [15, 4, 16, 16], "texture": "#side"},
				"east": {"uv": [15, 4, 16, 16], "texture": "#side"},
				"south": {"uv": [15, 4, 16, 16], "texture": "#side"},
				"west": {"uv": [15, 4, 16, 16], "texture": "#side"},
				"down": {"uv": [15, 15, 16, 16], "texture": "#side", "cullface": "down"}
			}
		},
		{
			"from": [15, 0, 0],
			"to": [16, 12, 1],
			"faces": {
				"north": {"uv": [0, 4, 1, 16], "texture": "#side"},
				"east": {"uv": [0, 4, 1, 16], "texture": "#side"},
				"south": {"uv": [0, 4, 1, 16], "texture": "#side"},
				"west": {"uv": [0, 4, 1, 16], "texture": "#side"},
				"down": {"uv": [0, 15, 1, 16], "texture": "#side", "cullface": "down"}
			}
		},
		{
			"from": [15, 0, 15],
			"to": [16, 12, 16],
			"faces": {
				"north": {"uv": [15, 4, 16, 16], "texture": "#side"},
				"east": {"uv": [15, 4, 16, 16], "texture": "#side"},
				"south": {"uv": [15, 4, 16, 16], "texture": "#side"},
				"west": {"uv": [15, 4, 16, 16], "texture": "#side"},
				"down": {"uv": [15, 15, 16, 16], "texture": "#side", "cullface": "down"}
			}
		},
		{
			"from": [0, 0, 1],
			"to": [1, 1, 15],
			"faces": {
				"east": {"uv": [1, 15, 15, 16], "texture": "#side"},
				"west": {"uv": [1, 15, 15, 16], "texture": "#side"},
				"up": {"uv": [1, 15, 15, 16], "rotation": 90, "texture": "#side"},
				"down": {"uv": [1, 15, 15, 16], "rotation": 90, "texture": "#side", "cullface": "down"}
			}
		},
		{
			"from": [15, 0, 1],
			"to": [16, 1, 15],
			"rotation": {"angle": 0, "axis": "y", "origin": [8, 0, 8]},
			"faces": {
				"east": {"uv": [1, 15, 15, 16], "texture": "#side"},
				"west": {"uv": [1, 15, 15, 16], "texture": "#side"},
				"up": {"uv": [1, 15, 15, 16], "rotation": 90, "texture": "#side"},
				"down": {"uv": [1, 15, 15, 16], "rotation": 90, "texture": "#side", "cullface": "down"}
			}
		},
		{
			"from": [1, 0, 15],
			"to": [15, 1, 16],
			"rotation": {"angle": 0, "axis": "y", "origin": [8, 0, 8]},
			"faces": {
				"north": {"uv": [1, 15, 15, 16], "texture": "#side"},
				"south": {"uv": [1, 15, 15, 16], "texture": "#side"},
				"up": {"uv": [1, 15, 15, 16], "rotation": 180, "texture": "#side"},
				"down": {"uv": [1, 15, 15, 16], "texture": "#side", "cullface": "down"}
			}
		},
		{
			"from": [1, 0, 0],
			"to": [15, 1, 1],
			"rotation": {"angle": 0, "axis": "y", "origin": [8, 0, 8]},
			"faces": {
				"north": {"uv": [1, 15, 15, 16], "texture": "#side"},
				"south": {"uv": [1, 15, 15, 16], "texture": "#side"},
				"up": {"uv": [1, 15, 15, 16], "rotation": 180, "texture": "#side"},
				"down": {"uv": [1, 15, 15, 16], "texture": "#side", "cullface": "down"}
			}
		},
		{
			"from": [2, 6, 0],
			"to": [14, 7, 1],
			"rotation": {"angle": 0, "axis": "y", "origin": [8, 0, 8]},
			"faces": {
				"north": {"uv": [2, 9, 14, 10], "texture": "#side"},
				"east": {"uv": [13, 9, 14, 10], "texture": "#side"},
				"west": {"uv": [2, 9, 3, 10], "texture": "#side"},
				"up": {"uv": [2, 9, 14, 10], "rotation": 180, "texture": "#side"},
				"down": {"uv": [2, 9, 14, 10], "texture": "#side"}
			}
		},
		{
			"from": [2, 11, 0],
			"to": [14, 12, 1],
			"rotation": {"angle": 0, "axis": "y", "origin": [8, 0, 8]},
			"faces": {
				"north": {"uv": [2, 4, 14, 5], "texture": "#side"},
				"east": {"uv": [13, 4, 14, 5], "texture": "#side"},
				"west": {"uv": [2, 4, 3, 5], "texture": "#side"},
				"down": {"uv": [2, 4, 14, 5], "texture": "#side"}
			}
		},
		{
			"from": [1, 7, 0],
			"to": [2, 11, 1],
			"faces": {
				"north": {"uv": [14, 5, 15, 9], "texture": "#side"},
				"east": {"uv": [14, 5, 15, 9], "texture": "#side"},
				"up": {"uv": [14, 5, 15, 6], "texture": "#side"},
				"down": {"uv": [14, 8, 15, 9], "texture": "#side"}
			}
		},
		{
			"from": [14, 7, 0],
			"to": [15, 11, 1],
			"faces": {
				"north": {"uv": [1, 5, 2, 9], "texture": "#side"},
				"west": {"uv": [1, 5, 2, 9], "texture": "#side"},
				"up": {"uv": [1, 5, 2, 6], "texture": "#side"},
				"down": {"uv": [1, 8, 2, 9], "texture": "#side"}
			}
		},
		{
			"from": [14, 1, 0.25],
			"to": [15, 2, 1],
			"faces": {
				"north": {"uv": [1, 14, 2, 15], "texture": "#side"},
				"west": {"uv": [1, 14, 2, 15], "texture": "#side"},
				"up": {"uv": [1, 14, 2, 15], "texture": "#side"}
			}
		},
		{
			"from": [1, 1, 0.25],
			"to": [2, 2, 1],
			"faces": {
				"north": {"uv": [14, 14, 15, 15], "texture": "#side"},
				"east": {"uv": [14, 14, 15, 15], "texture": "#side"},
				"up": {"uv": [14, 14, 15, 15], "texture": "#side"}
			}
		},
		{
			"from": [2, 8, 0.25],
			"to": [3, 9, 1],
			"faces": {
				"north": {"uv": [13, 7, 14, 8], "texture": "#side"},
				"east": {"uv": [13, 7, 14, 8], "texture": "#side"},
				"up": {"uv": [13, 7, 14, 8], "texture": "#side"}
			}
		},
		{
			"from": [3, 7, 0.25],
			"to": [4, 8, 1],
			"faces": {
				"north": {"uv": [12, 8, 13, 9], "texture": "#side"},
				"east": {"uv": [12, 8, 13, 9], "texture": "#side"},
				"up": {"uv": [12, 8, 13, 9], "texture": "#side"}
			}
		},
		{
			"from": [12, 7, 0.25],
			"to": [13, 8, 1],
			"faces": {
				"north": {"uv": [3, 8, 4, 9], "texture": "#side"},
				"west": {"uv": [3, 8, 4, 9], "texture": "#side"},
				"up": {"uv": [3, 8, 4, 9], "texture": "#side"}
			}
		},
		{
			"from": [13, 7, 0],
			"to": [14, 8, 1],
			"faces": {
				"north": {"uv": [2, 8, 3, 9], "texture": "#side"},
				"west": {"uv": [2, 8, 3, 9], "texture": "#side"},
				"up": {"uv": [2, 8, 3, 9], "texture": "#side"}
			}
		},
		{
			"from": [2, 7, 0],
			"to": [3, 8, 1],
			"faces": {
				"north": {"uv": [13, 8, 14, 9], "texture": "#side"},
				"east": {"uv": [13, 8, 14, 9], "texture": "#side"},
				"up": {"uv": [13, 8, 14, 9], "texture": "#side"}
			}
		},
		{
			"from": [13, 10, 0],
			"to": [14, 11, 1],
			"faces": {
				"north": {"uv": [2, 5, 3, 6], "texture": "#side"},
				"west": {"uv": [2, 5, 3, 6], "texture": "#side"},
				"down": {"uv": [2, 5, 3, 6], "texture": "#side"}
			}
		},
		{
			"from": [2, 10, 0],
			"to": [3, 11, 1],
			"faces": {
				"north": {"uv": [13, 5, 14, 6], "texture": "#side"},
				"east": {"uv": [13, 5, 14, 6], "texture": "#side"},
				"down": {"uv": [13, 5, 14, 6], "texture": "#side"}
			}
		},
		{
			"from": [4, 7, 0.5],
			"to": [12, 8, 1],
			"faces": {
				"north": {"uv": [4, 8, 12, 9], "texture": "#side"},
				"up": {"uv": [12, 8, 4, 8.5], "texture": "#side"}
			}
		},
		{
			"from": [13, 8, 0.25],
			"to": [14, 9, 1],
			"faces": {
				"north": {"uv": [2, 7, 3, 8], "texture": "#side"},
				"west": {"uv": [2, 7, 3, 8], "texture": "#side"},
				"up": {"uv": [2, 7, 3, 8], "texture": "#side"}
			}
		},
		{
			"from": [15, 6, 2],
			"to": [16, 7, 14],
			"rotation": {"angle": 0, "axis": "y", "origin": [8, 0, 8]},
			"faces": {
				"north": {"uv": [2, 9, 3, 10], "texture": "#side"},
				"east": {"uv": [2, 9, 14, 10], "texture": "#side"},
				"south": {"uv": [13, 9, 14, 10], "texture": "#side"},
				"up": {"uv": [2, 9, 14, 10], "rotation": 270, "texture": "#side"},
				"down": {"uv": [2, 9, 14, 10], "rotation": 270, "texture": "#side"}
			}
		},
		{
			"from": [15, 11, 2],
			"to": [16, 12, 14],
			"rotation": {"angle": 0, "axis": "y", "origin": [8, 0, 8]},
			"faces": {
				"north": {"uv": [2, 4, 3, 5], "texture": "#side"},
				"east": {"uv": [2, 4, 14, 5], "texture": "#side"},
				"south": {"uv": [13, 4, 14, 5], "texture": "#side"},
				"down": {"uv": [2, 4, 14, 5], "rotation": 270, "texture": "#side"}
			}
		},
		{
			"from": [15, 7, 1],
			"to": [16, 11, 2],
			"rotation": {"angle": 0, "axis": "y", "origin": [8, 0, 8]},
			"faces": {
				"east": {"uv": [14, 5, 15, 9], "texture": "#side"},
				"south": {"uv": [14, 5, 15, 9], "texture": "#side"},
				"up": {"uv": [14, 5, 15, 6], "rotation": 90, "texture": "#side"},
				"down": {"uv": [14, 8, 15, 9], "rotation": 270, "texture": "#side"}
			}
		},
		{
			"from": [15, 7, 14],
			"to": [16, 11, 15],
			"rotation": {"angle": 0, "axis": "y", "origin": [8, 0, 8]},
			"faces": {
				"north": {"uv": [1, 5, 2, 9], "texture": "#side"},
				"east": {"uv": [1, 5, 2, 9], "texture": "#side"},
				"up": {"uv": [1, 5, 2, 6], "rotation": 90, "texture": "#side"},
				"down": {"uv": [1, 8, 2, 9], "rotation": 270, "texture": "#side"}
			}
		},
		{
			"from": [15, 1, 14],
			"to": [15.75, 2, 15],
			"rotation": {"angle": 0, "axis": "y", "origin": [8, 0, 8]},
			"faces": {
				"north": {"uv": [1, 14, 2, 15], "texture": "#side"},
				"east": {"uv": [1, 14, 2, 15], "texture": "#side"},
				"up": {"uv": [1, 14, 2, 15], "rotation": 90, "texture": "#side"}
			}
		},
		{
			"from": [15, 1, 1],
			"to": [15.75, 2, 2],
			"rotation": {"angle": 0, "axis": "y", "origin": [8, 0, 8]},
			"faces": {
				"east": {"uv": [14, 14, 15, 15], "texture": "#side"},
				"south": {"uv": [14, 14, 15, 15], "texture": "#side"},
				"up": {"uv": [14, 14, 15, 15], "rotation": 90, "texture": "#side"}
			}
		},
		{
			"from": [15, 8, 2],
			"to": [15.75, 9, 3],
			"rotation": {"angle": 0, "axis": "y", "origin": [8, 0, 8]},
			"faces": {
				"east": {"uv": [13, 7, 14, 8], "texture": "#side"},
				"south": {"uv": [13, 7, 14, 8], "texture": "#side"},
				"up": {"uv": [13, 7, 14, 8], "rotation": 90, "texture": "#side"}
			}
		},
		{
			"from": [15, 7, 3],
			"to": [15.75, 8, 4],
			"rotation": {"angle": 0, "axis": "y", "origin": [8, 0, 8]},
			"faces": {
				"east": {"uv": [12, 8, 13, 9], "texture": "#side"},
				"south": {"uv": [12, 8, 13, 9], "texture": "#side"},
				"up": {"uv": [12, 8, 13, 9], "rotation": 90, "texture": "#side"}
			}
		},
		{
			"from": [15, 7, 12],
			"to": [15.75, 8, 13],
			"rotation": {"angle": 0, "axis": "y", "origin": [8, 0, 8]},
			"faces": {
				"north": {"uv": [3, 8, 4, 9], "texture": "#side"},
				"east": {"uv": [3, 8, 4, 9], "texture": "#side"},
				"up": {"uv": [3, 8, 4, 9], "rotation": 90, "texture": "#side"}
			}
		},
		{
			"from": [15, 7, 13],
			"to": [16, 8, 14],
			"rotation": {"angle": 0, "axis": "y", "origin": [8, 0, 8]},
			"faces": {
				"north": {"uv": [2, 8, 3, 9], "texture": "#side"},
				"east": {"uv": [2, 8, 3, 9], "texture": "#side"},
				"up": {"uv": [2, 8, 3, 9], "rotation": 90, "texture": "#side"}
			}
		},
		{
			"from": [15, 7, 2],
			"to": [16, 8, 3],
			"rotation": {"angle": 0, "axis": "y", "origin": [8, 0, 8]},
			"faces": {
				"east": {"uv": [13, 8, 14, 9], "texture": "#side"},
				"south": {"uv": [13, 8, 14, 9], "texture": "#side"},
				"up": {"uv": [13, 8, 14, 9], "rotation": 90, "texture": "#side"}
			}
		},
		{
			"from": [15, 10, 13],
			"to": [16, 11, 14],
			"rotation": {"angle": 0, "axis": "y", "origin": [8, 0, 8]},
			"faces": {
				"north": {"uv": [2, 5, 3, 6], "texture": "#side"},
				"east": {"uv": [2, 5, 3, 6], "texture": "#side"},
				"down": {"uv": [2, 5, 3, 6], "rotation": 270, "texture": "#side"}
			}
		},
		{
			"from": [15, 10, 2],
			"to": [16, 11, 3],
			"rotation": {"angle": 0, "axis": "y", "origin": [8, 0, 8]},
			"faces": {
				"east": {"uv": [13, 5, 14, 6], "texture": "#side"},
				"south": {"uv": [13, 5, 14, 6], "texture": "#side"},
				"down": {"uv": [13, 5, 14, 6], "rotation": 270, "texture": "#side"}
			}
		},
		{
			"from": [15, 7, 4],
			"to": [15.5, 8, 12],
			"rotation": {"angle": 0, "axis": "y", "origin": [8, 0, 8]},
			"faces": {
				"east": {"uv": [4, 8, 12, 9], "texture": "#side"},
				"up": {"uv": [12, 8, 4, 8.5], "rotation": 90, "texture": "#side"}
			}
		},
		{
			"from": [15, 8, 13],
			"to": [15.75, 9, 14],
			"rotation": {"angle": 0, "axis": "y", "origin": [8, 0, 8]},
			"faces": {
				"north": {"uv": [2, 7, 3, 8], "texture": "#side"},
				"east": {"uv": [2, 7, 3, 8], "texture": "#side"},
				"up": {"uv": [2, 7, 3, 8], "rotation": 90, "texture": "#side"}
			}
		},
		{
			"from": [2, 6, 15],
			"to": [14, 7, 16],
			"rotation": {"angle": 0, "axis": "y", "origin": [8, 0, 8]},
			"faces": {
				"east": {"uv": [2, 9, 3, 10], "texture": "#side"},
				"south": {"uv": [2, 9, 14, 10], "texture": "#side"},
				"west": {"uv": [13, 9, 14, 10], "texture": "#side"},
				"up": {"uv": [2, 9, 14, 10], "texture": "#side"},
				"down": {"uv": [2, 9, 14, 10], "rotation": 180, "texture": "#side"}
			}
		},
		{
			"from": [2, 11, 15],
			"to": [14, 12, 16],
			"rotation": {"angle": 0, "axis": "y", "origin": [8, 0, 8]},
			"faces": {
				"east": {"uv": [2, 4, 3, 5], "texture": "#side"},
				"south": {"uv": [2, 4, 14, 5], "texture": "#side"},
				"west": {"uv": [13, 4, 14, 5], "texture": "#side"},
				"down": {"uv": [2, 4, 14, 5], "rotation": 180, "texture": "#side"}
			}
		},
		{
			"from": [14, 7, 15],
			"to": [15, 11, 16],
			"rotation": {"angle": 0, "axis": "y", "origin": [8, 0, 8]},
			"faces": {
				"south": {"uv": [14, 5, 15, 9], "texture": "#side"},
				"west": {"uv": [14, 5, 15, 9], "texture": "#side"},
				"up": {"uv": [14, 5, 15, 6], "rotation": 180, "texture": "#side"},
				"down": {"uv": [14, 8, 15, 9], "rotation": 180, "texture": "#side"}
			}
		},
		{
			"from": [1, 7, 15],
			"to": [2, 11, 16],
			"rotation": {"angle": 0, "axis": "y", "origin": [8, 0, 8]},
			"faces": {
				"east": {"uv": [1, 5, 2, 9], "texture": "#side"},
				"south": {"uv": [1, 5, 2, 9], "texture": "#side"},
				"up": {"uv": [1, 5, 2, 6], "rotation": 180, "texture": "#side"},
				"down": {"uv": [1, 8, 2, 9], "rotation": 180, "texture": "#side"}
			}
		},
		{
			"from": [1, 1, 15],
			"to": [2, 2, 15.75],
			"rotation": {"angle": 0, "axis": "y", "origin": [8, 0, 8]},
			"faces": {
				"east": {"uv": [1, 14, 2, 15], "texture": "#side"},
				"south": {"uv": [1, 14, 2, 15], "texture": "#side"},
				"up": {"uv": [1, 14, 2, 15], "rotation": 180, "texture": "#side"}
			}
		},
		{
			"from": [14, 1, 15],
			"to": [15, 2, 15.75],
			"rotation": {"angle": 0, "axis": "y", "origin": [8, 0, 8]},
			"faces": {
				"south": {"uv": [14, 14, 15, 15], "texture": "#side"},
				"west": {"uv": [14, 14, 15, 15], "texture": "#side"},
				"up": {"uv": [14, 14, 15, 15], "rotation": 180, "texture": "#side"}
			}
		},
		{
			"from": [13, 8, 15],
			"to": [14, 9, 15.75],
			"rotation": {"angle": 0, "axis": "y", "origin": [8, 0, 8]},
			"faces": {
				"south": {"uv": [13, 7, 14, 8], "texture": "#side"},
				"west": {"uv": [13, 7, 14, 8], "texture": "#side"},
				"up": {"uv": [13, 7, 14, 8], "rotation": 180, "texture": "#side"}
			}
		},
		{
			"from": [12, 7, 15],
			"to": [13, 8, 15.75],
			"rotation": {"angle": 0, "axis": "y", "origin": [8, 0, 8]},
			"faces": {
				"south": {"uv": [12, 8, 13, 9], "texture": "#side"},
				"west": {"uv": [12, 8, 13, 9], "texture": "#side"},
				"up": {"uv": [12, 8, 13, 9], "rotation": 180, "texture": "#side"}
			}
		},
		{
			"from": [3, 7, 15],
			"to": [4, 8, 15.75],
			"rotation": {"angle": 0, "axis": "y", "origin": [8, 0, 8]},
			"faces": {
				"east": {"uv": [3, 8, 4, 9], "texture": "#side"},
				"south": {"uv": [3, 8, 4, 9], "texture": "#side"},
				"up": {"uv": [3, 8, 4, 9], "rotation": 180, "texture": "#side"}
			}
		},
		{
			"from": [2, 7, 15],
			"to": [3, 8, 16],
			"rotation": {"angle": 0, "axis": "y", "origin": [8, 0, 8]},
			"faces": {
				"east": {"uv": [2, 8, 3, 9], "texture": "#side"},
				"south": {"uv": [2, 8, 3, 9], "texture": "#side"},
				"up": {"uv": [2, 8, 3, 9], "rotation": 180, "texture": "#side"}
			}
		},
		{
			"from": [13, 7, 15],
			"to": [14, 8, 16],
			"rotation": {"angle": 0, "axis": "y", "origin": [8, 0, 8]},
			"faces": {
				"south": {"uv": [13, 8, 14, 9], "texture": "#side"},
				"west": {"uv": [13, 8, 14, 9], "texture": "#side"},
				"up": {"uv": [13, 8, 14, 9], "rotation": 180, "texture": "#side"}
			}
		},
		{
			"from": [2, 10, 15],
			"to": [3, 11, 16],
			"rotation": {"angle": 0, "axis": "y", "origin": [8, 0, 8]},
			"faces": {
				"east": {"uv": [2, 5, 3, 6], "texture": "#side"},
				"south": {"uv": [2, 5, 3, 6], "texture": "#side"},
				"down": {"uv": [2, 5, 3, 6], "rotation": 180, "texture": "#side"}
			}
		},
		{
			"from": [13, 10, 15],
			"to": [14, 11, 16],
			"rotation": {"angle": 0, "axis": "y", "origin": [8, 0, 8]},
			"faces": {
				"south": {"uv": [13, 5, 14, 6], "texture": "#side"},
				"west": {"uv": [13, 5, 14, 6], "texture": "#side"},
				"down": {"uv": [13, 5, 14, 6], "rotation": 180, "texture": "#side"}
			}
		},
		{
			"from": [4, 7, 15],
			"to": [12, 8, 15.5],
			"rotation": {"angle": 0, "axis": "y", "origin": [8, 0, 8]},
			"faces": {
				"south": {"uv": [4, 8, 12, 9], "texture": "#side"},
				"up": {"uv": [12, 8, 4, 8.5], "rotation": 180, "texture": "#side"}
			}
		},
		{
			"from": [2, 8, 15],
			"to": [3, 9, 15.75],
			"rotation": {"angle": 0, "axis": "y", "origin": [8, 0, 8]},
			"faces": {
				"east": {"uv": [2, 7, 3, 8], "texture": "#side"},
				"south": {"uv": [2, 7, 3, 8], "texture": "#side"},
				"up": {"uv": [2, 7, 3, 8], "rotation": 180, "texture": "#side"}
			}
		},
		{
			"from": [0, 6, 2],
			"to": [1, 7, 14],
			"rotation": {"angle": 0, "axis": "y", "origin": [8, 0, 8]},
			"faces": {
				"north": {"uv": [13, 9, 14, 10], "texture": "#side"},
				"south": {"uv": [2, 9, 3, 10], "texture": "#side"},
				"west": {"uv": [2, 9, 14, 10], "texture": "#side"},
				"up": {"uv": [2, 9, 14, 10], "rotation": 90, "texture": "#side"},
				"down": {"uv": [2, 9, 14, 10], "rotation": 90, "texture": "#side"}
			}
		},
		{
			"from": [0, 11, 2],
			"to": [1, 12, 14],
			"rotation": {"angle": 0, "axis": "y", "origin": [8, 0, 8]},
			"faces": {
				"north": {"uv": [13, 4, 14, 5], "texture": "#side"},
				"south": {"uv": [2, 4, 3, 5], "texture": "#side"},
				"west": {"uv": [2, 4, 14, 5], "texture": "#side"},
				"down": {"uv": [2, 4, 14, 5], "rotation": 90, "texture": "#side"}
			}
		},
		{
			"from": [0, 7, 14],
			"to": [1, 11, 15],
			"rotation": {"angle": 0, "axis": "y", "origin": [8, 0, 8]},
			"faces": {
				"north": {"uv": [14, 5, 15, 9], "texture": "#side"},
				"west": {"uv": [14, 5, 15, 9], "texture": "#side"},
				"up": {"uv": [14, 5, 15, 6], "rotation": 270, "texture": "#side"},
				"down": {"uv": [14, 8, 15, 9], "rotation": 90, "texture": "#side"}
			}
		},
		{
			"from": [0, 7, 1],
			"to": [1, 11, 2],
			"rotation": {"angle": 0, "axis": "y", "origin": [8, 0, 8]},
			"faces": {
				"south": {"uv": [1, 5, 2, 9], "texture": "#side"},
				"west": {"uv": [1, 5, 2, 9], "texture": "#side"},
				"up": {"uv": [1, 5, 2, 6], "rotation": 270, "texture": "#side"},
				"down": {"uv": [1, 8, 2, 9], "rotation": 90, "texture": "#side"}
			}
		},
		{
			"from": [0.25, 1, 1],
			"to": [1, 2, 2],
			"rotation": {"angle": 0, "axis": "y", "origin": [8, 0, 8]},
			"faces": {
				"south": {"uv": [1, 14, 2, 15], "texture": "#side"},
				"west": {"uv": [1, 14, 2, 15], "texture": "#side"},
				"up": {"uv": [1, 14, 2, 15], "rotation": 270, "texture": "#side"}
			}
		},
		{
			"from": [0.25, 1, 14],
			"to": [1, 2, 15],
			"rotation": {"angle": 0, "axis": "y", "origin": [8, 0, 8]},
			"faces": {
				"north": {"uv": [14, 14, 15, 15], "texture": "#side"},
				"west": {"uv": [14, 14, 15, 15], "texture": "#side"},
				"up": {"uv": [14, 14, 15, 15], "rotation": 270, "texture": "#side"}
			}
		},
		{
			"from": [0.25, 8, 13],
			"to": [1, 9, 14],
			"rotation": {"angle": 0, "axis": "y", "origin": [8, 0, 8]},
			"faces": {
				"north": {"uv": [13, 7, 14, 8], "texture": "#side"},
				"west": {"uv": [13, 7, 14, 8], "texture": "#side"},
				"up": {"uv": [13, 7, 14, 8], "rotation": 270, "texture": "#side"}
			}
		},
		{
			"from": [0.25, 7, 12],
			"to": [1, 8, 13],
			"rotation": {"angle": 0, "axis": "y", "origin": [8, 0, 8]},
			"faces": {
				"north": {"uv": [12, 8, 13, 9], "texture": "#side"},
				"west": {"uv": [12, 8, 13, 9], "texture": "#side"},
				"up": {"uv": [12, 8, 13, 9], "rotation": 270, "texture": "#side"}
			}
		},
		{
			"from": [0.25, 7, 3],
			"to": [1, 8, 4],
			"rotation": {"angle": 0, "axis": "y", "origin": [8, 0, 8]},
			"faces": {
				"south": {"uv": [3, 8, 4, 9], "texture": "#side"},
				"west": {"uv": [3, 8, 4, 9], "texture": "#side"},
				"up": {"uv": [3, 8, 4, 9], "rotation": 270, "texture": "#side"}
			}
		},
		{
			"from": [0, 7, 2],
			"to": [1, 8, 3],
			"rotation": {"angle": 0, "axis": "y", "origin": [8, 0, 8]},
			"faces": {
				"south": {"uv": [2, 8, 3, 9], "texture": "#side"},
				"west": {"uv": [2, 8, 3, 9], "texture": "#side"},
				"up": {"uv": [2, 8, 3, 9], "rotation": 270, "texture": "#side"}
			}
		},
		{
			"from": [0, 7, 13],
			"to": [1, 8, 14],
			"rotation": {"angle": 0, "axis": "y", "origin": [8, 0, 8]},
			"faces": {
				"north": {"uv": [13, 8, 14, 9], "texture": "#side"},
				"west": {"uv": [13, 8, 14, 9], "texture": "#side"},
				"up": {"uv": [13, 8, 14, 9], "rotation": 270, "texture": "#side"}
			}
		},
		{
			"from": [0, 10, 2],
			"to": [1, 11, 3],
			"rotation": {"angle": 0, "axis": "y", "origin": [8, 0, 8]},
			"faces": {
				"south": {"uv": [2, 5, 3, 6], "texture": "#side"},
				"west": {"uv": [2, 5, 3, 6], "texture": "#side"},
				"down": {"uv": [2, 5, 3, 6], "rotation": 90, "texture": "#side"}
			}
		},
		{
			"from": [0, 10, 13],
			"to": [1, 11, 14],
			"rotation": {"angle": 0, "axis": "y", "origin": [8, 0, 8]},
			"faces": {
				"north": {"uv": [13, 5, 14, 6], "texture": "#side"},
				"west": {"uv": [13, 5, 14, 6], "texture": "#side"},
				"down": {"uv": [13, 5, 14, 6], "rotation": 90, "texture": "#side"}
			}
		},
		{
			"from": [0.5, 7, 4],
			"to": [1, 8, 12],
			"rotation": {"angle": 0, "axis": "y", "origin": [8, 0, 8]},
			"faces": {
				"west": {"uv": [4, 8, 12, 9], "texture": "#side"},
				"up": {"uv": [12, 8, 4, 8.5], "rotation": 270, "texture": "#side"}
			}
		},
		{
			"from": [0.25, 8, 2],
			"to": [1, 9, 3],
			"rotation": {"angle": 0, "axis": "y", "origin": [8, 0, 8]},
			"faces": {
				"south": {"uv": [2, 7, 3, 8], "texture": "#side"},
				"west": {"uv": [2, 7, 3, 8], "texture": "#side"},
				"up": {"uv": [2, 7, 3, 8], "rotation": 270, "texture": "#side"}
			}
		},
		{
			"from": [1, 0.25, 1],
			"to": [2, 1, 2],
			"faces": {
				"east": {"uv": [1, 14, 2, 14.75], "texture": "#side"},
				"south": {"uv": [1, 14, 2, 14.75], "texture": "#side"},
				"down": {"uv": [1, 14, 2, 15], "texture": "#side", "cullface": "down"}
			}
		},
		{
			"from": [1, 0.25, 14],
			"to": [2, 1, 15],
			"faces": {
				"north": {"uv": [1, 14, 2, 14.75], "texture": "#side"},
				"east": {"uv": [1, 14, 2, 14.75], "texture": "#side"},
				"down": {"uv": [1, 14, 2, 15], "texture": "#side", "cullface": "down"}
			}
		},
		{
			"from": [14, 0.25, 14],
			"to": [15, 1, 15],
			"faces": {
				"north": {"uv": [1, 14, 2, 14.75], "texture": "#side"},
				"west": {"uv": [1, 14, 2, 14.75], "texture": "#side"},
				"down": {"uv": [1, 14, 2, 15], "texture": "#side", "cullface": "down"}
			}
		},
		{
			"from": [14, 0.25, 1],
			"to": [15, 1, 2],
			"faces": {
				"south": {"uv": [1, 14, 2, 14.75], "texture": "#side"},
				"west": {"uv": [1, 14, 2, 14.75], "texture": "#side"},
				"down": {"uv": [1, 14, 2, 15], "texture": "#side", "cullface": "down"}
			}
		}
	],
	"groups": [
		0,
		{
			"name": "top",
			"origin": [0, 0, 0],
			"color": 0,
			"children": [1, 2, 3, 4, 5, 6, 7, 8, 9, 10, 11, 12, 13, 14, 15, 16, 17, 18, 19, 20, 21, 22, 23, 24]
		},
		25,
		26,
		27,
		28,
		29,
		30,
		31,
		32,
		{
			"name": "group",
			"origin": [0, 0, 0],
			"color": 0,
			"children": [33, 34, 35, 36, 37, 38, 39, 40, 41, 42, 43, 44, 45, 46, 47]
		},
		{
			"name": "group",
			"origin": [0, 0, 0],
			"color": 0,
			"children": [48, 49, 50, 51, 52, 53, 54, 55, 56, 57, 58, 59, 60, 61, 62]
		},
		{
			"name": "group",
			"origin": [0, 0, 0],
			"color": 0,
			"children": [63, 64, 65, 66, 67, 68, 69, 70, 71, 72, 73, 74, 75, 76, 77]
		},
		{
			"name": "group",
			"origin": [0, 0, 0],
			"color": 0,
			"children": [78, 79, 80, 81, 82, 83, 84, 85, 86, 87, 88, 89, 90, 91, 92]
		},
		93,
		94,
		95,
		96
	]
}