{
	"credit": "Made with Blockbench by Valdr687",
	"textures": {
		"0": "block/dirt",
		"1": "block/farmland_moist",
		"particle": "block/dirt"
	},
	"elements": [
		{
			"from": [3, 14, 0],
			"to": [4, 14.3, 4],
			"faces": {
				"north": {"uv": [11, 0, 12, 1], "texture": "#0"},
				"up": {"uv": [3, 0, 4, 1], "texture": "#1"}
			}
		},
		{
			"from": [4, 14, 4],
			"to": [5, 14.3, 8],
			"faces": {
				"up": {"uv": [3, 0, 4, 1], "texture": "#1"}
			}
		},
		{
			"from": [4, 14, 10],
			"to": [5, 14.3, 11],
			"faces": {
				"up": {"uv": [3, 0, 4, 1], "texture": "#1"}
			}
		},
		{
			"from": [12, 14, 4],
			"to": [13, 14.3, 5],
			"faces": {
				"up": {"uv": [3, 0, 4, 1], "texture": "#1"}
			}
		},
		{
			"from": [11, 14, 0],
			"to": [12, 14.3, 1],
			"faces": {
				"north": {"uv": [4, 0, 5, 1], "texture": "#0"},
				"up": {"uv": [3, 0, 4, 1], "texture": "#1"}
			}
		},
		{
			"from": [2, 14, 5],
			"to": [3, 14.3, 6],
			"faces": {
				"up": {"uv": [3, 0, 4, 1], "texture": "#1"}
			}
		},
		{
			"from": [3, 14, 8],
			"to": [4, 14.3, 10],
			"faces": {
				"up": {"uv": [3, 0, 4, 1], "texture": "#1"}
			}
		},
		{
			"from": [3, 14, 12],
			"to": [4, 14.3, 14],
			"faces": {
				"up": {"uv": [3, 0, 4, 1], "texture": "#1"}
			}
		},
		{
			"from": [12, 14, 1],
			"to": [13, 14.3, 3],
			"faces": {
				"up": {"uv": [3, 0, 4, 1], "texture": "#1"}
			}
		},
		{
			"from": [4, 14, 14],
			"to": [5, 14.3, 15],
			"faces": {
				"up": {"uv": [3, 0, 4, 1], "texture": "#1"}
			}
		},
		{
			"from": [12, 14, 10],
			"to": [13, 14.3, 13],
			"faces": {
				"up": {"uv": [3, 0, 4, 1], "texture": "#1"}
			}
		},
		{
			"from": [11, 14, 13],
			"to": [12, 14.3, 16],
			"faces": {
				"south": {"uv": [12, 0, 13, 1], "texture": "#0"},
				"up": {"uv": [3, 0, 4, 1], "texture": "#1"}
			}
		},
		{
			"from": [11, 14, 5],
			"to": [12, 14.3, 10],
			"faces": {
				"up": {"uv": [3, 0, 4, 1], "texture": "#1"}
			}
		},
		{
			"from": [0, 0, 0],
			"to": [16, 14, 16],
			"faces": {
				"north": {"uv": [0, 2, 16, 16], "texture": "#0", "cullface": "north"},
				"east": {"uv": [0, 2, 16, 16], "texture": "#0", "cullface": "east"},
				"south": {"uv": [0, 2, 16, 16], "texture": "#0", "cullface": "south"},
				"west": {"uv": [0, 2, 16, 16], "texture": "#0", "cullface": "west"},
				"down": {"uv": [0, 0, 16, 16], "texture": "#0", "cullface": "down"}
			}
		},
		{
			"from": [13, 14, 15],
			"to": [16, 15, 16],
			"faces": {
				"north": {"uv": [14, 15, 15, 16], "texture": "#1"},
				"east": {"uv": [0, 0, 1, 1], "texture": "#0"},
				"south": {"uv": [13, 0, 15, 1], "texture": "#0"},
				"west": {"uv": [14, 15, 15, 16], "texture": "#1"},
				"up": {"uv": [13, 15, 15, 16], "texture": "#1"}
			}
		},
		{
			"from": [8, 14, 14],
			"to": [10, 15, 15],
			"faces": {
				"north": {"uv": [14, 15, 15, 16], "texture": "#1"},
				"east": {"uv": [14, 15, 15, 16], "texture": "#1"},
				"south": {"uv": [14, 15, 15, 16], "texture": "#1"},
				"west": {"uv": [14, 15, 15, 16], "texture": "#1"},
				"up": {"uv": [13, 15, 15, 16], "texture": "#1"}
			}
		},
		{
			"from": [7, 14, 9],
			"to": [9, 15, 10],
			"faces": {
				"north": {"uv": [14, 15, 15, 16], "texture": "#1"},
				"east": {"uv": [14, 15, 15, 16], "texture": "#1"},
				"south": {"uv": [14, 15, 15, 16], "texture": "#1"},
				"west": {"uv": [14, 15, 15, 16], "texture": "#1"},
				"up": {"uv": [13, 15, 15, 16], "texture": "#1"}
			}
		},
		{
			"from": [7, 14, 3],
			"to": [9, 15, 4],
			"faces": {
				"north": {"uv": [14, 15, 15, 16], "texture": "#1"},
				"east": {"uv": [14, 15, 15, 16], "texture": "#1"},
				"south": {"uv": [14, 15, 15, 16], "texture": "#1"},
				"west": {"uv": [14, 15, 15, 16], "texture": "#1"},
				"up": {"uv": [13, 15, 15, 16], "texture": "#1"}
			}
		},
		{
			"from": [8, 14, 2],
			"to": [10, 15, 3],
			"faces": {
				"north": {"uv": [14, 15, 15, 16], "texture": "#1"},
				"east": {"uv": [14, 15, 15, 16], "texture": "#1"},
				"south": {"uv": [14, 15, 15, 16], "texture": "#1"},
				"west": {"uv": [14, 15, 15, 16], "texture": "#1"},
				"up": {"uv": [13, 15, 15, 16], "texture": "#1"}
			}
		},
		{
			"from": [6, 14, 11],
			"to": [9, 15, 13],
			"faces": {
				"north": {"uv": [14, 15, 15, 16], "texture": "#1"},
				"east": {"uv": [14, 15, 15, 16], "texture": "#1"},
				"south": {"uv": [14, 15, 15, 16], "texture": "#1"},
				"west": {"uv": [14, 15, 15, 16], "texture": "#1"},
				"up": {"uv": [13, 15, 15, 16], "texture": "#1"}
			}
		},
		{
			"from": [14, 14, 14],
			"to": [15, 15, 15],
			"faces": {
				"north": {"uv": [14, 15, 15, 16], "texture": "#1"},
				"east": {"uv": [14, 15, 15, 16], "texture": "#1"},
				"west": {"uv": [14, 15, 15, 16], "texture": "#1"},
				"up": {"uv": [13, 15, 15, 16], "texture": "#1"}
			}
		},
		{
			"from": [8, 14, 15],
			"to": [9, 15, 16],
			"faces": {
				"east": {"uv": [14, 15, 15, 16], "texture": "#1"},
				"south": {"uv": [9, 0, 10, 1], "texture": "#0"},
				"west": {"uv": [14, 15, 15, 16], "texture": "#1"},
				"up": {"uv": [13, 15, 15, 16], "texture": "#1"}
			}
		},
		{
			"from": [7, 14, 13],
			"to": [8, 15, 14],
			"faces": {
				"east": {"uv": [14, 15, 15, 16], "texture": "#1"},
				"south": {"uv": [14, 15, 15, 16], "texture": "#1"},
				"west": {"uv": [14, 15, 15, 16], "texture": "#1"},
				"up": {"uv": [13, 15, 15, 16], "texture": "#1"}
			}
		},
		{
			"from": [9, 14, 13],
			"to": [10, 15, 14],
			"faces": {
				"north": {"uv": [14, 15, 15, 16], "texture": "#1"},
				"east": {"uv": [14, 15, 15, 16], "texture": "#1"},
				"west": {"uv": [14, 15, 15, 16], "texture": "#1"},
				"up": {"uv": [13, 15, 15, 16], "texture": "#1"}
			}
		},
		{
			"from": [9, 14, 11],
			"to": [10, 15, 12],
			"faces": {
				"north": {"uv": [14, 15, 15, 16], "texture": "#1"},
				"east": {"uv": [14, 15, 15, 16], "texture": "#1"},
				"south": {"uv": [14, 15, 15, 16], "texture": "#1"},
				"up": {"uv": [13, 15, 15, 16], "texture": "#1"}
			}
		},
		{
			"from": [8, 14, 8],
			"to": [9, 15, 9],
			"faces": {
				"north": {"uv": [14, 15, 15, 16], "texture": "#1"},
				"east": {"uv": [14, 15, 15, 16], "texture": "#1"},
				"west": {"uv": [14, 15, 15, 16], "texture": "#1"},
				"up": {"uv": [13, 15, 15, 16], "texture": "#1"}
			}
		},
		{
			"from": [7, 14, 7],
			"to": [8, 15, 8],
			"faces": {
				"north": {"uv": [14, 15, 15, 16], "texture": "#1"},
				"east": {"uv": [14, 15, 15, 16], "texture": "#1"},
				"south": {"uv": [14, 15, 15, 16], "texture": "#1"},
				"west": {"uv": [14, 15, 15, 16], "texture": "#1"},
				"up": {"uv": [13, 15, 15, 16], "texture": "#1"}
			}
		},
		{
			"from": [7, 14, 1],
			"to": [8, 15, 2],
			"faces": {
				"north": {"uv": [14, 15, 15, 16], "texture": "#1"},
				"east": {"uv": [14, 15, 15, 16], "texture": "#1"},
				"south": {"uv": [14, 15, 15, 16], "texture": "#1"},
				"west": {"uv": [14, 15, 15, 16], "texture": "#1"},
				"up": {"uv": [13, 15, 15, 16], "texture": "#1"}
			}
		},
		{
			"from": [8, 14, 4],
			"to": [9, 15, 5],
			"faces": {
				"south": {"uv": [14, 15, 15, 16], "texture": "#1"},
				"west": {"uv": [14, 15, 15, 16], "texture": "#1"},
				"up": {"uv": [13, 15, 15, 16], "texture": "#1"}
			}
		},
		{
			"from": [8, 14, 10],
			"to": [9, 15, 11],
			"faces": {
				"east": {"uv": [14, 15, 15, 16], "texture": "#1"},
				"west": {"uv": [14, 15, 15, 16], "texture": "#1"},
				"up": {"uv": [13, 15, 15, 16], "texture": "#1"}
			}
		},
		{
			"from": [6, 14, 10],
			"to": [7, 15, 11],
			"faces": {
				"north": {"uv": [14, 15, 15, 16], "texture": "#1"},
				"east": {"uv": [14, 15, 15, 16], "texture": "#1"},
				"west": {"uv": [14, 15, 15, 16], "texture": "#1"},
				"up": {"uv": [13, 15, 15, 16], "texture": "#1"}
			}
		},
		{
			"from": [6, 14, 14],
			"to": [7, 15, 15],
			"faces": {
				"north": {"uv": [14, 15, 15, 16], "texture": "#1"},
				"east": {"uv": [14, 15, 15, 16], "texture": "#1"},
				"south": {"uv": [14, 15, 15, 16], "texture": "#1"},
				"west": {"uv": [14, 15, 15, 16], "texture": "#1"},
				"up": {"uv": [13, 15, 15, 16], "texture": "#1"}
			}
		},
		{
			"from": [0, 14, 10],
			"to": [1, 15, 11],
			"faces": {
				"north": {"uv": [14, 15, 15, 16], "texture": "#1"},
				"east": {"uv": [14, 15, 15, 16], "texture": "#1"},
				"south": {"uv": [14, 15, 15, 16], "texture": "#1"},
				"west": {"uv": [10, 0, 11, 1], "texture": "#0"},
				"up": {"uv": [14, 15, 15, 16], "texture": "#1"}
			}
		},
		{
			"from": [0, 14, 1],
			"to": [1, 15, 2],
			"faces": {
				"north": {"uv": [14, 15, 15, 16], "texture": "#1"},
				"east": {"uv": [14, 15, 15, 16], "texture": "#1"},
				"south": {"uv": [14, 15, 15, 16], "texture": "#1"},
				"west": {"uv": [1, 0, 2, 1], "texture": "#0"},
				"up": {"uv": [14, 15, 15, 16], "texture": "#1"}
			}
		},
		{
			"from": [1, 14, 6],
			"to": [2, 15, 7],
			"faces": {
				"north": {"uv": [14, 15, 15, 16], "texture": "#1"},
				"east": {"uv": [14, 15, 15, 16], "texture": "#1"},
				"south": {"uv": [14, 15, 15, 16], "texture": "#1"},
				"up": {"uv": [13, 15, 15, 16], "texture": "#1"}
			}
		},
		{
			"from": [14, 14, 0],
			"to": [15, 15, 1],
			"faces": {
				"north": {"uv": [1, 0, 2, 1], "texture": "#0"},
				"south": {"uv": [14, 15, 15, 16], "texture": "#1"},
				"west": {"uv": [14, 15, 15, 16], "texture": "#1"},
				"up": {"uv": [13, 15, 15, 16], "texture": "#1"}
			}
		},
		{
			"from": [14, 14, 5],
			"to": [15, 15, 6],
			"faces": {
				"north": {"uv": [14, 15, 15, 16], "texture": "#1"},
				"south": {"uv": [14, 15, 15, 16], "texture": "#1"},
				"west": {"uv": [14, 15, 15, 16], "texture": "#1"},
				"up": {"uv": [13, 15, 15, 16], "texture": "#1"}
			}
		},
		{
			"from": [14, 14, 2],
			"to": [15, 15, 4],
			"faces": {
				"north": {"uv": [14, 15, 15, 16], "texture": "#1"},
				"east": {"uv": [14, 15, 15, 16], "texture": "#1"},
				"south": {"uv": [14, 15, 15, 16], "texture": "#1"},
				"west": {"uv": [14, 15, 15, 16], "texture": "#1"},
				"up": {"uv": [13, 15, 15, 16], "texture": "#1"}
			}
		},
		{
			"from": [0, 14, 12],
			"to": [1, 15, 14],
			"faces": {
				"north": {"uv": [14, 15, 15, 16], "texture": "#1"},
				"east": {"uv": [14, 15, 15, 16], "texture": "#1"},
				"south": {"uv": [14, 15, 15, 16], "texture": "#1"},
				"west": {"uv": [12, 0, 14, 1], "texture": "#0"},
				"up": {"uv": [14, 15, 15, 16], "texture": "#1"}
			}
		},
		{
			"from": [1, 14, 8],
			"to": [2, 15, 10],
			"faces": {
				"north": {"uv": [14, 15, 15, 16], "texture": "#1"},
				"east": {"uv": [14, 15, 15, 16], "texture": "#1"},
				"south": {"uv": [14, 15, 15, 16], "texture": "#1"},
				"west": {"uv": [14, 15, 15, 16], "texture": "#1"},
				"up": {"uv": [13, 15, 15, 16], "texture": "#1"}
			}
		},
		{
			"from": [9, 14, 4],
			"to": [10, 15, 6],
			"faces": {
				"north": {"uv": [14, 15, 15, 16], "texture": "#1"},
				"east": {"uv": [14, 15, 15, 16], "texture": "#1"},
				"south": {"uv": [14, 15, 15, 16], "texture": "#1"},
				"west": {"uv": [14, 15, 15, 16], "texture": "#1"},
				"up": {"uv": [13, 15, 15, 16], "texture": "#1"}
			}
		},
		{
			"from": [0, 14, 3],
			"to": [1, 15, 5],
			"faces": {
				"north": {"uv": [14, 15, 15, 16], "texture": "#1"},
				"east": {"uv": [14, 15, 15, 16], "texture": "#1"},
				"south": {"uv": [14, 15, 15, 16], "texture": "#1"},
				"west": {"uv": [3, 0, 4, 1], "texture": "#0"},
				"up": {"uv": [14, 15, 15, 16], "texture": "#1"}
			}
		},
		{
			"from": [1, 14, 2],
			"to": [2, 15, 4],
			"faces": {
				"north": {"uv": [14, 15, 15, 16], "texture": "#1"},
				"east": {"uv": [14, 15, 15, 16], "texture": "#1"},
				"south": {"uv": [14, 15, 15, 16], "texture": "#1"},
				"west": {"uv": [14, 15, 15, 16], "texture": "#1"},
				"up": {"uv": [13, 15, 15, 16], "texture": "#1"}
			}
		},
		{
			"from": [15, 14, 0],
			"to": [16, 15, 2],
			"faces": {
				"north": {"uv": [0, 0, 1, 1], "texture": "#0"},
				"east": {"uv": [14, 0, 16, 1], "texture": "#0"},
				"south": {"uv": [14, 15, 15, 16], "texture": "#1"},
				"west": {"uv": [14, 15, 15, 16], "texture": "#1"},
				"up": {"uv": [13, 15, 15, 16], "texture": "#1"}
			}
		},
		{
			"from": [15, 14, 8],
			"to": [16, 15, 12],
			"faces": {
				"north": {"uv": [14, 15, 15, 16], "texture": "#1"},
				"east": {"uv": [4, 0, 8, 1], "texture": "#0"},
				"south": {"uv": [14, 15, 15, 16], "texture": "#1"},
				"west": {"uv": [14, 15, 15, 16], "texture": "#1"},
				"up": {"uv": [13, 15, 15, 16], "texture": "#1"}
			}
		},
		{
			"from": [15, 14, 3],
			"to": [16, 15, 7],
			"faces": {
				"north": {"uv": [14, 15, 15, 16], "texture": "#1"},
				"east": {"uv": [9, 0, 13, 1], "texture": "#0"},
				"south": {"uv": [14, 15, 15, 16], "texture": "#1"},
				"west": {"uv": [14, 15, 15, 16], "texture": "#1"},
				"up": {"uv": [13, 15, 15, 16], "texture": "#1"}
			}
		},
		{
			"from": [14, 14, 7],
			"to": [15, 15, 10],
			"faces": {
				"north": {"uv": [14, 15, 15, 16], "texture": "#1"},
				"east": {"uv": [14, 15, 15, 16], "texture": "#1"},
				"south": {"uv": [14, 15, 15, 16], "texture": "#1"},
				"west": {"uv": [14, 15, 15, 16], "texture": "#1"},
				"up": {"uv": [13, 15, 15, 16], "texture": "#1"}
			}
		},
		{
			"from": [1, 14, 13],
			"to": [2, 15, 16],
			"faces": {
				"north": {"uv": [14, 15, 15, 16], "texture": "#1"},
				"east": {"uv": [14, 15, 15, 16], "texture": "#1"},
				"south": {"uv": [1, 0, 3, 1], "texture": "#0"},
				"west": {"uv": [14, 15, 15, 16], "texture": "#1"},
				"up": {"uv": [13, 15, 15, 16], "texture": "#1"}
			}
		},
		{
			"from": [0, 14, 6],
			"to": [1, 15, 9],
			"faces": {
				"north": {"uv": [14, 15, 15, 16], "texture": "#1"},
				"east": {"uv": [14, 15, 15, 16], "texture": "#1"},
				"south": {"uv": [14, 15, 15, 16], "texture": "#1"},
				"west": {"uv": [6, 0, 9, 1], "texture": "#0"},
				"up": {"uv": [14, 15, 15, 16], "texture": "#1"}
			}
		},
		{
			"from": [3, 14, 4],
			"to": [4, 14.75, 5],
			"faces": {
				"north": {"uv": [3, 4, 4, 5], "texture": "#1"},
				"east": {"uv": [3, 4, 4, 5], "texture": "#1"},
				"south": {"uv": [3, 4, 4, 5], "texture": "#1"},
				"west": {"uv": [3, 4, 4, 5], "texture": "#1"},
				"up": {"uv": [3, 4, 4, 5], "texture": "#1"}
			}
		},
		{
			"from": [8, 14, 6],
			"to": [9, 14.75, 7],
			"faces": {
				"north": {"uv": [3, 4, 4, 5], "texture": "#1"},
				"east": {"uv": [3, 4, 4, 5], "texture": "#1"},
				"south": {"uv": [3, 4, 4, 5], "texture": "#1"},
				"west": {"uv": [3, 4, 4, 5], "texture": "#1"},
				"up": {"uv": [3, 4, 4, 5], "texture": "#1"}
			}
		},
		{
			"from": [13, 14, 12],
			"to": [14, 14.75, 13],
			"faces": {
				"north": {"uv": [3, 4, 4, 5], "texture": "#1"},
				"east": {"uv": [3, 4, 4, 5], "texture": "#1"},
				"south": {"uv": [3, 4, 4, 5], "texture": "#1"},
				"west": {"uv": [3, 4, 4, 5], "texture": "#1"},
				"up": {"uv": [3, 4, 4, 5], "texture": "#1"}
			}
		},
		{
			"from": [2, 14, 11],
			"to": [3, 14.75, 12],
			"faces": {
				"north": {"uv": [3, 4, 4, 5], "texture": "#1"},
				"east": {"uv": [3, 4, 4, 5], "texture": "#1"},
				"south": {"uv": [3, 4, 4, 5], "texture": "#1"},
				"west": {"uv": [3, 4, 4, 5], "texture": "#1"},
				"up": {"uv": [3, 4, 4, 5], "texture": "#1"}
			}
		},
		{
			"from": [0, 14, 0],
			"to": [2, 14.7, 1],
			"faces": {
				"north": {"uv": [14, 0, 16, 1], "texture": "#0"},
				"east": {"uv": [0, 0, 1, 1], "texture": "#1"},
				"west": {"uv": [0, 0, 1, 1], "texture": "#0"},
				"up": {"uv": [0, 0, 1, 1], "texture": "#1"}
			}
		},
		{
			"from": [1, 14, 1],
			"to": [3, 14.7, 2],
			"faces": {
				"north": {"uv": [0, 0, 1, 1], "texture": "#1"},
				"east": {"uv": [0, 0, 1, 1], "texture": "#1"},
				"up": {"uv": [0, 0, 1, 1], "texture": "#1"}
			}
		},
		{
			"from": [0, 14, 5],
			"to": [2, 14.7, 6],
			"faces": {
				"east": {"uv": [0, 0, 1, 1], "texture": "#1"},
				"west": {"uv": [5, 0, 6, 1], "texture": "#0"},
				"up": {"uv": [0, 0, 1, 1], "texture": "#1"}
			}
		},
		{
			"from": [0, 14, 2],
			"to": [1, 14.7, 3],
			"faces": {
				"west": {"uv": [2, 0, 3, 1], "texture": "#0"},
				"up": {"uv": [0, 0, 1, 1], "texture": "#1"}
			}
		},
		{
			"from": [2, 14, 2],
			"to": [3, 14.7, 3],
			"faces": {
				"east": {"uv": [0, 0, 1, 1], "texture": "#1"},
				"south": {"uv": [0, 0, 1, 1], "texture": "#1"},
				"up": {"uv": [0, 0, 1, 1], "texture": "#1"}
			}
		},
		{
			"from": [3, 14, 6],
			"to": [4, 14.7, 7],
			"faces": {
				"north": {"uv": [0, 0, 1, 1], "texture": "#1"},
				"east": {"uv": [0, 0, 1, 1], "texture": "#1"},
				"south": {"uv": [0, 0, 1, 1], "texture": "#1"},
				"west": {"uv": [0, 0, 1, 1], "texture": "#1"},
				"up": {"uv": [0, 0, 1, 1], "texture": "#1"}
			}
		},
		{
			"from": [4, 14, 1],
			"to": [5, 14.7, 2],
			"faces": {
				"north": {"uv": [0, 0, 1, 1], "texture": "#1"},
				"east": {"uv": [0, 0, 1, 1], "texture": "#1"},
				"south": {"uv": [0, 0, 1, 1], "texture": "#1"},
				"west": {"uv": [0, 0, 1, 1], "texture": "#1"},
				"up": {"uv": [0, 0, 1, 1], "texture": "#1"}
			}
		},
		{
			"from": [5, 14, 2],
			"to": [6, 14.7, 3],
			"faces": {
				"north": {"uv": [0, 0, 1, 1], "texture": "#1"},
				"south": {"uv": [0, 0, 1, 1], "texture": "#1"},
				"west": {"uv": [0, 0, 1, 1], "texture": "#1"},
				"up": {"uv": [0, 0, 1, 1], "texture": "#1"}
			}
		},
		{
			"from": [7, 14, 6],
			"to": [8, 14.7, 7],
			"faces": {
				"west": {"uv": [0, 0, 1, 1], "texture": "#1"},
				"up": {"uv": [0, 0, 1, 1], "texture": "#1"}
			}
		},
		{
			"from": [9, 14, 6],
			"to": [10, 14.7, 7],
			"faces": {
				"east": {"uv": [0, 0, 1, 1], "texture": "#1"},
				"south": {"uv": [0, 0, 1, 1], "texture": "#1"},
				"up": {"uv": [0, 0, 1, 1], "texture": "#1"}
			}
		},
		{
			"from": [10, 14, 7],
			"to": [11, 14.7, 8],
			"faces": {
				"north": {"uv": [0, 0, 1, 1], "texture": "#1"},
				"east": {"uv": [0, 0, 1, 1], "texture": "#1"},
				"south": {"uv": [0, 0, 1, 1], "texture": "#1"},
				"west": {"uv": [0, 0, 1, 1], "texture": "#1"},
				"up": {"uv": [0, 0, 1, 1], "texture": "#1"}
			}
		},
		{
			"from": [8, 14, 7],
			"to": [9, 14.7, 8],
			"faces": {
				"east": {"uv": [0, 0, 1, 1], "texture": "#1"},
				"up": {"uv": [0, 0, 1, 1], "texture": "#1"}
			}
		},
		{
			"from": [14, 14, 6],
			"to": [15, 14.7, 7],
			"faces": {
				"west": {"uv": [0, 0, 1, 1], "texture": "#1"},
				"up": {"uv": [0, 0, 1, 1], "texture": "#1"}
			}
		},
		{
			"from": [14, 14, 4],
			"to": [15, 14.7, 5],
			"faces": {
				"west": {"uv": [0, 0, 1, 1], "texture": "#1"},
				"up": {"uv": [0, 0, 1, 1], "texture": "#1"}
			}
		},
		{
			"from": [14, 14, 1],
			"to": [15, 14.7, 2],
			"faces": {
				"up": {"uv": [0, 0, 1, 1], "texture": "#1"}
			}
		},
		{
			"from": [15, 14, 2],
			"to": [16, 14.7, 3],
			"faces": {
				"east": {"uv": [13, 0, 14, 1], "texture": "#0"},
				"up": {"uv": [0, 0, 1, 1], "texture": "#1"}
			}
		},
		{
			"from": [12, 14, 6],
			"to": [13, 14.7, 7],
			"faces": {
				"north": {"uv": [0, 0, 1, 1], "texture": "#1"},
				"east": {"uv": [0, 0, 1, 1], "texture": "#1"},
				"south": {"uv": [0, 0, 1, 1], "texture": "#1"},
				"west": {"uv": [0, 0, 1, 1], "texture": "#1"},
				"up": {"uv": [0, 0, 1, 1], "texture": "#1"}
			}
		},
		{
			"from": [7, 14, 4],
			"to": [8, 14.7, 5],
			"faces": {
				"west": {"uv": [0, 0, 1, 1], "texture": "#1"},
				"up": {"uv": [0, 0, 1, 1], "texture": "#1"}
			}
		},
		{
			"from": [7, 14, 2],
			"to": [8, 14.7, 3],
			"faces": {
				"up": {"uv": [0, 0, 1, 1], "texture": "#1"}
			}
		},
		{
			"from": [9, 14, 3],
			"to": [10, 14.7, 4],
			"faces": {
				"up": {"uv": [0, 0, 1, 1], "texture": "#1"}
			}
		},
		{
			"from": [7, 14, 0],
			"to": [10, 14.7, 1],
			"faces": {
				"north": {"uv": [6, 0, 9, 1], "texture": "#0"},
				"east": {"uv": [0, 0, 1, 1], "texture": "#1"},
				"up": {"uv": [0, 0, 1, 1], "texture": "#1"}
			}
		},
		{
			"from": [8, 14, 1],
			"to": [10, 14.7, 2],
			"faces": {
				"up": {"uv": [0, 0, 1, 1], "texture": "#1"}
			}
		},
		{
			"from": [10, 14, 1],
			"to": [11, 14.7, 5],
			"faces": {
				"north": {"uv": [0, 0, 1, 1], "texture": "#1"},
				"east": {"uv": [0, 0, 1, 1], "texture": "#1"},
				"south": {"uv": [0, 0, 1, 1], "texture": "#1"},
				"up": {"uv": [0, 0, 1, 1], "texture": "#1"}
			}
		},
		{
			"from": [6, 14, 5],
			"to": [9, 14.7, 6],
			"faces": {
				"north": {"uv": [0, 0, 1, 1], "texture": "#1"},
				"south": {"uv": [0, 0, 1, 1], "texture": "#1"},
				"west": {"uv": [0, 0, 1, 1], "texture": "#1"},
				"up": {"uv": [0, 0, 1, 1], "texture": "#1"}
			}
		},
		{
			"from": [4, 14, 11],
			"to": [5, 14.7, 12],
			"faces": {
				"north": {"uv": [0, 0, 1, 1], "texture": "#1"},
				"east": {"uv": [0, 0, 1, 1], "texture": "#1"},
				"south": {"uv": [0, 0, 1, 1], "texture": "#1"},
				"west": {"uv": [0, 0, 1, 1], "texture": "#1"},
				"up": {"uv": [0, 0, 1, 1], "texture": "#1"}
			}
		},
		{
			"from": [6, 14, 13],
			"to": [7, 14.7, 14],
			"faces": {
				"up": {"uv": [0, 0, 1, 1], "texture": "#1"}
			}
		},
		{
			"from": [8, 14, 13],
			"to": [9, 14.7, 14],
			"faces": {
				"up": {"uv": [0, 0, 1, 1], "texture": "#1"}
			}
		},
		{
			"from": [7, 14, 10],
			"to": [8, 14.7, 11],
			"faces": {
				"up": {"uv": [0, 0, 1, 1], "texture": "#1"}
			}
		},
		{
			"from": [7, 14, 8],
			"to": [8, 14.7, 9],
			"faces": {
				"up": {"uv": [0, 0, 1, 1], "texture": "#1"}
			}
		},
		{
			"from": [9, 14, 12],
			"to": [10, 14.7, 13],
			"faces": {
				"up": {"uv": [0, 0, 1, 1], "texture": "#1"}
			}
		},
		{
			"from": [9, 14, 9],
			"to": [10, 14.7, 11],
			"faces": {
				"north": {"uv": [0, 0, 1, 1], "texture": "#1"},
				"east": {"uv": [0, 0, 1, 1], "texture": "#1"},
				"up": {"uv": [0, 0, 1, 1], "texture": "#1"}
			}
		},
		{
			"from": [7, 14, 14],
			"to": [8, 14.7, 15],
			"faces": {
				"up": {"uv": [0, 0, 1, 1], "texture": "#1"}
			}
		},
		{
			"from": [9, 14, 15],
			"to": [10, 14.7, 16],
			"faces": {
				"east": {"uv": [0, 0, 1, 1], "texture": "#1"},
				"south": {"uv": [10, 0, 11, 1], "texture": "#0"},
				"up": {"uv": [0, 0, 1, 1], "texture": "#1"}
			}
		},
		{
			"from": [13, 14, 14],
			"to": [14, 14.7, 15],
			"faces": {
				"north": {"uv": [0, 0, 1, 1], "texture": "#1"},
				"west": {"uv": [0, 0, 1, 1], "texture": "#1"},
				"up": {"uv": [0, 0, 1, 1], "texture": "#1"}
			}
		},
		{
			"from": [6, 14, 15],
			"to": [8, 14.7, 16],
			"faces": {
				"south": {"uv": [7, 0, 9, 1], "texture": "#0"},
				"west": {"uv": [0, 0, 1, 1], "texture": "#1"},
				"up": {"uv": [0, 0, 1, 1], "texture": "#1"}
			}
		},
		{
			"from": [5, 14, 12],
			"to": [6, 14.7, 15],
			"faces": {
				"north": {"uv": [0, 0, 1, 1], "texture": "#1"},
				"south": {"uv": [0, 0, 1, 1], "texture": "#1"},
				"west": {"uv": [0, 0, 1, 1], "texture": "#1"},
				"up": {"uv": [0, 0, 1, 1], "texture": "#1"}
			}
		},
		{
			"from": [15, 14, 12],
			"to": [16, 14.7, 15],
			"faces": {
				"east": {"uv": [0, 0, 3, 1], "texture": "#0"},
				"up": {"uv": [0, 0, 1, 1], "texture": "#1"}
			}
		},
		{
			"from": [14, 14, 10],
			"to": [15, 14.7, 14],
			"faces": {
				"west": {"uv": [0, 0, 1, 1], "texture": "#1"},
				"up": {"uv": [0, 0, 1, 1], "texture": "#1"}
			}
		},
		{
			"from": [13, 14, 7],
			"to": [14, 14.7, 11],
			"faces": {
				"north": {"uv": [0, 0, 1, 1], "texture": "#1"},
				"south": {"uv": [0, 0, 1, 1], "texture": "#1"},
				"west": {"uv": [0, 0, 1, 1], "texture": "#1"},
				"up": {"uv": [0, 0, 1, 1], "texture": "#1"}
			}
		},
		{
			"from": [13, 14, 0],
			"to": [14, 14.7, 3],
			"faces": {
				"north": {"uv": [2, 0, 3, 1], "texture": "#0"},
				"south": {"uv": [0, 0, 1, 1], "texture": "#1"},
				"west": {"uv": [0, 0, 1, 1], "texture": "#1"},
				"up": {"uv": [0, 0, 1, 1], "texture": "#1"}
			}
		},
		{
			"from": [10, 14, 11],
			"to": [11, 14.7, 15],
			"faces": {
				"north": {"uv": [0, 0, 1, 1], "texture": "#1"},
				"east": {"uv": [0, 0, 1, 1], "texture": "#1"},
				"south": {"uv": [0, 0, 1, 1], "texture": "#1"},
				"up": {"uv": [0, 0, 1, 1], "texture": "#1"}
			}
		},
		{
			"from": [5, 14, 6],
			"to": [6, 14.7, 9],
			"faces": {
				"north": {"uv": [0, 0, 1, 1], "texture": "#1"},
				"east": {"uv": [0, 0, 1, 1], "texture": "#1"},
				"south": {"uv": [0, 0, 1, 1], "texture": "#1"},
				"west": {"uv": [0, 0, 1, 1], "texture": "#1"},
				"up": {"uv": [0, 0, 1, 1], "texture": "#1"}
			}
		},
		{
			"from": [6, 14, 0],
			"to": [7, 14.7, 4],
			"faces": {
				"north": {"uv": [8, 0, 9, 1], "texture": "#0"},
				"south": {"uv": [0, 0, 1, 1], "texture": "#1"},
				"west": {"uv": [0, 0, 1, 1], "texture": "#1"},
				"up": {"uv": [0, 0, 1, 1], "texture": "#1"}
			}
		},
		{
			"from": [2, 14, 7],
			"to": [3, 14.7, 10],
			"faces": {
				"north": {"uv": [0, 0, 1, 1], "texture": "#1"},
				"east": {"uv": [0, 0, 1, 1], "texture": "#1"},
				"south": {"uv": [0, 0, 1, 1], "texture": "#1"},
				"up": {"uv": [0, 0, 1, 1], "texture": "#1"}
			}
		},
		{
			"from": [1, 14, 4],
			"to": [2, 14.7, 5],
			"faces": {
				"east": {"uv": [0, 0, 1, 1], "texture": "#1"},
				"up": {"uv": [0, 0, 1, 1], "texture": "#1"}
			}
		},
		{
			"from": [1, 14, 7],
			"to": [2, 14.7, 8],
			"faces": {
				"up": {"uv": [0, 0, 1, 1], "texture": "#1"}
			}
		},
		{
			"from": [0, 14, 9],
			"to": [1, 14.7, 10],
			"faces": {
				"west": {"uv": [9, 0, 10, 1], "texture": "#0"},
				"up": {"uv": [0, 0, 1, 1], "texture": "#1"}
			}
		},
		{
			"from": [0, 14, 11],
			"to": [1, 14.7, 12],
			"faces": {
				"west": {"uv": [11, 0, 12, 1], "texture": "#0"},
				"up": {"uv": [0, 0, 1, 1], "texture": "#1"}
			}
		},
		{
			"from": [0, 14, 14],
			"to": [1, 14.7, 16],
			"faces": {
				"south": {"uv": [0, 0, 1, 1], "texture": "#0"},
				"west": {"uv": [14, 0, 16, 1], "texture": "#0"},
				"up": {"uv": [0, 0, 1, 1], "texture": "#1"}
			}
		},
		{
			"from": [1, 14, 10],
			"to": [2, 14.7, 13],
			"faces": {
				"east": {"uv": [0, 0, 1, 1], "texture": "#1"},
				"up": {"uv": [0, 0, 1, 1], "texture": "#1"}
			}
		},
		{
			"from": [2, 14, 13],
			"to": [3, 14.7, 15],
			"faces": {
				"north": {"uv": [0, 0, 1, 1], "texture": "#1"},
				"east": {"uv": [0, 0, 1, 1], "texture": "#1"},
				"south": {"uv": [0, 0, 1, 1], "texture": "#1"},
				"up": {"uv": [0, 0, 1, 1], "texture": "#1"}
			}
		},
		{
			"from": [6, 14, 7],
			"to": [7, 14.7, 10],
			"faces": {
				"north": {"uv": [0, 0, 1, 1], "texture": "#1"},
				"west": {"uv": [0, 0, 1, 1], "texture": "#1"},
				"up": {"uv": [0, 0, 1, 1], "texture": "#1"}
			}
		},
		{
			"from": [2, 14, 0],
			"to": [3, 14.5, 1],
			"faces": {
				"north": {"uv": [13, 0, 14, 1], "texture": "#0"},
				"east": {"uv": [2, 0, 3, 1], "texture": "#1"},
				"up": {"uv": [2, 0, 3, 1], "texture": "#1"}
			}
		},
		{
			"from": [2, 14, 6],
			"to": [3, 14.5, 7],
			"faces": {
				"north": {"uv": [2, 0, 3, 1], "texture": "#1"},
				"up": {"uv": [2, 0, 3, 1], "texture": "#1"}
			}
		},
		{
			"from": [3, 14, 7],
			"to": [4, 14.5, 8],
			"faces": {
				"east": {"uv": [2, 0, 3, 1], "texture": "#1"},
				"south": {"uv": [2, 0, 3, 1], "texture": "#1"},
				"up": {"uv": [2, 0, 3, 1], "texture": "#1"}
			}
		},
		{
			"from": [3, 14, 5],
			"to": [4, 14.5, 6],
			"faces": {
				"east": {"uv": [2, 0, 3, 1], "texture": "#1"},
				"west": {"uv": [2, 0, 3, 1], "texture": "#1"},
				"up": {"uv": [2, 0, 3, 1], "texture": "#1"}
			}
		},
		{
			"from": [4, 14, 0],
			"to": [6, 14.5, 1],
			"faces": {
				"north": {"uv": [10, 0, 12, 1], "texture": "#0"},
				"west": {"uv": [2, 0, 3, 1], "texture": "#1"},
				"up": {"uv": [2, 0, 3, 1], "texture": "#1"}
			}
		},
		{
			"from": [5, 14, 1],
			"to": [6, 14.5, 2],
			"faces": {
				"up": {"uv": [2, 0, 3, 1], "texture": "#1"}
			}
		},
		{
			"from": [6, 14, 4],
			"to": [7, 14.5, 5],
			"faces": {
				"up": {"uv": [2, 0, 3, 1], "texture": "#1"}
			}
		},
		{
			"from": [6, 14, 6],
			"to": [7, 14.5, 7],
			"faces": {
				"up": {"uv": [2, 0, 3, 1], "texture": "#1"}
			}
		},
		{
			"from": [9, 14, 7],
			"to": [10, 14.5, 9],
			"faces": {
				"up": {"uv": [2, 0, 3, 1], "texture": "#1"}
			}
		},
		{
			"from": [10, 14, 5],
			"to": [11, 14.5, 7],
			"faces": {
				"east": {"uv": [2, 0, 3, 1], "texture": "#1"},
				"up": {"uv": [2, 0, 3, 1], "texture": "#1"}
			}
		},
		{
			"from": [12, 14, 14],
			"to": [13, 14.5, 16],
			"faces": {
				"south": {"uv": [2, 0, 3, 1], "texture": "#0"},
				"west": {"uv": [2, 0, 3, 1], "texture": "#1"},
				"up": {"uv": [2, 0, 3, 1], "texture": "#1"}
			}
		},
		{
			"from": [11, 14, 10],
			"to": [12, 14.5, 13],
			"faces": {
				"north": {"uv": [2, 0, 3, 1], "texture": "#1"},
				"east": {"uv": [2, 0, 3, 1], "texture": "#1"},
				"south": {"uv": [2, 0, 3, 1], "texture": "#1"},
				"up": {"uv": [2, 0, 3, 1], "texture": "#1"}
			}
		},
		{
			"from": [10, 14, 8],
			"to": [11, 14.5, 11],
			"faces": {
				"east": {"uv": [2, 0, 3, 1], "texture": "#1"},
				"up": {"uv": [2, 0, 3, 1], "texture": "#1"}
			}
		},
		{
			"from": [12, 14, 7],
			"to": [13, 14.5, 10],
			"faces": {
				"south": {"uv": [2, 0, 3, 1], "texture": "#1"},
				"west": {"uv": [2, 0, 3, 1], "texture": "#1"},
				"up": {"uv": [2, 0, 3, 1], "texture": "#1"}
			}
		},
		{
			"from": [11, 14, 1],
			"to": [12, 14.5, 5],
			"faces": {
				"north": {"uv": [2, 0, 3, 1], "texture": "#1"},
				"east": {"uv": [2, 0, 3, 1], "texture": "#1"},
				"south": {"uv": [2, 0, 3, 1], "texture": "#1"},
				"up": {"uv": [2, 0, 3, 1], "texture": "#1"}
			}
		},
		{
			"from": [10, 14, 0],
			"to": [11, 14.5, 1],
			"faces": {
				"north": {"uv": [5, 0, 6, 1], "texture": "#0"},
				"east": {"uv": [2, 0, 3, 1], "texture": "#1"},
				"up": {"uv": [2, 0, 3, 1], "texture": "#1"}
			}
		},
		{
			"from": [12, 14, 0],
			"to": [13, 14.5, 1],
			"faces": {
				"north": {"uv": [3, 0, 4, 1], "texture": "#0"},
				"south": {"uv": [2, 0, 3, 1], "texture": "#1"},
				"west": {"uv": [2, 0, 3, 1], "texture": "#1"},
				"up": {"uv": [2, 0, 3, 1], "texture": "#1"}
			}
		},
		{
			"from": [13, 14, 4],
			"to": [14, 14.5, 5],
			"faces": {
				"west": {"uv": [2, 0, 3, 1], "texture": "#1"},
				"up": {"uv": [2, 0, 3, 1], "texture": "#1"}
			}
		},
		{
			"from": [15, 14, 7],
			"to": [16, 14.5, 8],
			"faces": {
				"east": {"uv": [8, 0, 9, 1], "texture": "#0"},
				"up": {"uv": [2, 0, 3, 1], "texture": "#1"}
			}
		},
		{
			"from": [13, 14, 6],
			"to": [14, 14.5, 7],
			"faces": {
				"up": {"uv": [2, 0, 3, 1], "texture": "#1"}
			}
		},
		{
			"from": [10, 14, 15],
			"to": [11, 14.5, 16],
			"faces": {
				"east": {"uv": [2, 0, 3, 1], "texture": "#1"},
				"south": {"uv": [11, 0, 12, 1], "texture": "#0"},
				"up": {"uv": [2, 0, 3, 1], "texture": "#1"}
			}
		},
		{
			"from": [13, 14, 11],
			"to": [14, 14.5, 12],
			"faces": {
				"west": {"uv": [2, 0, 3, 1], "texture": "#1"},
				"up": {"uv": [2, 0, 3, 1], "texture": "#1"}
			}
		},
		{
			"from": [12, 14, 3],
			"to": [14, 14.5, 4],
			"faces": {
				"north": {"uv": [2, 0, 3, 1], "texture": "#1"},
				"south": {"uv": [2, 0, 3, 1], "texture": "#1"},
				"up": {"uv": [2, 0, 3, 1], "texture": "#1"}
			}
		},
		{
			"from": [12, 14, 5],
			"to": [14, 14.5, 6],
			"faces": {
				"north": {"uv": [2, 0, 3, 1], "texture": "#1"},
				"west": {"uv": [2, 0, 3, 1], "texture": "#1"},
				"up": {"uv": [2, 0, 3, 1], "texture": "#1"}
			}
		},
		{
			"from": [12, 14, 13],
			"to": [14, 14.5, 14],
			"faces": {
				"north": {"uv": [2, 0, 3, 1], "texture": "#1"},
				"west": {"uv": [2, 0, 3, 1], "texture": "#1"},
				"up": {"uv": [2, 0, 3, 1], "texture": "#1"}
			}
		},
		{
			"from": [4, 14, 2],
			"to": [5, 14.5, 4],
			"faces": {
				"south": {"uv": [2, 0, 3, 1], "texture": "#1"},
				"west": {"uv": [2, 0, 3, 1], "texture": "#1"},
				"up": {"uv": [2, 0, 3, 1], "texture": "#1"}
			}
		},
		{
			"from": [5, 14, 3],
			"to": [6, 14.5, 6],
			"faces": {
				"west": {"uv": [2, 0, 3, 1], "texture": "#1"},
				"up": {"uv": [2, 0, 3, 1], "texture": "#1"}
			}
		},
		{
			"from": [2, 14, 12],
			"to": [3, 14.5, 13],
			"faces": {
				"east": {"uv": [2, 0, 3, 1], "texture": "#1"},
				"up": {"uv": [2, 0, 3, 1], "texture": "#1"}
			}
		},
		{
			"from": [2, 14, 15],
			"to": [3, 14.5, 16],
			"faces": {
				"south": {"uv": [3, 0, 4, 1], "texture": "#0"},
				"up": {"uv": [2, 0, 3, 1], "texture": "#1"}
			}
		},
		{
			"from": [4, 14, 15],
			"to": [6, 14.5, 16],
			"faces": {
				"north": {"uv": [2, 0, 3, 1], "texture": "#1"},
				"south": {"uv": [3, 0, 5, 1], "texture": "#0"},
				"up": {"uv": [2, 0, 3, 1], "texture": "#1"}
			}
		},
		{
			"from": [3, 14, 14],
			"to": [4, 14.5, 16],
			"faces": {
				"north": {"uv": [2, 0, 3, 1], "texture": "#1"},
				"east": {"uv": [2, 0, 3, 1], "texture": "#1"},
				"south": {"uv": [4, 0, 5, 1], "texture": "#0"},
				"up": {"uv": [2, 0, 3, 1], "texture": "#1"}
			}
		},
		{
			"from": [4, 14, 12],
			"to": [5, 14.5, 14],
			"faces": {
				"south": {"uv": [2, 0, 3, 1], "texture": "#1"},
				"west": {"uv": [2, 0, 3, 1], "texture": "#1"},
				"up": {"uv": [2, 0, 3, 1], "texture": "#1"}
			}
		},
		{
			"from": [3, 14, 10],
			"to": [4, 14.5, 12],
			"faces": {
				"north": {"uv": [2, 0, 3, 1], "texture": "#1"},
				"east": {"uv": [2, 0, 3, 1], "texture": "#1"},
				"south": {"uv": [2, 0, 3, 1], "texture": "#1"},
				"up": {"uv": [2, 0, 3, 1], "texture": "#1"}
			}
		},
		{
			"from": [4, 14, 8],
			"to": [5, 14.5, 10],
			"faces": {
				"north": {"uv": [2, 0, 3, 1], "texture": "#1"},
				"south": {"uv": [2, 0, 3, 1], "texture": "#1"},
				"west": {"uv": [2, 0, 3, 1], "texture": "#1"},
				"up": {"uv": [2, 0, 3, 1], "texture": "#1"}
			}
		},
		{
			"from": [5, 14, 9],
			"to": [6, 14.5, 12],
			"faces": {
				"west": {"uv": [2, 0, 3, 1], "texture": "#1"},
				"up": {"uv": [2, 0, 3, 1], "texture": "#1"}
			}
		},
		{
			"from": [2, 14, 10],
			"to": [3, 14.5, 11],
			"faces": {
				"up": {"uv": [2, 0, 3, 1], "texture": "#1"}
			}
		},
		{
			"from": [2, 14, 3],
			"to": [3, 14.5, 5],
			"faces": {
				"east": {"uv": [2, 0, 3, 1], "texture": "#1"},
				"south": {"uv": [2, 0, 3, 1], "texture": "#1"},
				"up": {"uv": [2, 0, 3, 1], "texture": "#1"}
			}
		}
	],
	"display": {
		"thirdperson_righthand": {
			"rotation": [75, 45, 0],
			"translation": [0, 2.5, 0],
			"scale": [0.375, 0.375, 0.375]
		},
		"thirdperson_lefthand": {
			"rotation": [75, 45, 0],
			"translation": [0, 2.5, 0],
			"scale": [0.375, 0.375, 0.375]
		},
		"firstperson_righthand": {
			"rotation": [0, 45, 0],
			"scale": [0.4, 0.4, 0.4]
		},
		"firstperson_lefthand": {
			"rotation": [0, 225, 0],
			"scale": [0.4, 0.4, 0.4]
		},
		"ground": {
			"translation": [0, 3, 0],
			"scale": [0.25, 0.25, 0.25]
		},
		"gui": {
			"rotation": [30, 225, 0],
			"scale": [0.625, 0.625, 0.625]
		},
		"fixed": {
			"scale": [0.5, 0.5, 0.5]
		}
	},
	"groups": [
		{
			"name": "group",
			"origin": [0, 0, 0],
			"color": 0,
			"children": [
				0,
				1,
				2,
				3,
				4,
				5,
				6,
				7,
				8,
				9,
				10,
				11,
				12,
				13,
				14,
				15,
				16,
				17,
				18,
				19,
				20,
				21,
				22,
				23,
				24,
				25,
				26,
				27,
				28,
				29,
				30,
				31,
				32,
				33,
				34,
				35,
				36,
				37,
				38,
				39,
				40,
				41,
				42,
				43,
				44,
				45,
				46,
				47,
				48,
				49,
				50,
				51,
				52,
				53,
				54,
				55,
				56,
				57,
				58,
				59,
				60,
				61,
				62,
				63,
				64,
				65,
				66,
				67,
				68,
				69,
				70,
				71,
				72,
				73,
				74,
				75,
				76,
				77,
				78,
				79,
				80,
				81,
				82,
				83,
				84,
				85,
				86,
				87,
				88,
				89,
				90,
				91,
				92,
				93,
				94,
				95,
				96,
				97,
				98,
				99,
				100,
				101,
				102,
				103,
				104,
				105,
				106,
				107,
				108,
				109,
				110,
				111,
				112,
				113,
				114,
				115,
				116,
				117,
				118,
				119,
				120,
				121,
				122,
				123,
				124,
				125,
				126,
				127,
				128,
				129,
				130,
				131,
				132,
				133,
				134,
				135,
				136,
				137,
				138,
				139,
				140,
				141
			]
		}
	]
}