{
	"credit": "Made with Blockbench by Valdr687",
	"parent": "minecraft:block/cube",
	"textures": {
		"up": "block/fletching_table_top",
		"east": "block/fletching_table_side",
		"particle": "block/fletching_table_front",
		"north": "block/fletching_table_front",
		"down": "block/birch_planks"
	},
	"elements": [
		{
			"from": [0, 0, 0],
			"to": [16, 16, 16],
			"faces": {
				"north": {"uv": [0, 0, 16, 16], "texture": "#north"},
				"east": {"uv": [0, 0, 16, 16], "texture": "#east"},
				"south": {"uv": [0, 0, 16, 16], "texture": "#north"},
				"west": {"uv": [0, 0, 16, 16], "texture": "#east"},
				"up": {"uv": [0, 0, 16, 16], "texture": "#up"},
				"down": {"uv": [0, 0, 16, 16], "texture": "#down"}
			}
		},
		{
			"from": [16, 5, 3],
			"to": [16.475, 14, 4],
			"faces": {
				"north": {"uv": [11, 5, 12, 14], "rotation": 180, "texture": "#north"},
				"east": {"uv": [11, 5, 12, 14], "rotation": 180, "texture": "#north"},
				"south": {"uv": [11, 5, 12, 14], "rotation": 180, "texture": "#north"},
				"up": {"uv": [11, 13.5, 12, 14], "rotation": 90, "texture": "#north"}
			}
		},
		{
			"from": [16, 11, 2],
			"to": [16.5, 13, 5],
			"faces": {
				"north": {"uv": [12, 11, 12.5, 13], "rotation": 180, "texture": "#north"},
				"east": {"uv": [10, 11, 13, 13], "rotation": 180, "texture": "#north"},
				"south": {"uv": [10, 11, 10.5, 13], "rotation": 180, "texture": "#north"},
				"up": {"uv": [10, 12.5, 13, 13], "rotation": 90, "texture": "#north"},
				"down": {"uv": [10, 11, 13, 11.5], "rotation": 270, "texture": "#north"}
			}
		},
		{
			"from": [16, 3, 2],
			"to": [16.5, 5, 5],
			"faces": {
				"north": {"uv": [12, 3, 12.5, 5], "rotation": 180, "texture": "#north"},
				"east": {"uv": [10, 3, 13, 5], "rotation": 180, "texture": "#north"},
				"south": {"uv": [10, 3, 10.5, 5], "rotation": 180, "texture": "#north"},
				"up": {"uv": [10, 4.5, 13, 5], "rotation": 90, "texture": "#north"},
				"down": {"uv": [10, 3, 13, 3.5], "rotation": 270, "texture": "#north"}
			}
		},
		{
			"from": [16, 2, 2],
			"to": [16.5, 3, 3],
			"faces": {
				"north": {"uv": [12, 2, 13, 3], "rotation": 180, "texture": "#north"},
				"east": {"uv": [12, 2, 13, 3], "rotation": 180, "texture": "#north"},
				"south": {"uv": [12, 2, 13, 3], "rotation": 180, "texture": "#north"},
				"down": {"uv": [12, 2, 13, 3], "rotation": 270, "texture": "#north"}
			}
		},
		{
			"from": [16, 2, 4],
			"to": [16.5, 3, 5],
			"faces": {
				"north": {"uv": [10, 2, 11, 3], "rotation": 180, "texture": "#north"},
				"east": {"uv": [10, 2, 11, 3], "rotation": 180, "texture": "#north"},
				"south": {"uv": [10, 2, 11, 3], "rotation": 180, "texture": "#north"},
				"down": {"uv": [10, 2, 11, 3], "rotation": 270, "texture": "#north"}
			}
		},
		{
			"from": [4, 2, -0.525],
			"to": [5, 11, 0],
			"rotation": {"angle": 0, "axis": "y", "origin": [0, -1, 0]},
			"faces": {
				"north": {"uv": [11, 5, 12, 14], "texture": "#north"},
				"east": {"uv": [11, 5, 12, 14], "texture": "#north"},
				"west": {"uv": [11, 5, 12, 14], "texture": "#north"},
				"up": {"uv": [11, 5, 12, 5.5], "texture": "#north"},
				"down": {"uv": [11, 13.5, 12, 14], "texture": "#north"}
			}
		},
		{
			"from": [3, 3, -0.5],
			"to": [6, 5, 0],
			"faces": {
				"north": {"uv": [10, 11, 13, 13], "texture": "#north"},
				"east": {"uv": [10, 11, 10.5, 13], "texture": "#north"},
				"west": {"uv": [12, 11, 12.5, 13], "texture": "#north"},
				"up": {"uv": [10, 11, 13, 11.5], "texture": "#north"},
				"down": {"uv": [10, 12.5, 13, 13], "texture": "#north"}
			}
		},
		{
			"from": [3, 11, -0.5],
			"to": [6, 13, 0],
			"faces": {
				"north": {"uv": [10, 3, 13, 5], "texture": "#north"},
				"east": {"uv": [10, 3, 10.5, 5], "texture": "#north"},
				"west": {"uv": [12, 3, 12.5, 5], "texture": "#north"},
				"up": {"uv": [10, 3, 13, 3.5], "texture": "#north"},
				"down": {"uv": [10, 4.5, 13, 5], "texture": "#north"}
			}
		},
		{
			"from": [3, 13, -0.5],
			"to": [4, 14, 0],
			"faces": {
				"north": {"uv": [12, 2, 13, 3], "texture": "#north"},
				"east": {"uv": [12, 2, 13, 3], "texture": "#north"},
				"west": {"uv": [12, 2, 13, 3], "texture": "#north"},
				"up": {"uv": [12, 2, 13, 3], "texture": "#north"}
			}
		},
		{
			"from": [5, 13, -0.5],
			"to": [6, 14, 0],
			"faces": {
				"north": {"uv": [10, 2, 11, 3], "texture": "#north"},
				"east": {"uv": [10, 2, 11, 3], "texture": "#north"},
				"west": {"uv": [10, 2, 11, 3], "texture": "#north"},
				"up": {"uv": [10, 2, 11, 3], "texture": "#north"}
			}
		},
		{
			"from": [-0.5, 9, 12],
			"to": [0, 14, 13],
			"faces": {
				"north": {"uv": [11, 9, 11.5, 14], "rotation": 180, "texture": "#north"},
				"south": {"uv": [11, 9, 11.5, 14], "rotation": 180, "texture": "#north"},
				"west": {"uv": [11, 9, 12, 14], "rotation": 180, "texture": "#north"},
				"up": {"uv": [11, 13.5, 12, 14], "rotation": 90, "texture": "#north"}
			}
		},
		{
			"from": [-0.5, 5, 12],
			"to": [0, 8, 13],
			"faces": {
				"north": {"uv": [11, 8, 11.5, 11], "rotation": 180, "texture": "#north"},
				"south": {"uv": [11, 8, 11.5, 11], "rotation": 180, "texture": "#north"},
				"west": {"uv": [11, 8, 12, 11], "rotation": 180, "texture": "#north"}
			}
		},
		{
			"from": [-0.5, 11, 11],
			"to": [0, 13, 14],
			"faces": {
				"north": {"uv": [12, 11, 12.5, 13], "rotation": 180, "texture": "#north"},
				"south": {"uv": [10, 11, 10.5, 13], "rotation": 180, "texture": "#north"},
				"west": {"uv": [10, 11, 13, 13], "rotation": 180, "texture": "#north"},
				"up": {"uv": [10, 12.5, 13, 13], "rotation": 90, "texture": "#north"},
				"down": {"uv": [10, 11, 13, 11.5], "rotation": 270, "texture": "#north"}
			}
		},
		{
			"from": [-0.5, 3, 11],
			"to": [0, 5, 14],
			"faces": {
				"north": {"uv": [12, 3, 12.5, 5], "rotation": 180, "texture": "#north"},
				"south": {"uv": [10, 3, 10.5, 5], "rotation": 180, "texture": "#north"},
				"west": {"uv": [10, 3, 13, 5], "rotation": 180, "texture": "#north"},
				"up": {"uv": [10, 4.5, 13, 5], "rotation": 90, "texture": "#north"},
				"down": {"uv": [10, 3, 13, 3.5], "rotation": 270, "texture": "#north"}
			}
		},
		{
			"from": [-0.5, 2, 11],
			"to": [0, 3, 12],
			"faces": {
				"north": {"uv": [12, 2, 13, 3], "rotation": 180, "texture": "#north"},
				"south": {"uv": [12, 2, 13, 3], "rotation": 180, "texture": "#north"},
				"west": {"uv": [12, 2, 13, 3], "rotation": 180, "texture": "#north"},
				"down": {"uv": [12, 2, 13, 3], "rotation": 270, "texture": "#north"}
			}
		},
		{
			"from": [-0.5, 2, 13],
			"to": [0, 3, 14],
			"faces": {
				"north": {"uv": [10, 2, 11, 3], "rotation": 180, "texture": "#north"},
				"south": {"uv": [10, 2, 11, 3], "rotation": 180, "texture": "#north"},
				"west": {"uv": [10, 2, 11, 3], "rotation": 180, "texture": "#north"},
				"down": {"uv": [10, 2, 11, 3], "rotation": 270, "texture": "#north"}
			}
		},
		{
			"from": [11, 2, 16],
			"to": [12, 11, 16.475],
			"faces": {
				"east": {"uv": [11, 5, 12, 14], "texture": "#north"},
				"south": {"uv": [11, 5, 12, 14], "texture": "#north"},
				"west": {"uv": [11, 5, 12, 14], "texture": "#north"},
				"down": {"uv": [11, 13.5, 12, 14], "texture": "#north"}
			}
		},
		{
			"from": [10, 3, 16],
			"to": [13, 5, 16.5],
			"faces": {
				"east": {"uv": [10, 11, 10.5, 13], "texture": "#north"},
				"south": {"uv": [10, 11, 13, 13], "texture": "#north"},
				"west": {"uv": [12, 11, 12.5, 13], "texture": "#north"},
				"up": {"uv": [10, 11, 13, 11.5], "texture": "#north"},
				"down": {"uv": [10, 12.5, 13, 13], "texture": "#north"}
			}
		},
		{
			"from": [10, 11, 16],
			"to": [13, 13, 16.5],
			"faces": {
				"east": {"uv": [10, 3, 10.5, 5], "texture": "#north"},
				"south": {"uv": [10, 3, 13, 5], "texture": "#north"},
				"west": {"uv": [12, 3, 12.5, 5], "texture": "#north"},
				"up": {"uv": [10, 3, 13, 3.5], "texture": "#north"},
				"down": {"uv": [10, 4.5, 13, 5], "texture": "#north"}
			}
		},
		{
			"from": [10, 13, 16],
			"to": [11, 14, 16.5],
			"faces": {
				"east": {"uv": [12, 2, 13, 3], "texture": "#north"},
				"south": {"uv": [12, 2, 13, 3], "texture": "#north"},
				"west": {"uv": [12, 2, 13, 3], "texture": "#north"},
				"up": {"uv": [12, 2, 13, 3], "texture": "#north"}
			}
		},
		{
			"from": [12, 13, 16],
			"to": [13, 14, 16.5],
			"faces": {
				"east": {"uv": [10, 2, 11, 3], "texture": "#north"},
				"south": {"uv": [10, 2, 11, 3], "texture": "#north"},
				"west": {"uv": [10, 2, 11, 3], "texture": "#north"},
				"up": {"uv": [10, 2, 11, 3], "texture": "#north"}
			}
		},
		{
			"from": [-0.5, 4, 3],
			"to": [0, 12, 9],
			"faces": {
				"north": {"uv": [9, 5, 9.5, 11], "rotation": 180, "texture": "#east"},
				"south": {"uv": [2, 5, 2.5, 11], "rotation": 180, "texture": "#east"},
				"west": {"uv": [3, 4, 9, 12], "rotation": 180, "texture": "#east"},
				"up": {"uv": [3, 11.5, 9, 12], "rotation": 90, "texture": "#east"},
				"down": {"uv": [3, 4, 9, 4.5], "rotation": 270, "texture": "#east"}
			}
		},
		{
			"from": [-0.5, 5, 2],
			"to": [0, 11, 3],
			"faces": {
				"north": {"uv": [9, 5, 9.5, 11], "rotation": 180, "texture": "#east"},
				"west": {"uv": [2, 5, 3, 11], "rotation": 180, "texture": "#east"},
				"up": {"uv": [3, 11.5, 9, 12], "rotation": 90, "texture": "#east"},
				"down": {"uv": [3, 4, 9, 4.5], "rotation": 270, "texture": "#east"}
			}
		},
		{
			"from": [-0.5, 5, 9],
			"to": [0, 11, 10],
			"faces": {
				"south": {"uv": [9, 5, 9.5, 11], "rotation": 180, "texture": "#east"},
				"west": {"uv": [9, 5, 10, 11], "rotation": 180, "texture": "#east"},
				"up": {"uv": [3, 11.5, 9, 12], "rotation": 90, "texture": "#east"},
				"down": {"uv": [3, 4, 9, 4.5], "rotation": 270, "texture": "#east"}
			}
		},
		{
			"from": [16, 5, 6],
			"to": [16.5, 11, 7],
			"faces": {
				"north": {"uv": [9, 5, 9.5, 11], "rotation": 180, "texture": "#east"},
				"east": {"uv": [2, 5, 3, 11], "rotation": 180, "texture": "#east"},
				"up": {"uv": [3, 11.5, 9, 12], "rotation": 90, "texture": "#east"},
				"down": {"uv": [3, 4, 9, 4.5], "rotation": 270, "texture": "#east"}
			}
		},
		{
			"from": [16, 5, 13],
			"to": [16.5, 11, 14],
			"faces": {
				"east": {"uv": [9, 5, 10, 11], "rotation": 180, "texture": "#east"},
				"south": {"uv": [9, 5, 9.5, 11], "rotation": 180, "texture": "#east"},
				"up": {"uv": [3, 11.5, 9, 12], "rotation": 90, "texture": "#east"},
				"down": {"uv": [3, 4, 9, 4.5], "rotation": 270, "texture": "#east"}
			}
		},
		{
			"from": [16, 4, 7],
			"to": [16.5, 12, 13],
			"faces": {
				"north": {"uv": [12, 3, 12.5, 5], "rotation": 180, "texture": "#north"},
				"east": {"uv": [3, 4, 9, 12], "rotation": 180, "texture": "#east"},
				"south": {"uv": [10, 3, 10.5, 5], "rotation": 180, "texture": "#north"},
				"up": {"uv": [3, 4, 9, 4.5], "rotation": 90, "texture": "#east"},
				"down": {"uv": [3, 11, 9, 11.5], "rotation": 270, "texture": "#east"}
			}
		},
		{
			"from": [5, 1, 16],
			"to": [6, 8, 16.5],
			"rotation": {"angle": 0, "axis": "y", "origin": [8, 0, 8]},
			"faces": {
				"east": {"uv": [5, 8, 6, 15], "texture": "#north"},
				"south": {"uv": [5, 8, 6, 15], "texture": "#north"},
				"west": {"uv": [5, 8, 6, 15], "texture": "#north"},
				"down": {"uv": [5, 14.5, 6, 15], "texture": "#north"}
			}
		},
		{
			"from": [5, 9, 16],
			"to": [6, 14, 16.5],
			"rotation": {"angle": 0, "axis": "y", "origin": [8, 0, 8]},
			"faces": {
				"east": {"uv": [5, 2, 6, 7], "texture": "#north"},
				"south": {"uv": [5, 2, 6, 7], "texture": "#north"},
				"west": {"uv": [5, 2, 6, 7], "texture": "#north"},
				"up": {"uv": [5, 2, 6, 2.5], "texture": "#north"}
			}
		},
		{
			"from": [2, 9, 16],
			"to": [3, 12, 16.5],
			"rotation": {"angle": 0, "axis": "y", "origin": [8, 0, 8]},
			"faces": {
				"east": {"uv": [2, 4, 3, 7], "texture": "#north"},
				"south": {"uv": [2, 4, 3, 7], "texture": "#north"},
				"west": {"uv": [2, 4, 3, 7], "texture": "#north"},
				"up": {"uv": [2, 4, 3, 4.5], "texture": "#north"}
			}
		},
		{
			"from": [3, 10, 16],
			"to": [4, 13, 16.5],
			"rotation": {"angle": 0, "axis": "y", "origin": [8, 0, 8]},
			"faces": {
				"east": {"uv": [3, 3, 4, 6], "texture": "#north"},
				"south": {"uv": [3, 3, 4, 6], "texture": "#north"},
				"west": {"uv": [3, 3, 4, 6], "texture": "#north"},
				"up": {"uv": [3, 3, 4, 3.5], "texture": "#north"},
				"down": {"uv": [3, 5.5, 4, 6], "texture": "#north"}
			}
		},
		{
			"from": [4, 12, 16],
			"to": [5, 14, 16.5],
			"rotation": {"angle": 0, "axis": "y", "origin": [8, 0, 8]},
			"faces": {
				"south": {"uv": [4, 2, 5, 4], "texture": "#north"},
				"west": {"uv": [4, 2, 5, 4], "texture": "#north"},
				"up": {"uv": [4, 2, 5, 2.5], "texture": "#north"},
				"down": {"uv": [4, 3.5, 5, 4], "texture": "#north"}
			}
		},
		{
			"from": [4, 1, 16],
			"to": [5, 3, 16.5],
			"rotation": {"angle": 0, "axis": "y", "origin": [8, 0, 8]},
			"faces": {
				"south": {"uv": [4, 13, 5, 15], "texture": "#north"},
				"west": {"uv": [4, 13, 5, 15], "texture": "#north"},
				"up": {"uv": [4, 13, 5, 13.5], "texture": "#north"},
				"down": {"uv": [4, 14.5, 5, 15], "texture": "#north"}
			}
		},
		{
			"from": [3, 2, 16],
			"to": [4, 5, 16.5],
			"rotation": {"angle": 0, "axis": "y", "origin": [8, 0, 8]},
			"faces": {
				"east": {"uv": [3, 11, 4, 14], "texture": "#north"},
				"south": {"uv": [3, 11, 4, 14], "texture": "#north"},
				"west": {"uv": [3, 11, 4, 14], "texture": "#north"},
				"up": {"uv": [3, 11, 4, 11.5], "texture": "#north"},
				"down": {"uv": [3, 13.5, 4, 14], "texture": "#north"}
			}
		},
		{
			"from": [2, 4, 16],
			"to": [3, 8, 16.5],
			"rotation": {"angle": 0, "axis": "y", "origin": [8, 0, 8]},
			"faces": {
				"east": {"uv": [2, 8, 3, 12], "texture": "#north"},
				"south": {"uv": [2, 8, 3, 12], "texture": "#north"},
				"west": {"uv": [2, 8, 3, 12], "texture": "#north"},
				"down": {"uv": [2, 11.5, 3, 12], "texture": "#north"}
			}
		},
		{
			"from": [10, 1, -0.5],
			"to": [11, 8, 0],
			"rotation": {"angle": 0, "axis": "y", "origin": [8, 0, 8]},
			"faces": {
				"north": {"uv": [5, 8, 6, 15], "texture": "#north"},
				"east": {"uv": [5, 8, 6, 15], "texture": "#north"},
				"west": {"uv": [5, 8, 6, 15], "texture": "#north"},
				"down": {"uv": [5, 14.5, 6, 15], "rotation": 180, "texture": "#north"}
			}
		},
		{
			"from": [10, 9, -0.5],
			"to": [11, 14, 0],
			"rotation": {"angle": 0, "axis": "y", "origin": [8, 0, 8]},
			"faces": {
				"north": {"uv": [5, 2, 6, 7], "texture": "#north"},
				"east": {"uv": [5, 2, 6, 7], "texture": "#north"},
				"west": {"uv": [5, 2, 6, 7], "texture": "#north"},
				"up": {"uv": [5, 2, 6, 2.5], "rotation": 180, "texture": "#north"}
			}
		},
		{
			"from": [13, 9, -0.5],
			"to": [14, 12, 0],
			"rotation": {"angle": 0, "axis": "y", "origin": [8, 0, 8]},
			"faces": {
				"north": {"uv": [2, 4, 3, 7], "texture": "#north"},
				"east": {"uv": [2, 4, 3, 7], "texture": "#north"},
				"west": {"uv": [2, 4, 3, 7], "texture": "#north"},
				"up": {"uv": [2, 4, 3, 4.5], "rotation": 180, "texture": "#north"}
			}
		},
		{
			"from": [12, 10, -0.5],
			"to": [13, 13, 0],
			"rotation": {"angle": 0, "axis": "y", "origin": [8, 0, 8]},
			"faces": {
				"north": {"uv": [3, 3, 4, 6], "texture": "#north"},
				"east": {"uv": [3, 3, 4, 6], "texture": "#north"},
				"west": {"uv": [3, 3, 4, 6], "texture": "#north"},
				"up": {"uv": [3, 3, 4, 3.5], "rotation": 180, "texture": "#north"},
				"down": {"uv": [3, 5.5, 4, 6], "rotation": 180, "texture": "#north"}
			}
		},
		{
			"from": [11, 12, -0.5],
			"to": [12, 14, 0],
			"rotation": {"angle": 0, "axis": "y", "origin": [8, 0, 8]},
			"faces": {
				"north": {"uv": [4, 2, 5, 4], "texture": "#north"},
				"east": {"uv": [4, 2, 5, 4], "texture": "#north"},
				"up": {"uv": [4, 2, 5, 2.5], "rotation": 180, "texture": "#north"},
				"down": {"uv": [4, 3.5, 5, 4], "rotation": 180, "texture": "#north"}
			}
		},
		{
			"from": [11, 1, -0.5],
			"to": [12, 3, 0],
			"rotation": {"angle": 0, "axis": "y", "origin": [8, 0, 8]},
			"faces": {
				"north": {"uv": [4, 13, 5, 15], "texture": "#north"},
				"east": {"uv": [4, 13, 5, 15], "texture": "#north"},
				"up": {"uv": [4, 13, 5, 13.5], "rotation": 180, "texture": "#north"},
				"down": {"uv": [4, 14.5, 5, 15], "rotation": 180, "texture": "#north"}
			}
		},
		{
			"from": [12, 2, -0.5],
			"to": [13, 5, 0],
			"rotation": {"angle": 0, "axis": "y", "origin": [8, 0, 8]},
			"faces": {
				"north": {"uv": [3, 11, 4, 14], "texture": "#north"},
				"east": {"uv": [3, 11, 4, 14], "texture": "#north"},
				"west": {"uv": [3, 11, 4, 14], "texture": "#north"},
				"up": {"uv": [3, 11, 4, 11.5], "rotation": 180, "texture": "#north"},
				"down": {"uv": [3, 13.5, 4, 14], "rotation": 180, "texture": "#north"}
			}
		},
		{
			"from": [13, 4, -0.5],
			"to": [14, 8, 0],
			"rotation": {"angle": 0, "axis": "y", "origin": [8, 0, 8]},
			"faces": {
				"north": {"uv": [2, 8, 3, 12], "texture": "#north"},
				"east": {"uv": [2, 8, 3, 12], "texture": "#north"},
				"west": {"uv": [2, 8, 3, 12], "texture": "#north"},
				"down": {"uv": [2, 11.5, 3, 12], "rotation": 180, "texture": "#north"}
			}
		},
		{
			"from": [-0.5, 8, 0],
			"to": [0, 9, 2],
			"rotation": {"angle": 0, "axis": "y", "origin": [8, 0, 8]},
			"faces": {
				"west": {"uv": [0, 7, 2, 8], "texture": "#east"},
				"up": {"uv": [2, 7, 0, 8], "rotation": 270, "texture": "#east"},
				"down": {"uv": [2, 7, 0, 8], "rotation": 90, "texture": "#east"}
			}
		},
		{
			"from": [-0.5, 8, 10],
			"to": [0, 9, 16],
			"rotation": {"angle": 0, "axis": "y", "origin": [8, 0, 8]},
			"faces": {
				"west": {"uv": [10, 7, 16, 8], "texture": "#east"},
				"up": {"uv": [16, 7, 10, 8], "rotation": 270, "texture": "#east"},
				"down": {"uv": [16, 7, 10, 8], "rotation": 90, "texture": "#east"}
			}
		},
		{
			"from": [16, 8, 14],
			"to": [16.5, 9, 16],
			"rotation": {"angle": 0, "axis": "y", "origin": [8, 0, 8]},
			"faces": {
				"east": {"uv": [0, 7, 2, 8], "texture": "#east"},
				"up": {"uv": [2, 7, 0, 8], "rotation": 90, "texture": "#east"},
				"down": {"uv": [2, 7, 0, 8], "rotation": 270, "texture": "#east"}
			}
		},
		{
			"from": [16, 8, 0],
			"to": [16.5, 9, 6],
			"rotation": {"angle": 0, "axis": "y", "origin": [8, 0, 8]},
			"faces": {
				"east": {"uv": [10, 7, 16, 8], "texture": "#east"},
				"up": {"uv": [16, 7, 10, 8], "rotation": 90, "texture": "#east"},
				"down": {"uv": [16, 7, 10, 8], "rotation": 270, "texture": "#east"}
			}
		},
		{
			"from": [0, 8, -0.5],
			"to": [16, 9, 0],
			"rotation": {"angle": 0, "axis": "y", "origin": [8, 0, 8]},
			"faces": {
				"north": {"uv": [0, 7, 16, 8], "texture": "#north"},
				"up": {"uv": [0, 7, 16, 8], "texture": "#north"},
				"down": {"uv": [0, 7, 16, 8], "texture": "#north"}
			}
		},
		{
			"from": [0, 8, 16],
			"to": [16, 9, 16.5],
			"rotation": {"angle": 0, "axis": "y", "origin": [8, 0, 8]},
			"faces": {
				"south": {"uv": [0, 7, 16, 8], "texture": "#north"},
				"up": {"uv": [0, 7, 16, 8], "texture": "#north"},
				"down": {"uv": [0, 7, 16, 8], "texture": "#north"}
			}
		},
		{
			"from": [16, 8, 16],
			"to": [16.5, 9, 16.5],
			"rotation": {"angle": 0, "axis": "y", "origin": [8, 0, 8]},
			"faces": {
				"east": {"uv": [0, 7, 1, 8], "rotation": 270, "texture": "#north"},
				"south": {"uv": [0, 7, 1, 8], "rotation": 270, "texture": "#north"},
				"up": {"uv": [0, 7, 1, 8], "rotation": 270, "texture": "#north"},
				"down": {"uv": [0, 7, 1, 8], "rotation": 270, "texture": "#north"}
			}
		},
		{
			"from": [-0.5, 8, 16],
			"to": [0, 9, 16.5],
			"rotation": {"angle": 0, "axis": "y", "origin": [8, 0, 8]},
			"faces": {
				"south": {"uv": [0, 7, 1, 8], "rotation": 270, "texture": "#north"},
				"west": {"uv": [0, 7, 1, 8], "rotation": 270, "texture": "#north"},
				"up": {"uv": [0, 7, 1, 8], "rotation": 270, "texture": "#north"},
				"down": {"uv": [0, 7, 1, 8], "rotation": 270, "texture": "#north"}
			}
		},
		{
			"from": [-0.5, 8, -0.5],
			"to": [0, 9, 0],
			"rotation": {"angle": 0, "axis": "y", "origin": [8, 0, 8]},
			"faces": {
				"north": {"uv": [0, 7, 1, 8], "rotation": 270, "texture": "#north"},
				"west": {"uv": [0, 7, 1, 8], "rotation": 270, "texture": "#north"},
				"up": {"uv": [0, 7, 1, 8], "rotation": 270, "texture": "#north"},
				"down": {"uv": [0, 7, 1, 8], "rotation": 270, "texture": "#north"}
			}
		},
		{
			"from": [16, 8, -0.5],
			"to": [16.5, 9, 0],
			"rotation": {"angle": 0, "axis": "y", "origin": [8, 0, 8]},
			"faces": {
				"north": {"uv": [0, 7, 1, 8], "rotation": 270, "texture": "#north"},
				"east": {"uv": [0, 7, 1, 8], "rotation": 270, "texture": "#north"},
				"up": {"uv": [0, 7, 1, 8], "rotation": 270, "texture": "#north"},
				"down": {"uv": [0, 7, 1, 8], "rotation": 270, "texture": "#north"}
			}
		},
		{
			"from": [2, 16, 4],
			"to": [5, 16.5, 10],
			"faces": {
				"north": {"uv": [2, 4, 5, 4.5], "texture": "#up"},
				"east": {"uv": [4, 4, 4.5, 10], "rotation": 90, "texture": "#up"},
				"south": {"uv": [2, 9, 5, 9.5], "texture": "#up"},
				"west": {"uv": [2, 4, 2.5, 10], "rotation": 90, "texture": "#up"},
				"up": {"uv": [2, 4, 5, 10], "texture": "#up"}
			}
		},
		{
			"from": [3, 16, 2],
			"to": [4, 16.5, 4],
			"faces": {
				"north": {"uv": [3, 3, 4, 3.5], "texture": "#up"},
				"east": {"uv": [3, 2, 4, 3.5], "rotation": 180, "texture": "#up"},
				"west": {"uv": [3, 2, 4, 3.5], "rotation": 180, "texture": "#up"},
				"up": {"uv": [3, 2, 4, 4], "texture": "#up"}
			}
		},
		{
			"from": [9, 16, 12],
			"to": [10, 16.5, 14],
			"faces": {
				"north": {"uv": [9, 13, 10, 13.5], "texture": "#up"},
				"east": {"uv": [9, 12, 10, 13.5], "rotation": 180, "texture": "#up"},
				"south": {"uv": [9, 12, 10, 12.5], "texture": "#up"},
				"west": {"uv": [9, 12, 10, 13.5], "rotation": 180, "texture": "#up"},
				"up": {"uv": [9, 12, 10, 14], "texture": "#up"}
			}
		},
		{
			"from": [10, 16, 11],
			"to": [11, 16.5, 13],
			"faces": {
				"north": {"uv": [10, 12, 11, 12.5], "texture": "#up"},
				"east": {"uv": [10, 11, 11, 12.5], "rotation": 180, "texture": "#up"},
				"south": {"uv": [10, 11, 11, 11.5], "texture": "#up"},
				"west": {"uv": [10, 11, 11, 12.5], "rotation": 180, "texture": "#up"},
				"up": {"uv": [10, 11, 11, 13], "texture": "#up"}
			}
		},
		{
			"from": [11, 16, 10],
			"to": [12, 16.5, 12],
			"faces": {
				"north": {"uv": [11, 11, 12, 11.5], "texture": "#up"},
				"east": {"uv": [11, 10, 12, 11.5], "rotation": 180, "texture": "#up"},
				"south": {"uv": [11, 10, 12, 10.5], "texture": "#up"},
				"west": {"uv": [11, 10, 12, 11.5], "rotation": 180, "texture": "#up"},
				"up": {"uv": [11, 10, 12, 12], "texture": "#up"}
			}
		},
		{
			"from": [12, 16, 9],
			"to": [13, 16.5, 11],
			"faces": {
				"north": {"uv": [12, 10, 13, 10.5], "texture": "#up"},
				"east": {"uv": [12, 9, 13, 10.5], "rotation": 180, "texture": "#up"},
				"south": {"uv": [12, 9, 13, 9.5], "texture": "#up"},
				"west": {"uv": [12, 9, 13, 10.5], "rotation": 180, "texture": "#up"},
				"up": {"uv": [12, 9, 13, 11], "texture": "#up"}
			}
		},
		{
			"from": [13, 16, 8],
			"to": [14, 16.5, 10],
			"faces": {
				"north": {"uv": [13, 9, 14, 9.5], "texture": "#up"},
				"east": {"uv": [13, 8, 14, 9.5], "rotation": 180, "texture": "#up"},
				"south": {"uv": [13, 8, 14, 8.5], "texture": "#up"},
				"west": {"uv": [13, 8, 14, 9.5], "rotation": 180, "texture": "#up"},
				"up": {"uv": [13, 8, 14, 10], "texture": "#up"}
			}
		},
		{
			"from": [4, 16, 3],
			"to": [5, 16.5, 4],
			"faces": {
				"north": {"uv": [4, 3, 5, 4], "texture": "#up"},
				"east": {"uv": [4, 3, 5, 4], "texture": "#up"},
				"up": {"uv": [4, 3, 5, 4], "texture": "#up"}
			}
		},
		{
			"from": [14, 16, 8],
			"to": [15, 16.5, 9],
			"faces": {
				"north": {"uv": [14, 8, 15, 9], "texture": "#up"},
				"east": {"uv": [14, 8, 15, 9], "texture": "#up"},
				"south": {"uv": [14, 8, 15, 9], "texture": "#up"},
				"up": {"uv": [14, 8, 15, 9], "texture": "#up"}
			}
		},
		{
			"from": [4, 16, 11],
			"to": [5, 16.5, 12],
			"faces": {
				"north": {"uv": [4, 11, 5, 12], "texture": "#up"},
				"east": {"uv": [4, 11, 5, 12], "texture": "#up"},
				"south": {"uv": [4, 11, 5, 12], "texture": "#up"},
				"west": {"uv": [4, 11, 5, 12], "texture": "#up"},
				"up": {"uv": [4, 11, 5, 12], "texture": "#up"}
			}
		},
		{
			"from": [3, 16, 10],
			"to": [4, 16.5, 11],
			"faces": {
				"east": {"uv": [3, 10, 4, 11], "texture": "#up"},
				"south": {"uv": [3, 10, 4, 11], "texture": "#up"},
				"west": {"uv": [3, 10, 4, 11], "texture": "#up"},
				"up": {"uv": [3, 10, 4, 11], "texture": "#up"}
			}
		}
	],
	"display": {
		"thirdperson_righthand": {
			"rotation": [75, 45, 0],
			"translation": [0, 2.5, 0],
			"scale": [0.375, 0.375, 0.375]
		},
		"thirdperson_lefthand": {
			"rotation": [75, 45, 0],
			"translation": [0, 2.5, 0],
			"scale": [0.375, 0.375, 0.375]
		},
		"firstperson_righthand": {
			"rotation": [0, 45, 0],
			"scale": [0.4, 0.4, 0.4]
		},
		"firstperson_lefthand": {
			"rotation": [0, 225, 0],
			"scale": [0.4, 0.4, 0.4]
		},
		"ground": {
			"translation": [0, 3, 0],
			"scale": [0.25, 0.25, 0.25]
		},
		"gui": {
			"rotation": [30, 225, 0],
			"scale": [0.625, 0.625, 0.625]
		},
		"fixed": {
			"scale": [0.5, 0.5, 0.5]
		}
	},
	"groups": [
		0,
		{
			"name": "arrow",
			"origin": [0, 0, 0],
			"color": 0,
			"children": [
				{
					"name": "flèche",
					"origin": [0, 0, 0],
					"color": 0,
					"children": [1, 2, 3, 4, 5]
				},
				{
					"name": "flèche",
					"origin": [0, 0, 0],
					"color": 0,
					"children": [6, 7, 8, 9, 10]
				},
				{
					"name": "flèche",
					"origin": [0, 0, 0],
					"color": 0,
					"children": [11, 12, 13, 14, 15, 16]
				},
				{
					"name": "flèche",
					"origin": [0, 0, 0],
					"color": 0,
					"children": [17, 18, 19, 20, 21]
				}
			]
		},
		{
			"name": "cible",
			"origin": [0, 0, 0],
			"color": 0,
			"children": [22, 23, 24, 25, 26, 27]
		},
		{
			"name": "arc",
			"origin": [0, 0, 0],
			"color": 0,
			"children": [28, 29, 30, 31, 32, 33, 34, 35]
		},
		{
			"name": "arc",
			"origin": [0, 0, 0],
			"color": 0,
			"children": [36, 37, 38, 39, 40, 41, 42, 43]
		},
		{
			"name": "cote",
			"origin": [8, 0, 8],
			"color": 0,
			"children": [44, 45, 46, 47, 48, 49, 50, 51, 52, 53]
		},
		54,
		55,
		56,
		57,
		58,
		59,
		60,
		61,
		62,
		63,
		64
	]
}