{
	"credit": "Made with Blockbench by Valdr687",
	"parent": "minecraft:block/orientable",
	"textures": {
		"top": "block/furnace_top",
		"front": "block/furnace_front_on",
		"side": "block/furnace_side"
	},
	"elements": [
		{
			"from": [0, 0, 0],
			"to": [16, 1, 16],
			"faces": {
				"north": {"uv": [0, 15, 16, 16], "texture": "#side"},
				"east": {"uv": [0, 15, 16, 16], "texture": "#side"},
				"south": {"uv": [0, 15, 16, 16], "texture": "#side"},
				"west": {"uv": [0, 15, 16, 16], "texture": "#side"},
				"up": {"uv": [0, 0, 16, 16], "texture": "#top"},
				"down": {"uv": [0, 0, 16, 16], "texture": "#top"}
			}
		},
		{
			"from": [0, 1, 0],
			"to": [3, 13, 1],
			"faces": {
				"north": {"uv": [13, 3, 16, 15], "texture": "#front"},
				"east": {"uv": [13, 3, 14, 15], "texture": "#front"},
				"west": {"uv": [0, 3, 1, 15], "texture": "#side"}
			}
		},
		{
			"from": [13, 1, 0],
			"to": [16, 13, 1],
			"faces": {
				"north": {"uv": [0, 3, 3, 15], "texture": "#front"},
				"east": {"uv": [15, 3, 16, 15], "texture": "#side"},
				"west": {"uv": [2, 3, 3, 15], "texture": "#front"}
			}
		},
		{
			"from": [0, 1, 1],
			"to": [16, 16, 16],
			"faces": {
				"north": {"uv": [0, 0, 16, 15], "texture": "#front"},
				"east": {"uv": [0, 0, 15, 15], "texture": "#side"},
				"south": {"uv": [0, 0, 16, 15], "texture": "#side"},
				"west": {"uv": [1, 0, 16, 15], "texture": "#side"},
				"up": {"uv": [0, 1, 16, 16], "texture": "#top"}
			}
		},
		{
			"from": [0, 13, 0],
			"to": [16, 16, 1],
			"faces": {
				"north": {"uv": [0, 0, 16, 3], "texture": "#front"},
				"east": {"uv": [0, 0, 1, 3], "texture": "#side"},
				"west": {"uv": [15, 0, 16, 3], "texture": "#side"},
				"up": {"uv": [0, 0, 16, 1], "texture": "#top"},
				"down": {"uv": [0, 2, 16, 3], "texture": "#front"}
			}
		},
		{
			"from": [3, 3, 0],
			"to": [4, 4, 1],
			"faces": {
				"north": {"uv": [12, 12, 13, 13], "texture": "#front"},
				"east": {"uv": [12, 12, 13, 13], "texture": "#front"},
				"down": {"uv": [12, 12, 13, 13], "texture": "#front"}
			}
		},
		{
			"from": [3, 4, 0],
			"to": [5, 5, 1],
			"faces": {
				"north": {"uv": [3, 11, 5, 12], "rotation": 180, "texture": "#front"},
				"east": {"uv": [12, 12, 13, 13], "texture": "#front"},
				"down": {"uv": [3, 11, 5, 12], "rotation": 180, "texture": "#front"}
			}
		},
		{
			"from": [3, 5, 0],
			"to": [13, 9, 1],
			"faces": {
				"north": {"uv": [3, 7, 13, 11], "texture": "#front"},
				"up": {"uv": [3, 7, 13, 8], "texture": "#front"},
				"down": {"uv": [3, 10, 13, 11], "texture": "#front"}
			}
		},
		{
			"from": [11, 4, 0],
			"to": [13, 5, 1],
			"faces": {
				"north": {"uv": [3, 11, 5, 12], "texture": "#front"},
				"west": {"uv": [4, 11, 5, 12], "texture": "#front"},
				"down": {"uv": [3, 11, 5, 12], "rotation": 180, "texture": "#front"}
			}
		},
		{
			"from": [12, 3, 0],
			"to": [13, 4, 1],
			"faces": {
				"north": {"uv": [3, 12, 4, 13], "texture": "#front"},
				"west": {"uv": [3, 12, 4, 13], "texture": "#front"},
				"down": {"uv": [3, 12, 4, 13], "texture": "#front"}
			}
		},
		{
			"from": [11, 12, 0],
			"to": [13, 13, 1],
			"faces": {
				"north": {"uv": [3, 3, 5, 4], "texture": "#front"},
				"west": {"uv": [4, 3, 5, 4], "texture": "#front"},
				"down": {"uv": [3, 3, 5, 4], "rotation": 180, "texture": "#front"}
			}
		},
		{
			"from": [12, 11, 0],
			"to": [13, 12, 1],
			"faces": {
				"north": {"uv": [3, 4, 4, 5], "texture": "#front"},
				"west": {"uv": [3, 4, 4, 5], "texture": "#front"},
				"down": {"uv": [3, 4, 4, 5], "texture": "#front"}
			}
		},
		{
			"from": [3, 12, 0],
			"to": [5, 13, 1],
			"faces": {
				"north": {"uv": [11, 3, 13, 4], "texture": "#front"},
				"east": {"uv": [12, 4, 13, 5], "texture": "#front"},
				"down": {"uv": [11, 3, 13, 4], "rotation": 180, "texture": "#front"}
			}
		},
		{
			"from": [3, 11, 0],
			"to": [4, 12, 1],
			"faces": {
				"north": {"uv": [12, 4, 13, 5], "texture": "#front"},
				"east": {"uv": [12, 4, 13, 5], "texture": "#front"},
				"down": {"uv": [12, 4, 13, 5], "texture": "#front"}
			}
		},
		{
			"from": [5, 12, 0.5],
			"to": [11, 13, 1],
			"faces": {
				"north": {"uv": [5, 3, 11, 4], "texture": "#front"},
				"down": {"uv": [5, 3, 11, 4], "rotation": 180, "texture": "#front"}
			}
		},
		{
			"from": [10, 4, 0.5],
			"to": [11, 5, 1],
			"faces": {
				"north": {"uv": [10, 11, 11, 12], "texture": "#front"},
				"west": {"uv": [10, 11, 11, 12], "texture": "#front"},
				"down": {"uv": [10, 11, 11, 12], "texture": "#front"}
			}
		},
		{
			"from": [5, 4, 0.5],
			"to": [6, 5, 1],
			"faces": {
				"north": {"uv": [10, 11, 11, 12], "texture": "#front"},
				"east": {"uv": [10, 11, 11, 12], "texture": "#front"},
				"down": {"uv": [10, 11, 11, 12], "texture": "#front"}
			}
		}
	]
}