{
	"credit": "Made with Blockbench by Valdr687",
	"parent": "minecraft:item/generated",
	"textures": {
		"layer0": "block/iron_bars"
	},
	"elements": [
		{
			"from": [2, 0, 7],
			"to": [4, 16, 9],
			"faces": {
				"north": {"uv": [12, 0, 14, 16], "texture": "#layer0"},
				"east": {"uv": [12, 0, 14, 16], "texture": "#layer0"},
				"south": {"uv": [12, 0, 14, 16], "texture": "#layer0"},
				"west": {"uv": [12, 0, 14, 16], "texture": "#layer0"},
				"up": {"uv": [12, 0, 14, 2], "texture": "#layer0"},
				"down": {"uv": [12, 14, 14, 16], "texture": "#layer0"}
			}
		},
		{
			"from": [7, 0, 7],
			"to": [9, 16, 9],
			"faces": {
				"north": {"uv": [7, 0, 9, 16], "texture": "#layer0"},
				"east": {"uv": [7, 0, 9, 16], "texture": "#layer0"},
				"south": {"uv": [7, 0, 9, 16], "texture": "#layer0"},
				"west": {"uv": [7, 0, 9, 16], "texture": "#layer0"},
				"up": {"uv": [7, 0, 9, 2], "texture": "#layer0"},
				"down": {"uv": [7, 14, 9, 16], "texture": "#layer0"}
			}
		},
		{
			"from": [12, 0, 7],
			"to": [14, 16, 9],
			"faces": {
				"north": {"uv": [2, 0, 4, 16], "texture": "#layer0"},
				"east": {"uv": [2, 0, 4, 16], "texture": "#layer0"},
				"south": {"uv": [2, 0, 4, 16], "texture": "#layer0"},
				"west": {"uv": [2, 0, 4, 16], "texture": "#layer0"},
				"up": {"uv": [2, 0, 4, 2], "texture": "#layer0"},
				"down": {"uv": [2, 14, 4, 16], "texture": "#layer0"}
			}
		}
	]
}