{
	"credit": "Made with Blockbench by Valdr687",
	"parent": "minecraft:block/template_trapdoor_bottom",
	"textures": {
		"1": "block/doors/iron_door_extra",
		"particle": "block/iron_trapdoor",
		"texture": "block/iron_trapdoor"
	},
	"elements": [
		{
			"from": [0, 13, 13],
			"to": [16, 16, 16],
			"faces": {
				"north": {"uv": [0, 0, 3, 16], "rotation": 270, "texture": "#1"},
				"east": {"uv": [10, 0, 13, 3], "rotation": 270, "texture": "#1"},
				"south": {"uv": [0, 0, 3, 16], "rotation": 270, "texture": "#1"},
				"west": {"uv": [10, 0, 13, 3], "rotation": 90, "texture": "#1"},
				"up": {"uv": [0, 13, 16, 16], "texture": "#texture"},
				"down": {"uv": [0, 0, 16, 3], "texture": "#texture"}
			}
		},
		{
			"from": [0, 13, 0],
			"to": [16, 16, 3],
			"faces": {
				"north": {"uv": [0, 0, 3, 16], "rotation": 270, "texture": "#1"},
				"east": {"uv": [13, 13, 16, 16], "rotation": 270, "texture": "#1"},
				"south": {"uv": [0, 0, 3, 16], "rotation": 270, "texture": "#1"},
				"west": {"uv": [13, 13, 16, 16], "rotation": 90, "texture": "#1"},
				"up": {"uv": [16, 0, 0, 3], "texture": "#texture"},
				"down": {"uv": [0, 13, 16, 16], "texture": "#texture"}
			}
		},
		{
			"from": [0, 13, 3],
			"to": [3, 16, 13],
			"faces": {
				"east": {"uv": [10, 3, 13, 13], "rotation": 270, "texture": "#1"},
				"west": {"uv": [13, 3, 16, 13], "rotation": 270, "texture": "#1"},
				"up": {"uv": [0, 13, 3, 3], "texture": "#texture"},
				"down": {"uv": [0, 3, 3, 13], "texture": "#texture"}
			}
		},
		{
			"from": [13, 13, 3],
			"to": [16, 16, 13],
			"faces": {
				"east": {"uv": [10, 3, 13, 13], "rotation": 270, "texture": "#1"},
				"west": {"uv": [13, 3, 16, 13], "rotation": 270, "texture": "#1"},
				"up": {"uv": [13, 13, 16, 3], "texture": "#texture"},
				"down": {"uv": [13, 3, 16, 13], "texture": "#texture"}
			}
		},
		{
			"from": [6, 13, 10],
			"to": [10, 16, 13],
			"faces": {
				"east": {"uv": [4, 7, 7, 10], "rotation": 270, "texture": "#1"},
				"west": {"uv": [4, 4, 7, 7], "rotation": 270, "texture": "#1"},
				"up": {"uv": [6, 10, 10, 13], "texture": "#texture"},
				"down": {"uv": [6, 10, 10, 13], "texture": "#texture"}
			}
		},
		{
			"from": [6, 13, 3],
			"to": [10, 16, 6],
			"faces": {
				"east": {"uv": [4, 4, 7, 7], "rotation": 270, "texture": "#1"},
				"west": {"uv": [4, 6, 7, 9], "rotation": 270, "texture": "#1"},
				"up": {"uv": [6, 3, 10, 6], "texture": "#texture"},
				"down": {"uv": [6, 3, 10, 6], "texture": "#texture"}
			}
		},
		{
			"from": [3, 13, 6],
			"to": [13, 16, 10],
			"faces": {
				"north": {"uv": [4, 4, 7, 14], "rotation": 270, "texture": "#1"},
				"south": {"uv": [4, 4, 7, 14], "rotation": 270, "texture": "#1"},
				"up": {"uv": [3, 6, 13, 10], "texture": "#texture"},
				"down": {"uv": [3, 6, 13, 10], "texture": "#texture"}
			}
		}
	]
}