{
	"credit": "Made with Blockbench by Valdr687",
	"parent": "minecraft:block/door_bottom_right_open",
	"textures": {
		"1": "block/doors/iron_door_extra",
		"bottom": "block/iron_door_bottom"
	},
	"elements": [
		{
			"from": [0, 0, 0],
			"to": [3, 3, 16],
			"faces": {
				"north": {"uv": [13, 13, 16, 16], "texture": "#1"},
				"east": {"uv": [16, 13, 0, 16], "texture": "#bottom"},
				"south": {"uv": [13, 13, 16, 16], "texture": "#1"},
				"west": {"uv": [16, 13, 0, 16], "texture": "#bottom"},
				"up": {"uv": [0, 0, 3, 16], "texture": "#1"},
				"down": {"uv": [0, 0, 3, 16], "texture": "#1"}
			}
		},
		{
			"from": [0, 3, 0],
			"to": [3, 16, 3],
			"faces": {
				"north": {"uv": [13, 0, 16, 13], "texture": "#1"},
				"east": {"uv": [3, 0, 0, 13], "texture": "#bottom"},
				"south": {"uv": [10, 1, 13, 14], "texture": "#1"},
				"west": {"uv": [0, 0, 3, 13], "texture": "#bottom"},
				"up": {"uv": [0, 0, 3, 3], "texture": "#1"}
			}
		},
		{
			"from": [0, 6, 3],
			"to": [3, 9, 7],
			"faces": {
				"east": {"uv": [7, 7, 3, 10], "texture": "#bottom"},
				"west": {"uv": [7, 7, 3, 10], "texture": "#bottom"},
				"up": {"uv": [0, 4, 3, 8], "texture": "#1"},
				"down": {"uv": [0, 8, 3, 12], "texture": "#1"}
			}
		},
		{
			"from": [0, 6, 9],
			"to": [3, 9, 13],
			"faces": {
				"east": {"uv": [13, 7, 9, 10], "texture": "#bottom"},
				"west": {"uv": [13, 7, 9, 10], "texture": "#bottom"},
				"up": {"uv": [0, 4, 3, 8], "texture": "#1"},
				"down": {"uv": [0, 8, 3, 12], "texture": "#1"}
			}
		},
		{
			"from": [0, 12, 9],
			"to": [3, 15, 13],
			"faces": {
				"east": {"uv": [7, 1, 3, 4], "texture": "#bottom"},
				"west": {"uv": [7, 1, 3, 4], "texture": "#bottom"},
				"up": {"uv": [0, 4, 3, 8], "texture": "#1"},
				"down": {"uv": [0, 8, 3, 12], "texture": "#1"}
			}
		},
		{
			"from": [0, 12, 3],
			"to": [3, 15, 7],
			"faces": {
				"east": {"uv": [7, 1, 3, 4], "texture": "#bottom"},
				"west": {"uv": [7, 1, 3, 4], "texture": "#bottom"},
				"up": {"uv": [0, 4, 3, 8], "texture": "#1"},
				"down": {"uv": [0, 8, 3, 12], "texture": "#1"}
			}
		},
		{
			"from": [0, 3, 7],
			"to": [3, 15.975, 9],
			"faces": {
				"north": {"uv": [13, 0, 16, 13], "texture": "#1"},
				"east": {"uv": [9, 0, 7, 13], "texture": "#bottom"},
				"south": {"uv": [10, 1, 13, 14], "texture": "#1"},
				"west": {"uv": [9, 0, 7, 13], "texture": "#bottom"},
				"up": {"uv": [0, 6, 3, 8], "texture": "#1"}
			}
		},
		{
			"from": [1, 3, 3],
			"to": [2, 16, 13],
			"faces": {
				"east": {"uv": [13, 0, 3, 13], "texture": "#bottom"},
				"west": {"uv": [13, 0, 3, 13], "texture": "#bottom"},
				"up": {"uv": [1, 3, 2, 13], "texture": "#1"}
			}
		},
		{
			"from": [0, 3, 13],
			"to": [3, 16, 16],
			"faces": {
				"north": {"uv": [13, 0, 16, 13], "texture": "#1"},
				"east": {"uv": [16, 0, 13, 13], "texture": "#bottom"},
				"south": {"uv": [13, 0, 16, 13], "texture": "#1"},
				"west": {"uv": [16, 0, 13, 13], "texture": "#bottom"},
				"up": {"uv": [0, 13, 3, 16], "texture": "#1"}
			}
		}
	]
}