{
	"credit": "Made with Blockbench by Valdr687",
	"textures": {
		"0": "block/jack_o_lantern",
		"1": "block/pumpkin_top",
		"2": "block/pumpkin_side",
		"3": "block/pumpkin_bottom",
		"particle": "block/jack_o_lantern"
	},
	"elements": [
		{
			"from": [0, 0, 1],
			"to": [16, 16, 16],
			"faces": {
				"east": {"uv": [0, 0, 15, 16], "texture": "#2"},
				"south": {"uv": [0, 0, 16, 16], "texture": "#2"},
				"west": {"uv": [1, 0, 16, 16], "texture": "#2"},
				"up": {"uv": [0, 1, 16, 16], "texture": "#1", "cullface": "up"},
				"down": {"uv": [0, 0, 16, 15], "texture": "#3", "cullface": "down"}
			}
		},
		{
			"from": [0, 0, 0],
			"to": [1, 16, 1],
			"faces": {
				"north": {"uv": [15, 0, 16, 16], "texture": "#0"},
				"east": {"uv": [15, 0, 16, 16], "texture": "#2"},
				"west": {"uv": [0, 0, 1, 16], "texture": "#2"},
				"up": {"uv": [15, 0, 16, 1], "texture": "#1"},
				"down": {"uv": [15, 15, 16, 16], "texture": "#3"}
			}
		},
		{
			"from": [15, 0, 0],
			"to": [16, 16, 1],
			"faces": {
				"north": {"uv": [15, 0, 16, 16], "texture": "#0"},
				"east": {"uv": [15, 0, 16, 16], "texture": "#2"},
				"up": {"uv": [0, 0, 1, 1], "texture": "#1"},
				"down": {"uv": [0, 15, 1, 16], "texture": "#3"}
			}
		},
		{
			"from": [1, 0, 0],
			"to": [15, 2, 1],
			"faces": {
				"north": {"uv": [1, 14, 15, 16], "texture": "#0"},
				"up": {"uv": [1, 14, 15, 15], "texture": "#0"},
				"down": {"uv": [1, 15, 15, 16], "texture": "#3"}
			}
		},
		{
			"from": [1, 14, 0],
			"to": [15, 16, 1],
			"faces": {
				"north": {"uv": [1, 0, 15, 2], "texture": "#0"},
				"up": {"uv": [1, 15, 15, 16], "texture": "#1"},
				"down": {"uv": [1, 15, 15, 16], "texture": "#1"}
			}
		},
		{
			"from": [1, 2, 0],
			"to": [4, 3, 0.5],
			"faces": {
				"north": {"uv": [12, 13, 15, 14], "texture": "#0"},
				"east": {"uv": [12, 13, 13, 14], "texture": "#0"},
				"up": {"uv": [15, 13, 12, 14], "texture": "#0"}
			}
		},
		{
			"from": [10, 2, 0],
			"to": [12, 3, 0.5],
			"faces": {
				"north": {"uv": [4, 13, 6, 14], "texture": "#0"},
				"east": {"uv": [4, 13, 5, 14], "texture": "#0"},
				"west": {"uv": [5, 13, 6, 14], "texture": "#0"},
				"up": {"uv": [6, 13, 4, 14], "texture": "#0"}
			}
		},
		{
			"from": [8, 6, 0],
			"to": [10, 7, 0.5],
			"faces": {
				"north": {"uv": [6, 9, 8, 10], "texture": "#0"},
				"east": {"uv": [6, 9, 7, 10], "texture": "#0"},
				"west": {"uv": [7, 9, 8, 10], "texture": "#0"},
				"down": {"uv": [8, 9, 6, 10], "texture": "#0"}
			}
		},
		{
			"from": [5, 6, 0],
			"to": [7, 7, 0.5],
			"faces": {
				"north": {"uv": [9, 9, 11, 10], "texture": "#0"},
				"east": {"uv": [9, 9, 10, 10], "texture": "#0"},
				"west": {"uv": [10, 9, 11, 10], "texture": "#0"},
				"down": {"uv": [11, 9, 9, 10], "texture": "#0"}
			}
		},
		{
			"from": [7, 9, 0],
			"to": [9, 13, 0.5],
			"faces": {
				"north": {"uv": [7, 3, 9, 7], "texture": "#0"},
				"east": {"uv": [7, 3, 7.5, 7], "texture": "#0"},
				"west": {"uv": [8, 3, 8.5, 7], "texture": "#0"}
			}
		},
		{
			"from": [6, 8, 0],
			"to": [10, 9, 0.5],
			"faces": {
				"north": {"uv": [6, 7, 10, 8], "texture": "#0"},
				"east": {"uv": [6, 7, 7, 8], "texture": "#0"},
				"west": {"uv": [9, 7, 10, 8], "texture": "#0"},
				"up": {"uv": [10, 7, 6, 8], "texture": "#0"}
			}
		},
		{
			"from": [6, 13, 0],
			"to": [10, 14, 0.5],
			"faces": {
				"north": {"uv": [6, 2, 10, 3], "texture": "#0"},
				"east": {"uv": [6, 2, 7, 3], "texture": "#0"},
				"west": {"uv": [9, 2, 10, 3], "texture": "#0"},
				"down": {"uv": [6, 2, 10, 3], "texture": "#0"}
			}
		},
		{
			"from": [14, 2, 0],
			"to": [15, 14, 0.5],
			"faces": {
				"north": {"uv": [1, 2, 2, 14], "texture": "#0"},
				"west": {"uv": [1, 2, 1.5, 14], "texture": "#0"}
			}
		},
		{
			"from": [13, 6, 0],
			"to": [14, 14, 0.5],
			"faces": {
				"north": {"uv": [2, 2, 3, 10], "texture": "#0"},
				"west": {"uv": [2, 2, 2.5, 10], "texture": "#0"},
				"down": {"uv": [2, 9, 3, 10], "texture": "#0"}
			}
		},
		{
			"from": [5, 2, 0],
			"to": [9, 3, 0.5],
			"faces": {
				"north": {"uv": [7, 13, 11, 14], "texture": "#0"},
				"east": {"uv": [7, 13, 8, 14], "texture": "#0"},
				"west": {"uv": [10, 13, 11, 14], "texture": "#0"},
				"up": {"uv": [11, 13, 7, 14], "texture": "#0"}
			}
		},
		{
			"from": [3, 3, 0],
			"to": [4, 4, 0.5],
			"faces": {
				"north": {"uv": [12, 12, 13, 13], "texture": "#0"},
				"east": {"uv": [12, 12, 13, 13], "texture": "#0"},
				"west": {"uv": [12, 12, 13, 13], "texture": "#0"},
				"up": {"uv": [12, 12, 13, 13], "texture": "#0"}
			}
		},
		{
			"from": [7, 3, 0],
			"to": [8, 4, 0.5],
			"faces": {
				"north": {"uv": [8, 12, 9, 13], "texture": "#0"},
				"east": {"uv": [8, 12, 9, 13], "texture": "#0"},
				"west": {"uv": [8, 12, 9, 13], "texture": "#0"},
				"up": {"uv": [8, 12, 9, 13], "texture": "#0"}
			}
		},
		{
			"from": [10, 3, 0],
			"to": [11, 4, 0.5],
			"faces": {
				"north": {"uv": [5, 12, 6, 13], "texture": "#0"},
				"east": {"uv": [5, 12, 6, 13], "texture": "#0"},
				"west": {"uv": [5, 12, 6, 13], "texture": "#0"},
				"up": {"uv": [5, 12, 6, 13], "texture": "#0"}
			}
		},
		{
			"from": [12, 8, 0],
			"to": [13, 9, 0.5],
			"faces": {
				"north": {"uv": [3, 7, 4, 8], "texture": "#0"},
				"west": {"uv": [3, 7, 4, 8], "texture": "#0"},
				"up": {"uv": [3, 7, 4, 8], "texture": "#0"}
			}
		},
		{
			"from": [3, 12, 0],
			"to": [4, 14, 0.5],
			"faces": {
				"north": {"uv": [12, 2, 13, 4], "texture": "#0"},
				"east": {"uv": [12, 2, 13, 4], "texture": "#0"},
				"down": {"uv": [12, 3, 13, 4], "texture": "#0"}
			}
		},
		{
			"from": [2, 10, 0],
			"to": [3, 14, 0.5],
			"faces": {
				"north": {"uv": [13, 2, 14, 6], "texture": "#0"},
				"east": {"uv": [13, 2, 14, 6], "texture": "#0"},
				"down": {"uv": [13, 5, 14, 6], "texture": "#0"}
			}
		},
		{
			"from": [12, 12, 0],
			"to": [13, 14, 0.5],
			"faces": {
				"north": {"uv": [3, 2, 4, 4], "texture": "#0"},
				"west": {"uv": [3, 2, 4, 4], "texture": "#0"},
				"down": {"uv": [3, 3, 4, 4], "texture": "#0"}
			}
		},
		{
			"from": [13, 2, 0],
			"to": [14, 4, 0.5],
			"faces": {
				"north": {"uv": [2, 12, 3, 14], "texture": "#0"},
				"west": {"uv": [2, 12, 3, 14], "texture": "#0"},
				"up": {"uv": [2, 12, 3, 13], "texture": "#0"}
			}
		},
		{
			"from": [4, 13, 0],
			"to": [5, 14, 0.5],
			"faces": {
				"north": {"uv": [11, 2, 12, 3], "texture": "#0"},
				"east": {"uv": [11, 2, 12, 3], "texture": "#0"},
				"down": {"uv": [11, 2, 12, 3], "texture": "#0"}
			}
		},
		{
			"from": [3, 6, 0],
			"to": [4, 7, 0.5],
			"faces": {
				"north": {"uv": [12, 9, 13, 10], "texture": "#0"},
				"east": {"uv": [12, 9, 13, 10], "texture": "#0"},
				"west": {"uv": [12, 9, 13, 10], "texture": "#0"},
				"down": {"uv": [12, 9, 13, 10], "texture": "#0"}
			}
		},
		{
			"from": [11, 6, 0],
			"to": [12, 7, 0.5],
			"faces": {
				"north": {"uv": [4, 9, 5, 10], "texture": "#0"},
				"east": {"uv": [4, 9, 5, 10], "texture": "#0"},
				"west": {"uv": [4, 9, 5, 10], "texture": "#0"},
				"down": {"uv": [4, 9, 5, 10], "texture": "#0"}
			}
		},
		{
			"from": [2, 7, 0],
			"to": [13, 8, 0.5],
			"faces": {
				"north": {"uv": [3, 8, 14, 9], "texture": "#0"},
				"up": {"uv": [3, 8, 14, 8.5], "texture": "#0"},
				"down": {"uv": [3, 8, 14, 8.5], "texture": "#0"}
			}
		},
		{
			"from": [1, 5, 0],
			"to": [2, 14, 0.5],
			"faces": {
				"north": {"uv": [14, 2, 15, 11], "texture": "#0"},
				"east": {"uv": [14, 2, 14.5, 11], "texture": "#0"},
				"down": {"uv": [14, 10, 15, 10.5], "texture": "#0"}
			}
		},
		{
			"from": [1, 2, 0.5],
			"to": [15, 14, 1],
			"faces": {
				"north": {"uv": [1, 2, 15, 14], "texture": "#0"}
			}
		},
		{
			"from": [6, 16, 6],
			"to": [8, 17.5, 8],
			"faces": {
				"north": {"uv": [6, 6.5, 8, 6], "texture": "#1", "cullface": "up"},
				"east": {"uv": [8, 6.5, 6, 6], "texture": "#1", "cullface": "up"},
				"south": {"uv": [6, 6.5, 8, 6], "texture": "#1", "cullface": "up"},
				"west": {"uv": [8, 6.5, 6, 6], "texture": "#1", "cullface": "up"},
				"up": {"uv": [6, 8, 8, 6], "texture": "#1", "cullface": "up"}
			}
		},
		{
			"from": [5, 16, 5],
			"to": [7, 18, 7],
			"faces": {
				"north": {"uv": [5, 6, 7, 7], "texture": "#1", "cullface": "up"},
				"east": {"uv": [7, 6, 5, 7], "texture": "#1", "cullface": "up"},
				"south": {"uv": [5, 6, 7, 7], "texture": "#1", "cullface": "up"},
				"west": {"uv": [7, 6, 5, 7], "texture": "#1", "cullface": "up"},
				"up": {"uv": [5, 5, 7, 7], "texture": "#1", "cullface": "up"}
			}
		},
		{
			"from": [7, 16, 7],
			"to": [9, 17, 9],
			"faces": {
				"north": {"uv": [7, 7, 9, 8], "texture": "#1", "cullface": "up"},
				"east": {"uv": [8, 7, 9, 9], "rotation": 90, "texture": "#1", "cullface": "up"},
				"south": {"uv": [7, 8, 9, 9], "texture": "#1", "cullface": "up"},
				"west": {"uv": [7, 7, 8, 9], "rotation": 90, "texture": "#1", "cullface": "up"},
				"up": {"uv": [7, 7, 9, 9], "texture": "#1", "cullface": "up"}
			}
		}
	],
	"display": {
		"thirdperson_righthand": {
			"rotation": [75, 45, 0],
			"translation": [0, 2.5, 0],
			"scale": [0.375, 0.375, 0.375]
		},
		"thirdperson_lefthand": {
			"rotation": [75, 45, 0],
			"translation": [0, 2.5, 0],
			"scale": [0.375, 0.375, 0.375]
		},
		"firstperson_righthand": {
			"rotation": [0, 45, 0],
			"scale": [0.4, 0.4, 0.4]
		},
		"firstperson_lefthand": {
			"rotation": [0, 225, 0],
			"scale": [0.4, 0.4, 0.4]
		},
		"ground": {
			"translation": [0, 3, 0],
			"scale": [0.25, 0.25, 0.25]
		},
		"gui": {
			"rotation": [30, 225, 0],
			"scale": [0.625, 0.625, 0.625]
		},
		"fixed": {
			"scale": [0.5, 0.5, 0.5]
		}
	}
}