{
	"credit": "Made with Blockbench by Valdr687",
	"textures": {
		"0": "block/jukebox_top",
		"1": "block/jukebox_side",
		"particle": "block/jukebox_top"
	},
	"elements": [
		{
			"from": [0, 0, 0],
			"to": [7, 16, 16],
			"faces": {
				"north": {"uv": [9, 0, 16, 16], "texture": "#1"},
				"east": {"uv": [0, 0, 16, 16], "texture": "#1"},
				"south": {"uv": [0, 0, 7, 16], "texture": "#1"},
				"west": {"uv": [0, 0, 16, 16], "texture": "#1"},
				"up": {"uv": [0, 0, 7, 16], "texture": "#0"},
				"down": {"uv": [0, 0, 7, 16], "texture": "#1"}
			}
		},
		{
			"from": [7, 0, 0],
			"to": [9, 15, 16],
			"faces": {
				"north": {"uv": [7, 1, 9, 16], "texture": "#1"},
				"south": {"uv": [7, 1, 9, 16], "texture": "#1"},
				"up": {"uv": [7, 0, 9, 16], "texture": "#0"},
				"down": {"uv": [7, 0, 9, 16], "texture": "#1"}
			}
		},
		{
			"from": [9, 0, 0],
			"to": [16, 16, 16],
			"faces": {
				"north": {"uv": [0, 0, 7, 16], "texture": "#1"},
				"east": {"uv": [0, 0, 16, 16], "texture": "#1"},
				"south": {"uv": [9, 0, 16, 16], "texture": "#1"},
				"west": {"uv": [0, 0, 16, 16], "texture": "#1"},
				"up": {"uv": [9, 0, 16, 16], "texture": "#0"},
				"down": {"uv": [9, 0, 16, 16], "texture": "#1"}
			}
		},
		{
			"from": [7, 15, 0],
			"to": [9, 16, 3],
			"faces": {
				"north": {"uv": [7, 0, 9, 1], "texture": "#1"},
				"south": {"uv": [7, 0, 9, 1], "texture": "#1"},
				"up": {"uv": [7, 0, 9, 3], "texture": "#0"}
			}
		},
		{
			"from": [7, 15, 13],
			"to": [9, 16, 16],
			"faces": {
				"north": {"uv": [7, 0, 9, 1], "texture": "#1"},
				"south": {"uv": [7, 0, 9, 1], "texture": "#1"},
				"up": {"uv": [7, 13, 9, 16], "texture": "#0"}
			}
		}
	],
	"display": {
		"thirdperson_righthand": {
			"rotation": [75, 45, 0],
			"translation": [0, 2.5, 0],
			"scale": [0.375, 0.375, 0.375]
		},
		"thirdperson_lefthand": {
			"rotation": [75, 45, 0],
			"translation": [0, 2.5, 0],
			"scale": [0.375, 0.375, 0.375]
		},
		"firstperson_righthand": {
			"rotation": [0, 45, 0],
			"scale": [0.4, 0.4, 0.4]
		},
		"firstperson_lefthand": {
			"rotation": [0, 225, 0],
			"scale": [0.4, 0.4, 0.4]
		},
		"ground": {
			"translation": [0, 3, 0],
			"scale": [0.25, 0.25, 0.25]
		},
		"gui": {
			"rotation": [30, 225, 0],
			"scale": [0.625, 0.625, 0.625]
		},
		"fixed": {
			"scale": [0.5, 0.5, 0.5]
		}
	}
}