{
	"credit": "Made with Blockbench by Valdr687",
	"textures": {
		"0": "block/jungle_sapling_block",
		"particle": "block/jungle_sapling_block"
	},
	"elements": [
		{
			"from": [7.5, 0, 7.5],
			"to": [8.5, 13, 8.5],
			"faces": {
				"north": {"uv": [15.5, 9.5, 16, 16], "texture": "#0"},
				"east": {"uv": [15.5, 9.5, 16, 16], "texture": "#0"},
				"south": {"uv": [15.5, 9.5, 16, 16], "texture": "#0"},
				"west": {"uv": [15.5, 9.5, 16, 16], "texture": "#0"},
				"up": {"uv": [15.5, 9.5, 16, 10], "texture": "#0"},
				"down": {"uv": [15.5, 15.5, 16, 16], "texture": "#0"}
			}
		},
		{
			"from": [8, 0, 2.5],
			"to": [8, 13, 13.5],
			"rotation": {"angle": 45, "axis": "y", "origin": [8, 6.5, 8]},
			"faces": {
				"east": {"uv": [15.5, 9.5, 10, 16], "texture": "#0"},
				"west": {"uv": [10, 9.5, 15.5, 16], "texture": "#0"}
			}
		},
		{
			"from": [8, 0, 2.5],
			"to": [8, 13, 13.5],
			"rotation": {"angle": -45, "axis": "y", "origin": [8, 6.5, 8]},
			"faces": {
				"east": {"uv": [10, 9.5, 15.5, 16], "texture": "#0"},
				"west": {"uv": [15.5, 9.5, 10, 16], "texture": "#0"}
			}
		},
		{
			"from": [3.5, 12.5, 3.5],
			"to": [11.5, 12.5, 11.5],
			"faces": {
				"up": {"uv": [8.5, 0, 12.5, 4], "texture": "#0"},
				"down": {"uv": [8.5, 0, 12.5, 4], "texture": "#0"}
			}
		},
		{
			"from": [4, 12.525, 4],
			"to": [11, 13.025, 11],
			"faces": {
				"north": {"uv": [12.5, 0, 16, 0.5], "texture": "#0"},
				"east": {"uv": [12.5, 0, 16, 0.5], "texture": "#0"},
				"south": {"uv": [12.5, 0, 16, 0.5], "texture": "#0"},
				"west": {"uv": [12.5, 0, 16, 0.5], "texture": "#0"},
				"up": {"uv": [12.5, 0, 16, 3.5], "texture": "#0"},
				"down": {"uv": [12.5, 0, 16, 3.5], "texture": "#0"}
			}
		},
		{
			"from": [6, 3, 5],
			"to": [8, 3, 7],
			"rotation": {"angle": 22.5, "axis": "y", "origin": [7, 3, 6]},
			"faces": {
				"up": {"uv": [15, 4.5, 16, 5.5], "texture": "#0"},
				"down": {"uv": [15, 4.5, 16, 5.5], "texture": "#0"}
			}
		},
		{
			"from": [7, 4, 10],
			"to": [9, 4, 12],
			"rotation": {"angle": 22.5, "axis": "y", "origin": [7, 3, 6]},
			"faces": {
				"up": {"uv": [15, 4.5, 16, 5.5], "texture": "#0"},
				"down": {"uv": [15, 4.5, 16, 5.5], "texture": "#0"}
			}
		},
		{
			"from": [4, 10, 10],
			"to": [6, 10, 12],
			"rotation": {"angle": 22.5, "axis": "x", "origin": [5, 10, 11]},
			"faces": {
				"up": {"uv": [15, 4.5, 16, 5.5], "texture": "#0"},
				"down": {"uv": [15, 4.5, 16, 5.5], "texture": "#0"}
			}
		},
		{
			"from": [9.5, 9, 9.5],
			"to": [13.5, 9, 13.5],
			"faces": {
				"up": {"uv": [10, 4, 12, 6], "texture": "#0"},
				"down": {"uv": [10, 4, 12, 6], "texture": "#0"}
			}
		},
		{
			"from": [2.5, 10, 2.5],
			"to": [6.5, 10, 6.5],
			"faces": {
				"up": {"uv": [10, 4, 12, 6], "texture": "#0"},
				"down": {"uv": [10, 4, 12, 6], "texture": "#0"}
			}
		},
		{
			"from": [8.1, 9, 2.5],
			"to": [11.1, 9, 5.5],
			"rotation": {"angle": -45, "axis": "y", "origin": [9, 10, 7]},
			"faces": {
				"up": {"uv": [12.5, 4.5, 14, 6], "rotation": 270, "texture": "#0"},
				"down": {"uv": [14, 4.5, 12.5, 6], "rotation": 90, "texture": "#0"}
			}
		}
	]
}