{
	"credit": "Made with Blockbench by Valdr687",
	"parent": "minecraft:block/template_orientable_trapdoor_bottom",
	"ambientocclusion": false,
	"textures": {
		"1": "block/doors/jungle_door_extra",
		"particle": "block/jungle_trapdoor",
		"texture": "block/jungle_trapdoor"
	},
	"elements": [
		{
			"from": [12, 0, 11],
			"to": [13, 3, 13],
			"rotation": {"angle": 0, "axis": "y", "origin": [8, 0, 8]},
			"faces": {
				"north": {"uv": [5, 3, 8, 4], "rotation": 270, "texture": "#1"},
				"west": {"uv": [5, 7, 8, 9], "rotation": 90, "texture": "#1"},
				"up": {"uv": [3, 3, 4, 5], "rotation": 180, "texture": "#texture"},
				"down": {"uv": [3, 3, 4, 5], "texture": "#texture"}
			}
		},
		{
			"from": [3, 0, 11],
			"to": [4, 3, 13],
			"rotation": {"angle": 0, "axis": "y", "origin": [8, 0, 8]},
			"faces": {
				"north": {"uv": [5, 3, 8, 4], "rotation": 270, "texture": "#1"},
				"east": {"uv": [5, 3, 8, 5], "rotation": 270, "texture": "#1"},
				"up": {"uv": [3, 3, 4, 5], "rotation": 180, "texture": "#texture"},
				"down": {"uv": [3, 3, 4, 5], "texture": "#texture"}
			}
		},
		{
			"from": [4, 0, 4],
			"to": [5, 3, 5],
			"rotation": {"angle": 0, "axis": "y", "origin": [8, 0, 8]},
			"faces": {
				"east": {"uv": [5, 1, 8, 2], "rotation": 270, "texture": "#1"},
				"south": {"uv": [5, 2, 8, 3], "rotation": 270, "texture": "#1"},
				"up": {"uv": [11, 11, 12, 12], "rotation": 180, "texture": "#texture"},
				"down": {"uv": [11, 3, 12, 4], "texture": "#texture"}
			}
		},
		{
			"from": [11, 0, 4],
			"to": [12, 3, 5],
			"rotation": {"angle": 0, "axis": "y", "origin": [8, 0, 8]},
			"faces": {
				"south": {"uv": [5, 2, 8, 3], "rotation": 270, "texture": "#1"},
				"west": {"uv": [5, 2, 8, 3], "rotation": 90, "texture": "#1"},
				"up": {"uv": [11, 11, 12, 12], "rotation": 180, "texture": "#texture"},
				"down": {"uv": [4, 3, 5, 4], "texture": "#texture"}
			}
		},
		{
			"from": [4, 0, 12],
			"to": [5, 3, 13],
			"rotation": {"angle": 0, "axis": "y", "origin": [8, 0, 8]},
			"faces": {
				"north": {"uv": [5, 2, 8, 3], "rotation": 270, "texture": "#1"},
				"east": {"uv": [5, 1, 8, 2], "rotation": 270, "texture": "#1"},
				"up": {"uv": [11, 3, 12, 4], "rotation": 180, "texture": "#texture"},
				"down": {"uv": [11, 3, 12, 4], "texture": "#texture"}
			}
		},
		{
			"from": [11, 0, 12],
			"to": [12, 3, 13],
			"rotation": {"angle": 0, "axis": "y", "origin": [8, 0, 8]},
			"faces": {
				"north": {"uv": [5, 2, 8, 3], "rotation": 270, "texture": "#1"},
				"west": {"uv": [5, 2, 8, 3], "rotation": 90, "texture": "#1"},
				"up": {"uv": [4, 3, 5, 4], "rotation": 180, "texture": "#texture"},
				"down": {"uv": [4, 3, 5, 4], "texture": "#texture"}
			}
		},
		{
			"from": [6, 0, 4],
			"to": [7, 3, 7],
			"rotation": {"angle": 0, "axis": "y", "origin": [8, 0, 8]},
			"faces": {
				"east": {"uv": [5, 3, 8, 7], "rotation": 270, "texture": "#1"},
				"west": {"uv": [5, 7, 8, 11], "rotation": 90, "texture": "#1"},
				"up": {"uv": [9, 9, 10, 12], "rotation": 180, "texture": "#texture"},
				"down": {"uv": [9, 9, 10, 12], "texture": "#texture"}
			}
		},
		{
			"from": [9, 0, 4],
			"to": [10, 3, 7],
			"rotation": {"angle": 0, "axis": "y", "origin": [8, 0, 8]},
			"faces": {
				"east": {"uv": [5, 3, 8, 7], "rotation": 270, "texture": "#1"},
				"west": {"uv": [5, 3, 8, 7], "rotation": 90, "texture": "#1"},
				"up": {"uv": [9, 9, 10, 12], "rotation": 180, "texture": "#texture"},
				"down": {"uv": [9, 9, 10, 12], "texture": "#texture"}
			}
		},
		{
			"from": [9, 0, 9],
			"to": [10, 3, 13],
			"rotation": {"angle": 0, "axis": "y", "origin": [8, 0, 8]},
			"faces": {
				"east": {"uv": [5, 3, 8, 7], "rotation": 270, "texture": "#1"},
				"west": {"uv": [5, 3, 8, 7], "rotation": 90, "texture": "#1"},
				"up": {"uv": [6, 3, 7, 7], "rotation": 180, "texture": "#texture"},
				"down": {"uv": [6, 3, 7, 7], "texture": "#texture"}
			}
		},
		{
			"from": [6, 0, 9],
			"to": [7, 3, 13],
			"rotation": {"angle": 0, "axis": "y", "origin": [8, 0, 8]},
			"faces": {
				"east": {"uv": [5, 3, 8, 7], "rotation": 270, "texture": "#1"},
				"west": {"uv": [5, 3, 8, 7], "rotation": 90, "texture": "#1"},
				"up": {"uv": [9, 3, 10, 7], "rotation": 180, "texture": "#texture"},
				"down": {"uv": [9, 3, 10, 7], "texture": "#texture"}
			}
		},
		{
			"from": [0, 0, 13],
			"to": [16, 3, 16],
			"rotation": {"angle": 0, "axis": "y", "origin": [8, 0, 8]},
			"faces": {
				"north": {"uv": [5, 0, 8, 16], "rotation": 270, "texture": "#1"},
				"east": {"uv": [10, 0, 13, 3], "rotation": 270, "texture": "#1"},
				"south": {"uv": [0, 0, 3, 16], "rotation": 270, "texture": "#1"},
				"west": {"uv": [10, 0, 13, 3], "rotation": 90, "texture": "#1"},
				"up": {"uv": [0, 0, 16, 3], "rotation": 180, "texture": "#texture"},
				"down": {"uv": [0, 0, 16, 3], "texture": "#texture"}
			}
		},
		{
			"from": [0, 0, 7],
			"to": [16, 3, 9],
			"rotation": {"angle": 0, "axis": "y", "origin": [8, 0, 8]},
			"faces": {
				"north": {"uv": [5, 0, 8, 16], "rotation": 270, "texture": "#1"},
				"east": {"uv": [10, 8, 13, 10], "rotation": 270, "texture": "#1"},
				"south": {"uv": [5, 0, 8, 16], "rotation": 270, "texture": "#1"},
				"west": {"uv": [10, 8, 13, 10], "rotation": 90, "texture": "#1"},
				"up": {"uv": [0, 7, 16, 9], "rotation": 180, "texture": "#texture"},
				"down": {"uv": [0, 7, 16, 9], "texture": "#texture"}
			}
		},
		{
			"from": [0, 0, 0],
			"to": [16, 3, 4],
			"rotation": {"angle": 0, "axis": "y", "origin": [8, 0, 8]},
			"faces": {
				"north": {"uv": [0, 0, 3, 16], "rotation": 270, "texture": "#1"},
				"east": {"uv": [13, 12, 16, 16], "rotation": 270, "texture": "#1"},
				"south": {"uv": [5, 0, 8, 16], "rotation": 270, "texture": "#1"},
				"west": {"uv": [13, 12, 16, 16], "rotation": 90, "texture": "#1"},
				"up": {"uv": [0, 12, 16, 16], "rotation": 180, "texture": "#texture"},
				"down": {"uv": [0, 12, 16, 16], "texture": "#texture"}
			}
		},
		{
			"from": [0, 0, 9],
			"to": [3, 3, 13],
			"rotation": {"angle": 0, "axis": "y", "origin": [8, 0, 8]},
			"faces": {
				"east": {"uv": [5, 1, 8, 5], "rotation": 270, "texture": "#1"},
				"west": {"uv": [0, 3, 3, 7], "rotation": 90, "texture": "#1"},
				"up": {"uv": [13, 3, 16, 7], "rotation": 180, "texture": "#texture"},
				"down": {"uv": [16, 3, 13, 7], "texture": "#texture"}
			}
		},
		{
			"from": [13, 0, 9],
			"to": [16, 3, 13],
			"rotation": {"angle": 0, "axis": "y", "origin": [8, 0, 8]},
			"faces": {
				"east": {"uv": [0, 2, 3, 6], "rotation": 270, "texture": "#1"},
				"west": {"uv": [5, 3, 8, 7], "rotation": 90, "texture": "#1"},
				"up": {"uv": [0, 2, 3, 6], "rotation": 180, "texture": "#texture"},
				"down": {"uv": [3, 3, 0, 7], "texture": "#texture"}
			}
		},
		{
			"from": [12, 0, 4],
			"to": [16, 3, 7],
			"rotation": {"angle": 0, "axis": "y", "origin": [8, 0, 8]},
			"faces": {
				"east": {"uv": [0, 10, 3, 13], "rotation": 270, "texture": "#1"},
				"west": {"uv": [5, 3, 8, 6], "rotation": 90, "texture": "#1"},
				"up": {"uv": [0, 9, 4, 12], "rotation": 180, "texture": "#texture"},
				"down": {"uv": [4, 9, 0, 12], "texture": "#texture"}
			}
		},
		{
			"from": [0, 0, 4],
			"to": [4, 3, 7],
			"rotation": {"angle": 0, "axis": "y", "origin": [8, 0, 8]},
			"faces": {
				"east": {"uv": [5, 10, 8, 13], "rotation": 270, "texture": "#1"},
				"west": {"uv": [0, 3, 3, 6], "rotation": 90, "texture": "#1"},
				"up": {"uv": [12, 9, 16, 12], "rotation": 180, "texture": "#texture"},
				"down": {"uv": [16, 9, 12, 12], "texture": "#texture"}
			}
		},
		{
			"from": [5, 3, 1],
			"to": [11, 3.5, 2],
			"rotation": {"angle": 0, "axis": "y", "origin": [8, 0, 8]},
			"faces": {
				"north": {"uv": [5, 14, 11, 14.5], "rotation": 180, "texture": "#texture"},
				"east": {"uv": [5, 14, 6, 14.5], "texture": "#texture"},
				"south": {"uv": [5, 14, 11, 14.5], "rotation": 180, "texture": "#texture"},
				"west": {"uv": [10, 14, 11, 14.5], "texture": "#texture"},
				"up": {"uv": [5, 14, 11, 15], "texture": "#texture"}
			}
		},
		{
			"from": [5, -0.5, 1],
			"to": [11, 0, 2],
			"rotation": {"angle": 0, "axis": "y", "origin": [8, 0, 8]},
			"faces": {
				"north": {"uv": [5, 14, 11, 14.5], "rotation": 180, "texture": "#texture"},
				"east": {"uv": [5, 14, 6, 14.5], "texture": "#texture"},
				"south": {"uv": [5, 14, 11, 14.5], "rotation": 180, "texture": "#texture"},
				"west": {"uv": [10, 14, 11, 14.5], "texture": "#texture"},
				"down": {"uv": [5, 14, 11, 15], "rotation": 180, "texture": "#texture"}
			}
		}
	],
	"display": {
		"thirdperson_righthand": {
			"rotation": [75, 45, 0],
			"translation": [0, 2.5, 0],
			"scale": [0.375, 0.375, 0.375]
		},
		"thirdperson_lefthand": {
			"rotation": [75, 45, 0],
			"translation": [0, 2.5, 0],
			"scale": [0.375, 0.375, 0.375]
		},
		"firstperson_righthand": {
			"rotation": [0, 45, 0],
			"scale": [0.4, 0.4, 0.4]
		},
		"firstperson_lefthand": {
			"rotation": [0, 225, 0],
			"scale": [0.4, 0.4, 0.4]
		},
		"ground": {
			"translation": [0, 3, 0],
			"scale": [0.25, 0.25, 0.25]
		},
		"gui": {
			"rotation": [30, 225, 0],
			"scale": [0.625, 0.625, 0.625]
		},
		"fixed": {
			"scale": [0.5, 0.5, 0.5]
		}
	}
}