{
	"credit": "Made with Blockbench by Valdr687",
	"parent": "minecraft:block/door_top_left",
	"textures": {
		"1": "block/doors/jungle_door_extra",
		"top": "block/jungle_door_top"
	},
	"elements": [
		{
			"from": [0, 0, 0],
			"to": [3, 4, 16],
			"faces": {
				"north": {"uv": [10, 12, 13, 16], "texture": "#1"},
				"east": {"uv": [16, 12, 0, 16], "texture": "#top"},
				"south": {"uv": [10, 12, 13, 16], "texture": "#1"},
				"west": {"uv": [0, 12, 16, 16], "texture": "#top"},
				"up": {"uv": [0, 0, 3, 16], "texture": "#1"},
				"down": {"uv": [0, 0, 3, 16], "texture": "#1"}
			}
		},
		{
			"from": [0, 4, 0],
			"to": [3, 5, 7],
			"faces": {
				"north": {"uv": [10, 10, 13, 11], "texture": "#1"},
				"east": {"uv": [7, 11, 0, 12], "texture": "#top"},
				"south": {"uv": [10, 10, 13, 11], "texture": "#1"},
				"west": {"uv": [9, 11, 16, 12], "texture": "#top"},
				"up": {"uv": [0, 0, 3, 7], "texture": "#1"}
			}
		},
		{
			"from": [0, 4, 9],
			"to": [3, 5, 16],
			"faces": {
				"north": {"uv": [10, 10, 13, 11], "texture": "#1"},
				"east": {"uv": [16, 11, 9, 12], "texture": "#top"},
				"south": {"uv": [10, 10, 13, 11], "texture": "#1"},
				"west": {"uv": [0, 11, 7, 12], "texture": "#top"},
				"up": {"uv": [0, 9, 3, 16], "texture": "#1"}
			}
		},
		{
			"from": [0, 5, 0],
			"to": [3, 6, 6],
			"faces": {
				"north": {"uv": [10, 9, 13, 10], "texture": "#1"},
				"east": {"uv": [6, 11, 0, 10], "texture": "#top"},
				"south": {"uv": [10, 9, 13, 10], "texture": "#1"},
				"west": {"uv": [10, 10, 16, 11], "texture": "#top"}
			}
		},
		{
			"from": [0, 5, 10],
			"to": [3, 6, 16],
			"faces": {
				"north": {"uv": [10, 9, 13, 10], "texture": "#1"},
				"east": {"uv": [16, 11, 10, 10], "texture": "#top"},
				"south": {"uv": [10, 9, 13, 10], "texture": "#1"},
				"west": {"uv": [0, 10, 6, 11], "texture": "#top"}
			}
		},
		{
			"from": [0, 6, 0],
			"to": [3, 8, 16],
			"faces": {
				"north": {"uv": [10, 8, 13, 10], "texture": "#1"},
				"east": {"uv": [16, 8, 0, 10], "texture": "#top"},
				"south": {"uv": [10, 8, 13, 10], "texture": "#1"},
				"west": {"uv": [0, 8, 16, 10], "texture": "#top"},
				"up": {"uv": [0, 0, 3, 16], "texture": "#1"},
				"down": {"uv": [0, 0, 3, 16], "texture": "#1"}
			}
		},
		{
			"from": [0, 13, 0],
			"to": [3, 16, 16],
			"faces": {
				"north": {"uv": [10, 0, 13, 3], "texture": "#1"},
				"east": {"uv": [16, 0, 0, 3], "texture": "#top"},
				"south": {"uv": [10, 0, 13, 3], "texture": "#1"},
				"west": {"uv": [0, 0, 16, 3], "texture": "#top"},
				"up": {"uv": [0, 0, 3, 16], "texture": "#1"},
				"down": {"uv": [0, 0, 3, 16], "texture": "#1"}
			}
		},
		{
			"from": [0, 8, 0],
			"to": [3, 13, 4],
			"faces": {
				"north": {"uv": [10, 3, 13, 8], "texture": "#1"},
				"east": {"uv": [4, 3, 0, 8], "texture": "#top"},
				"south": {"uv": [10, 3, 13, 8], "texture": "#1"},
				"west": {"uv": [0, 3, 4, 8], "texture": "#top"}
			}
		},
		{
			"from": [0, 8, 12],
			"to": [3, 13, 16],
			"faces": {
				"north": {"uv": [10, 3, 13, 8], "texture": "#1"},
				"east": {"uv": [16, 3, 12, 8], "texture": "#top"},
				"south": {"uv": [10, 3, 13, 8], "texture": "#1"},
				"west": {"uv": [12, 3, 16, 8], "texture": "#top"}
			}
		},
		{
			"from": [0, 8, 6],
			"to": [3, 13, 7],
			"faces": {
				"north": {"uv": [13, 3, 16, 8], "texture": "#1"},
				"east": {"uv": [6, 3, 7, 8], "texture": "#top"},
				"south": {"uv": [13, 3, 16, 8], "texture": "#1"},
				"west": {"uv": [9, 3, 10, 8], "texture": "#top"}
			}
		},
		{
			"from": [0, 8, 9],
			"to": [3, 13, 10],
			"faces": {
				"north": {"uv": [13, 3, 16, 8], "texture": "#1"},
				"east": {"uv": [9, 3, 10, 8], "texture": "#top"},
				"south": {"uv": [13, 3, 16, 8], "texture": "#1"},
				"west": {"uv": [6, 3, 7, 8], "texture": "#top"}
			}
		},
		{
			"from": [0, 12, 4],
			"to": [3, 13, 6],
			"faces": {
				"east": {"uv": [5, 3, 3, 4], "texture": "#top"},
				"west": {"uv": [4, 3, 6, 4], "texture": "#top"},
				"down": {"uv": [10, 3, 13, 5], "texture": "#1"}
			}
		},
		{
			"from": [0, 12, 10],
			"to": [3, 13, 12],
			"faces": {
				"east": {"uv": [12, 3, 10, 4], "texture": "#top"},
				"west": {"uv": [10, 3, 12, 4], "texture": "#top"},
				"down": {"uv": [10, 2, 13, 4], "texture": "#1"}
			}
		},
		{
			"from": [0, 11, 4],
			"to": [3, 12, 5],
			"faces": {
				"east": {"uv": [11, 4, 12, 5], "texture": "#top"},
				"south": {"uv": [10, 2, 13, 3], "texture": "#1"},
				"west": {"uv": [11, 4, 12, 5], "texture": "#top"},
				"down": {"uv": [10, 2, 13, 3], "texture": "#1"}
			}
		},
		{
			"from": [0, 11, 11],
			"to": [3, 12, 12],
			"faces": {
				"north": {"uv": [10, 2, 13, 3], "texture": "#1"},
				"east": {"uv": [4, 4, 5, 5], "texture": "#top"},
				"west": {"uv": [4, 4, 5, 5], "texture": "#top"},
				"down": {"uv": [10, 2, 13, 3], "texture": "#1"}
			}
		},
		{
			"from": [3, 1, 11],
			"to": [3.5, 2, 14],
			"faces": {
				"north": {"uv": [11, 14, 12, 15], "texture": "#top"},
				"east": {"uv": [14, 14, 11, 15], "texture": "#top"},
				"south": {"uv": [13, 14, 14, 15], "texture": "#top"},
				"up": {"uv": [11, 14, 14, 14.5], "rotation": 90, "texture": "#top"},
				"down": {"uv": [14, 14, 11, 14.5], "rotation": 90, "texture": "#top"}
			}
		},
		{
			"from": [-0.5, 1, 11],
			"to": [0, 2, 14],
			"faces": {
				"north": {"uv": [11, 14, 12, 15], "texture": "#top"},
				"south": {"uv": [13, 14, 14, 15], "texture": "#top"},
				"west": {"uv": [11, 14, 14, 15], "texture": "#top"},
				"up": {"uv": [11, 14, 14, 14.5], "rotation": 90, "texture": "#top"},
				"down": {"uv": [14, 14, 11, 14.5], "rotation": 90, "texture": "#top"}
			}
		},
		{
			"from": [-0.5, 0, 11],
			"to": [0, 1, 12],
			"faces": {
				"north": {"uv": [11, 15, 12, 16], "texture": "#top"},
				"south": {"uv": [11, 15, 12, 16], "texture": "#top"},
				"west": {"uv": [11, 15, 12, 16], "texture": "#top"},
				"down": {"uv": [11, 15, 12, 16], "texture": "#top"}
			}
		},
		{
			"from": [3, 0, 11],
			"to": [3.5, 1, 12],
			"faces": {
				"north": {"uv": [11, 15, 12, 16], "texture": "#top"},
				"east": {"uv": [11, 15, 12, 16], "texture": "#top"},
				"south": {"uv": [11, 15, 12, 16], "texture": "#top"},
				"down": {"uv": [11, 15, 12, 16], "texture": "#top"}
			}
		}
	],
	"groups": [
		0,
		1,
		2,
		3,
		4,
		5,
		6,
		7,
		8,
		9,
		10,
		11,
		12,
		13,
		14,
		{
			"name": "group",
			"origin": [0, 0, 0],
			"color": 0,
			"children": [15, 16, 17, 18]
		}
	]
}