{
	"credit": "Made with Blockbench by Valdr687",
	"textures": {
		"1": "block/doors/jungle_door_extra",
		"particle": "block/jungle_trapdoor",
		"texture": "block/jungle_trapdoor"
	},
	"elements": [
		{
			"from": [12, 11, 13],
			"to": [13, 13, 16],
			"faces": {
				"north": {"uv": [3, 3, 4, 5], "texture": "#texture"},
				"south": {"uv": [3, 3, 4, 5], "texture": "#texture"},
				"west": {"uv": [5, 7, 8, 9], "texture": "#1"},
				"down": {"uv": [5, 3, 8, 4], "rotation": 90, "texture": "#1"}
			}
		},
		{
			"from": [3, 11, 13],
			"to": [4, 13, 16],
			"faces": {
				"north": {"uv": [3, 3, 4, 5], "texture": "#texture"},
				"east": {"uv": [5, 3, 8, 5], "texture": "#1"},
				"south": {"uv": [3, 3, 4, 5], "texture": "#texture"},
				"down": {"uv": [5, 3, 8, 4], "rotation": 90, "texture": "#1"}
			}
		},
		{
			"from": [4, 4, 13],
			"to": [5, 5, 16],
			"faces": {
				"north": {"uv": [11, 11, 12, 12], "texture": "#texture"},
				"east": {"uv": [5, 1, 8, 2], "texture": "#1"},
				"south": {"uv": [11, 3, 12, 4], "texture": "#texture"},
				"up": {"uv": [5, 2, 8, 3], "rotation": 270, "texture": "#1"}
			}
		},
		{
			"from": [11, 4, 13],
			"to": [12, 5, 16],
			"faces": {
				"north": {"uv": [11, 11, 12, 12], "texture": "#texture"},
				"south": {"uv": [4, 3, 5, 4], "texture": "#texture"},
				"west": {"uv": [5, 2, 8, 3], "texture": "#1"},
				"up": {"uv": [5, 2, 8, 3], "rotation": 270, "texture": "#1"}
			}
		},
		{
			"from": [4, 12, 13],
			"to": [5, 13, 16],
			"faces": {
				"north": {"uv": [11, 3, 12, 4], "texture": "#texture"},
				"east": {"uv": [5, 1, 8, 2], "texture": "#1"},
				"south": {"uv": [11, 3, 12, 4], "texture": "#texture"},
				"down": {"uv": [5, 2, 8, 3], "rotation": 90, "texture": "#1"}
			}
		},
		{
			"from": [11, 12, 13],
			"to": [12, 13, 16],
			"faces": {
				"north": {"uv": [4, 3, 5, 4], "texture": "#texture"},
				"south": {"uv": [4, 3, 5, 4], "texture": "#texture"},
				"west": {"uv": [5, 2, 8, 3], "texture": "#1"},
				"down": {"uv": [5, 2, 8, 3], "rotation": 90, "texture": "#1"}
			}
		},
		{
			"from": [6, 4, 13],
			"to": [7, 7, 16],
			"faces": {
				"north": {"uv": [9, 9, 10, 12], "texture": "#texture"},
				"east": {"uv": [5, 3, 8, 7], "texture": "#1"},
				"south": {"uv": [9, 9, 10, 12], "texture": "#texture"},
				"west": {"uv": [5, 7, 8, 11], "texture": "#1"}
			}
		},
		{
			"from": [9, 4, 13],
			"to": [10, 7, 16],
			"faces": {
				"north": {"uv": [9, 9, 10, 12], "texture": "#texture"},
				"east": {"uv": [5, 3, 8, 7], "texture": "#1"},
				"south": {"uv": [9, 9, 10, 12], "texture": "#texture"},
				"west": {"uv": [5, 3, 8, 7], "texture": "#1"}
			}
		},
		{
			"from": [9, 9, 13],
			"to": [10, 13, 16],
			"faces": {
				"north": {"uv": [6, 3, 7, 7], "texture": "#texture"},
				"east": {"uv": [5, 3, 8, 7], "texture": "#1"},
				"south": {"uv": [6, 3, 7, 7], "texture": "#texture"},
				"west": {"uv": [5, 3, 8, 7], "texture": "#1"}
			}
		},
		{
			"from": [6, 9, 13],
			"to": [7, 13, 16],
			"faces": {
				"north": {"uv": [9, 3, 10, 7], "texture": "#texture"},
				"east": {"uv": [5, 3, 8, 7], "texture": "#1"},
				"south": {"uv": [9, 3, 10, 7], "texture": "#texture"},
				"west": {"uv": [5, 3, 8, 7], "texture": "#1"}
			}
		},
		{
			"from": [0, 13, 13],
			"to": [16, 16, 16],
			"faces": {
				"north": {"uv": [0, 0, 16, 3], "texture": "#texture"},
				"east": {"uv": [10, 0, 13, 3], "texture": "#1"},
				"south": {"uv": [0, 0, 16, 3], "texture": "#texture"},
				"west": {"uv": [10, 0, 13, 3], "texture": "#1"},
				"up": {"uv": [0, 0, 3, 16], "rotation": 270, "texture": "#1"},
				"down": {"uv": [5, 0, 8, 16], "rotation": 90, "texture": "#1"}
			}
		},
		{
			"from": [0, 7, 13],
			"to": [16, 9, 16],
			"faces": {
				"north": {"uv": [0, 7, 16, 9], "texture": "#texture"},
				"east": {"uv": [10, 8, 13, 10], "texture": "#1"},
				"south": {"uv": [0, 7, 16, 9], "texture": "#texture"},
				"west": {"uv": [10, 8, 13, 10], "texture": "#1"},
				"up": {"uv": [5, 0, 8, 16], "rotation": 270, "texture": "#1"},
				"down": {"uv": [5, 0, 8, 16], "rotation": 90, "texture": "#1"}
			}
		},
		{
			"from": [0, 0, 13],
			"to": [16, 4, 16],
			"faces": {
				"north": {"uv": [0, 12, 16, 16], "texture": "#texture"},
				"east": {"uv": [13, 12, 16, 16], "texture": "#1"},
				"south": {"uv": [0, 12, 16, 16], "texture": "#texture"},
				"west": {"uv": [13, 12, 16, 16], "texture": "#1"},
				"up": {"uv": [5, 0, 8, 16], "rotation": 270, "texture": "#1"},
				"down": {"uv": [0, 0, 3, 16], "rotation": 90, "texture": "#1"}
			}
		},
		{
			"from": [0, 9, 13],
			"to": [3, 13, 16],
			"faces": {
				"north": {"uv": [13, 3, 16, 7], "texture": "#texture"},
				"east": {"uv": [5, 1, 8, 5], "texture": "#1"},
				"south": {"uv": [16, 3, 13, 7], "texture": "#texture"},
				"west": {"uv": [0, 3, 3, 7], "texture": "#1"}
			}
		},
		{
			"from": [13, 9, 13],
			"to": [16, 13, 16],
			"faces": {
				"north": {"uv": [0, 2, 3, 6], "texture": "#texture"},
				"east": {"uv": [0, 2, 3, 6], "texture": "#1"},
				"south": {"uv": [3, 3, 0, 7], "texture": "#texture"},
				"west": {"uv": [5, 3, 8, 7], "texture": "#1"}
			}
		},
		{
			"from": [12, 4, 13],
			"to": [16, 7, 16],
			"faces": {
				"north": {"uv": [0, 9, 4, 12], "texture": "#texture"},
				"east": {"uv": [0, 10, 3, 13], "texture": "#1"},
				"south": {"uv": [4, 9, 0, 12], "texture": "#texture"},
				"west": {"uv": [5, 3, 8, 6], "texture": "#1"}
			}
		},
		{
			"from": [0, 4, 13],
			"to": [4, 7, 16],
			"faces": {
				"north": {"uv": [12, 9, 16, 12], "texture": "#texture"},
				"east": {"uv": [5, 10, 8, 13], "texture": "#1"},
				"south": {"uv": [16, 9, 12, 12], "texture": "#texture"},
				"west": {"uv": [0, 3, 3, 6], "texture": "#1"}
			}
		},
		{
			"from": [5, 1, 12.5],
			"to": [11, 2, 13],
			"faces": {
				"north": {"uv": [5, 14, 11, 15], "rotation": 180, "texture": "#texture"},
				"east": {"uv": [5, 14, 6, 14.5], "rotation": 90, "texture": "#texture"},
				"west": {"uv": [10, 14, 11, 14.5], "rotation": 270, "texture": "#texture"},
				"up": {"uv": [5, 14, 11, 14.5], "rotation": 180, "texture": "#texture"},
				"down": {"uv": [5, 14, 11, 14.5], "texture": "#texture"}
			}
		},
		{
			"from": [5, 1, 16],
			"to": [11, 2, 16.5],
			"faces": {
				"east": {"uv": [5, 14, 6, 14.5], "rotation": 90, "texture": "#texture"},
				"south": {"uv": [5, 14, 11, 15], "rotation": 180, "texture": "#texture"},
				"west": {"uv": [10, 14, 11, 14.5], "rotation": 270, "texture": "#texture"},
				"up": {"uv": [5, 14, 11, 14.5], "rotation": 180, "texture": "#texture"},
				"down": {"uv": [5, 14, 11, 14.5], "texture": "#texture"}
			}
		}
	]
}