{
	"credit": "Made with Blockbench by Valdr687",
	"ambientocclusion": false,
	"textures": {
		"particle": "block/ladder",
		"texture": "block/ladder"
	},
	"elements": [
		{
			"from": [2, 0, 14],
			"to": [4, 16, 16],
			"faces": {
				"north": {"uv": [2, 0, 4, 16], "texture": "#texture"},
				"east": {"uv": [12, 0, 14, 16], "texture": "#texture"},
				"south": {"uv": [12, 0, 14, 16], "texture": "#texture"},
				"west": {"uv": [2, 0, 4, 16], "texture": "#texture"},
				"up": {"uv": [12, 0, 14, 2], "texture": "#texture"},
				"down": {"uv": [12, 14, 14, 16], "texture": "#texture"}
			}
		},
		{
			"from": [12, 0, 14],
			"to": [14, 16, 16],
			"faces": {
				"north": {"uv": [12, 0, 14, 16], "texture": "#texture"},
				"east": {"uv": [12, 0, 14, 16], "texture": "#texture"},
				"south": {"uv": [2, 0, 4, 16], "texture": "#texture"},
				"west": {"uv": [2, 0, 4, 16], "texture": "#texture"},
				"up": {"uv": [2, 0, 4, 2], "texture": "#texture"},
				"down": {"uv": [2, 14, 4, 16], "texture": "#texture"}
			}
		},
		{
			"from": [1, 13, 15],
			"to": [2, 15, 16],
			"faces": {
				"north": {"uv": [14, 1, 15, 3], "texture": "#texture"},
				"south": {"uv": [8, 1, 9, 3], "texture": "#texture"},
				"west": {"uv": [10, 1, 11, 3], "texture": "#texture"},
				"up": {"uv": [14, 1, 15, 2], "texture": "#texture"},
				"down": {"uv": [14, 2, 15, 3], "texture": "#texture"}
			}
		},
		{
			"from": [1, 1, 15],
			"to": [2, 3, 16],
			"faces": {
				"north": {"uv": [14, 13, 15, 15], "texture": "#texture"},
				"south": {"uv": [4, 1, 5, 3], "texture": "#texture"},
				"west": {"uv": [14, 13, 15, 15], "texture": "#texture"},
				"up": {"uv": [14, 13, 15, 14], "texture": "#texture"},
				"down": {"uv": [14, 14, 15, 15], "texture": "#texture"}
			}
		},
		{
			"from": [1, 9, 15],
			"to": [2, 11, 16],
			"faces": {
				"north": {"uv": [14, 5, 15, 7], "texture": "#texture"},
				"south": {"uv": [8, 5, 9, 7], "texture": "#texture"},
				"west": {"uv": [10, 5, 11, 7], "texture": "#texture"},
				"up": {"uv": [14, 5, 15, 6], "texture": "#texture"},
				"down": {"uv": [14, 6, 15, 7], "texture": "#texture"}
			}
		},
		{
			"from": [1, 5, 15],
			"to": [2, 7, 16],
			"faces": {
				"north": {"uv": [14, 9, 15, 11], "texture": "#texture"},
				"south": {"uv": [8, 9, 9, 11], "texture": "#texture"},
				"west": {"uv": [10, 9, 11, 11], "texture": "#texture"},
				"up": {"uv": [14, 9, 15, 10], "texture": "#texture"},
				"down": {"uv": [14, 10, 15, 11], "texture": "#texture"}
			}
		},
		{
			"from": [14, 13, 15],
			"to": [15, 15, 16],
			"faces": {
				"north": {"uv": [2, 1, 3, 3], "texture": "#texture"},
				"east": {"uv": [12, 1, 13, 3], "texture": "#texture"},
				"south": {"uv": [8, 1, 9, 3], "texture": "#texture"},
				"up": {"uv": [14, 1, 15, 2], "texture": "#texture"},
				"down": {"uv": [14, 2, 15, 3], "texture": "#texture"}
			}
		},
		{
			"from": [14, 1, 15],
			"to": [15, 3, 16],
			"faces": {
				"north": {"uv": [1, 13, 2, 15], "texture": "#texture"},
				"east": {"uv": [8, 13, 9, 15], "texture": "#texture"},
				"south": {"uv": [4, 1, 5, 3], "texture": "#texture"},
				"up": {"uv": [14, 13, 15, 14], "texture": "#texture"},
				"down": {"uv": [14, 14, 15, 15], "texture": "#texture"}
			}
		},
		{
			"from": [14, 5, 15],
			"to": [15, 7, 16],
			"faces": {
				"north": {"uv": [1, 9, 2, 11], "texture": "#texture"},
				"east": {"uv": [14, 9, 15, 11], "texture": "#texture"},
				"south": {"uv": [8, 9, 9, 11], "texture": "#texture"},
				"up": {"uv": [14, 9, 15, 10], "texture": "#texture"},
				"down": {"uv": [14, 10, 15, 11], "texture": "#texture"}
			}
		},
		{
			"from": [14, 9, 15],
			"to": [15, 11, 16],
			"faces": {
				"north": {"uv": [1, 5, 2, 7], "texture": "#texture"},
				"east": {"uv": [12, 5, 13, 7], "texture": "#texture"},
				"south": {"uv": [2, 5, 3, 7], "texture": "#texture"},
				"up": {"uv": [14, 5, 15, 6], "texture": "#texture"},
				"down": {"uv": [14, 6, 15, 7], "texture": "#texture"}
			}
		},
		{
			"from": [4, 1, 15],
			"to": [12, 3, 16],
			"faces": {
				"north": {"uv": [4, 13, 12, 15], "texture": "#texture"},
				"south": {"uv": [4, 13, 12, 15], "texture": "#texture"},
				"up": {"uv": [4, 13, 12, 14], "texture": "#texture"},
				"down": {"uv": [4, 14, 12, 15], "texture": "#texture"}
			}
		},
		{
			"from": [4, 5, 15],
			"to": [12, 7, 16],
			"faces": {
				"north": {"uv": [4, 9, 12, 11], "texture": "#texture"},
				"south": {"uv": [4, 9, 12, 11], "texture": "#texture"},
				"up": {"uv": [4, 9, 12, 10], "texture": "#texture"},
				"down": {"uv": [4, 10, 12, 11], "texture": "#texture"}
			}
		},
		{
			"from": [4, 9, 15],
			"to": [12, 11, 16],
			"faces": {
				"north": {"uv": [4, 5, 12, 7], "texture": "#texture"},
				"south": {"uv": [4, 5, 12, 7], "texture": "#texture"},
				"up": {"uv": [4, 5, 12, 6], "texture": "#texture"},
				"down": {"uv": [4, 6, 12, 7], "texture": "#texture"}
			}
		},
		{
			"from": [4, 13, 15],
			"to": [12, 15, 16],
			"faces": {
				"north": {"uv": [4, 1, 12, 3], "texture": "#texture"},
				"south": {"uv": [4, 1, 12, 3], "texture": "#texture"},
				"up": {"uv": [4, 1, 12, 2], "texture": "#texture"},
				"down": {"uv": [4, 2, 12, 3], "texture": "#texture"}
			}
		}
	],
	"groups": [
		0,
		1,
		{
			"name": "Bareau",
			"origin": [0, 0, 0],
			"color": 0,
			"children": [
				{
					"name": "Coté",
					"origin": [0, 0, 0],
					"color": 0,
					"children": [2, 3, 4, 5]
				},
				{
					"name": "Coté",
					"origin": [0, 0, 0],
					"color": 0,
					"children": [6, 7, 8, 9]
				},
				10,
				11,
				12,
				13
			]
		}
	]
}