{
	"credit": "Made with Blockbench by Valdr687",
	"parent": "block/block",
	"textures": {
		"bottom": "block/oak_planks",
		"base": "block/lectern_base",
		"front": "block/lectern_front",
		"particle": "block/lectern_sides",
		"sides": "block/lectern_sides",
		"top": "block/lectern_top"
	},
	"elements": [
		{
			"from": [0, 0, 0],
			"to": [16, 2, 16],
			"faces": {
				"north": {"uv": [0, 14, 16, 16], "texture": "#base", "cullface": "north"},
				"east": {"uv": [0, 6, 16, 8], "texture": "#base", "cullface": "east"},
				"south": {"uv": [0, 6, 16, 8], "texture": "#base", "cullface": "south"},
				"west": {"uv": [0, 6, 16, 8], "texture": "#base", "cullface": "west"},
				"up": {"uv": [0, 0, 16, 16], "rotation": 180, "texture": "#base"},
				"down": {"uv": [0, 0, 16, 16], "texture": "#bottom", "cullface": "down"}
			}
		},
		{
			"from": [5, 2, 5],
			"to": [11, 15, 12],
			"faces": {
				"north": {"uv": [1, 0, 7, 13], "texture": "#front"},
				"south": {"uv": [9, 3, 15, 16], "texture": "#front"}
			}
		},
		{
			"from": [11, 2, 4],
			"to": [12, 15, 12],
			"faces": {
				"north": {"uv": [0, 0, 1, 13], "texture": "#front"},
				"east": {"uv": [2, 16, 15, 8], "rotation": 90, "texture": "#sides"},
				"south": {"uv": [8, 3, 9, 16], "texture": "#front"},
				"west": {"uv": [2, 8, 15, 16], "rotation": 90, "texture": "#sides"}
			}
		},
		{
			"from": [4, 2, 4],
			"to": [5, 15, 12],
			"faces": {
				"north": {"uv": [7, 0, 8, 13], "texture": "#front"},
				"east": {"uv": [2, 16, 15, 8], "rotation": 90, "texture": "#sides"},
				"south": {"uv": [15, 3, 16, 16], "texture": "#front"},
				"west": {"uv": [2, 8, 15, 16], "rotation": 90, "texture": "#sides"}
			}
		},
		{
			"from": [0.0125, 12, 3],
			"to": [15.9875, 16, 16],
			"rotation": {"angle": -22.5, "axis": "x", "origin": [8, 8, 8]},
			"faces": {
				"north": {"uv": [0, 0, 16, 4], "texture": "#sides"},
				"east": {"uv": [0, 4, 13, 8], "texture": "#sides"},
				"south": {"uv": [0, 4, 16, 8], "texture": "#sides"},
				"west": {"uv": [0, 4, 13, 8], "texture": "#sides"},
				"up": {"uv": [0, 1, 16, 14], "rotation": 180, "texture": "#top"},
				"down": {"uv": [0, 0, 16, 13], "texture": "#bottom"}
			}
		},
		{
			"from": [5, 0.025, -0.1],
			"to": [11, 2.1, 4],
			"faces": {
				"north": {"uv": [5, 13.9, 11, 16], "texture": "#base"},
				"east": {"uv": [7, 13, 11, 15], "texture": "#base"},
				"west": {"uv": [5, 13, 9, 15], "texture": "#base"},
				"up": {"uv": [5, 12, 11, 16], "texture": "#base"},
				"down": {"uv": [5, 11.9, 11, 16], "texture": "#base"}
			}
		},
		{
			"from": [5, 2, 4],
			"to": [11, 3, 5],
			"faces": {
				"north": {"uv": [1, 12, 7, 13], "texture": "#front"},
				"up": {"uv": [1, 12, 7, 13], "texture": "#front"}
			}
		},
		{
			"from": [5, 8, 4],
			"to": [11, 11, 5],
			"faces": {
				"north": {"uv": [1, 4, 7, 7], "texture": "#front"},
				"up": {"uv": [1, 4, 7, 5], "texture": "#front"},
				"down": {"uv": [1, 6, 7, 7], "texture": "#front"}
			}
		},
		{
			"from": [5, 3, 4.5],
			"to": [6, 6, 5],
			"faces": {
				"north": {"uv": [6, 9, 7, 12], "texture": "#front"},
				"up": {"uv": [6, 9, 7, 9.5], "texture": "#front"}
			}
		},
		{
			"from": [6, 3, 4.4],
			"to": [8, 7, 5],
			"faces": {
				"north": {"uv": [4, 8, 6, 12], "texture": "#front"},
				"west": {"uv": [4, 8, 4.6, 12], "texture": "#front"},
				"up": {"uv": [4, 8, 6, 8.6], "rotation": 180, "texture": "#front"}
			}
		},
		{
			"from": [8, 3, 4.2],
			"to": [10, 7, 5],
			"faces": {
				"north": {"uv": [2, 8, 4, 12], "texture": "#front"},
				"east": {"uv": [2, 8, 2.6, 12], "texture": "#front"},
				"west": {"uv": [2, 8, 2.6, 12], "texture": "#front"},
				"up": {"uv": [2, 8, 4, 8.6], "texture": "#front"}
			}
		},
		{
			"from": [10, 3, 4.7],
			"to": [11, 7, 5],
			"faces": {
				"north": {"uv": [1, 8, 2, 12], "texture": "#front"},
				"up": {"uv": [1, 9, 2, 8.3], "texture": "#front"}
			}
		}
	],
	"display": {
		"firstperson_righthand": {
			"rotation": [0, 135, 0],
			"scale": [0.4, 0.4, 0.4]
		}
	}
}