{
	"credit": "Made with Blockbench by Valdr687",
	"ambientocclusion": false,
	"textures": {
		"2": "block/lever_extra",
		"particle": "block/cobblestone",
		"base": "block/cobblestone",
		"lever": "block/lever"
	},
	"elements": [
		{
			"from": [7, 1, 7],
			"to": [9, 11, 9],
			"rotation": {"angle": 45, "axis": "x", "origin": [8, 1, 8]},
			"faces": {
				"north": {"uv": [7, 6, 9, 16], "texture": "#lever"},
				"east": {"uv": [7, 6, 9, 16], "texture": "#lever"},
				"south": {"uv": [7, 6, 9, 16], "texture": "#lever"},
				"west": {"uv": [7, 6, 9, 16], "texture": "#lever"},
				"up": {"uv": [7, 6, 9, 8], "texture": "#lever"}
			}
		},
		{
			"from": [5, 0, 4],
			"to": [11, 2, 12],
			"faces": {
				"north": {"uv": [5, 1, 11, 3], "texture": "#base"},
				"east": {"uv": [4, 1, 12, 3], "texture": "#base"},
				"south": {"uv": [5, 1, 11, 3], "texture": "#base"},
				"west": {"uv": [4, 1, 12, 3], "texture": "#base"},
				"down": {"uv": [5, 4, 11, 12], "texture": "#base", "cullface": "down"}
			}
		},
		{
			"from": [9, 2, 4],
			"to": [11, 3, 12],
			"faces": {
				"north": {"uv": [9, 0, 11, 1], "texture": "#base"},
				"east": {"uv": [4, 0, 12, 1], "texture": "#base"},
				"south": {"uv": [9, 0, 11, 1], "texture": "#base"},
				"west": {"uv": [4, 0, 12, 1], "texture": "#base"},
				"up": {"uv": [9, 4, 11, 12], "texture": "#base"}
			}
		},
		{
			"from": [5, 2, 4],
			"to": [7, 3, 12],
			"faces": {
				"north": {"uv": [5, 0, 7, 1], "texture": "#base"},
				"east": {"uv": [4, 0, 12, 1], "texture": "#base"},
				"south": {"uv": [5, 0, 7, 1], "texture": "#base"},
				"west": {"uv": [4, 0, 12, 1], "texture": "#base"},
				"up": {"uv": [5, 4, 7, 12], "texture": "#base"}
			}
		},
		{
			"from": [7, 2, 8],
			"to": [9, 3, 12],
			"rotation": {"angle": 0, "axis": "y", "origin": [8, 2.41667, 9]},
			"faces": {
				"north": {"uv": [7, 0, 9, 1], "texture": "#base"},
				"south": {"uv": [7, 0, 9, 1], "texture": "#base"},
				"up": {"uv": [7, 4, 9, 8], "rotation": 180, "texture": "#base"}
			}
		},
		{
			"from": [7, 2, 4],
			"to": [9, 3, 5],
			"rotation": {"angle": 0, "axis": "y", "origin": [8, 2.41667, 9]},
			"faces": {
				"north": {"uv": [7, 0, 9, 1], "texture": "#base"},
				"south": {"uv": [7, 0, 9, 1], "texture": "#base"},
				"up": {"uv": [7, 0, 9, 1], "rotation": 180, "texture": "#base"}
			}
		},
		{
			"from": [7, 2, 5],
			"to": [9, 2.5, 8],
			"rotation": {"angle": 0, "axis": "y", "origin": [8, 2.41667, 9]},
			"faces": {
				"north": {"uv": [6, 0, 6, 0], "texture": "#2"},
				"east": {"uv": [6, 0, 6, 0], "texture": "#2"},
				"south": {"uv": [6, 0, 6, 0], "texture": "#2"},
				"west": {"uv": [6, 0, 6, 0], "texture": "#2"},
				"up": {"uv": [8, 3, 6, 0], "rotation": 180, "texture": "#2"},
				"down": {"uv": [6, 0, 6, 0], "texture": "#2"}
			}
		}
	]
}