{
	"credit": "Made with Blockbench by Valdr687",
	"textures": {
		"0": "block/lilac_bottom",
		"1": "block/lilac2",
		"particle": "block/lilac_bottom"
	},
	"elements": [
		{
			"from": [8, 0, 0],
			"to": [8, 16, 16],
			"rotation": {"angle": 0, "axis": "y", "origin": [8, 0, 0]},
			"faces": {
				"north": {"uv": [0, 0, 0, 16], "texture": "#0"},
				"east": {"uv": [16, 0, 0, 16], "texture": "#0"},
				"south": {"uv": [0, 0, 0, 16], "texture": "#0"},
				"west": {"uv": [0, 0, 16, 16], "texture": "#0"},
				"up": {"uv": [0, 0, 0, 16], "texture": "#0"},
				"down": {"uv": [0, 0, 0, 16], "texture": "#0"}
			}
		},
		{
			"from": [0, 0, 8],
			"to": [16, 16, 8],
			"rotation": {"angle": 0, "axis": "y", "origin": [0, 0, 8]},
			"faces": {
				"north": {"uv": [16, 0, 0, 16], "texture": "#0"},
				"east": {"uv": [0, 0, 0, 16], "texture": "#0"},
				"south": {"uv": [0, 0, 16, 16], "texture": "#0"},
				"west": {"uv": [0, 0, 0, 16], "texture": "#0"},
				"up": {"uv": [0, 0, 0, 16], "rotation": 270, "texture": "#0"},
				"down": {"uv": [0, 0, 0, 16], "rotation": 90, "texture": "#0"}
			}
		},
		{
			"from": [7, 7, 3],
			"to": [9, 12, 5],
			"rotation": {"angle": -22.5, "axis": "x", "origin": [8, 7, 4]},
			"faces": {
				"north": {"uv": [2, 5, 4, 10], "texture": "#1"},
				"east": {"uv": [0, 5, 2, 10], "texture": "#1"},
				"south": {"uv": [2, 5, 4, 10], "texture": "#1"},
				"west": {"uv": [4, 5, 6, 10], "texture": "#1"},
				"up": {"uv": [2, 3, 4, 5], "texture": "#1"},
				"down": {"uv": [2, 10, 4, 12], "texture": "#1"}
			}
		},
		{
			"from": [7, 15, 3],
			"to": [9, 20, 5],
			"rotation": {"angle": -22.5, "axis": "x", "origin": [8, 15, 4]},
			"faces": {
				"north": {"uv": [2, 5, 4, 10], "texture": "#1"},
				"east": {"uv": [0, 5, 2, 10], "texture": "#1"},
				"south": {"uv": [2, 5, 4, 10], "texture": "#1"},
				"west": {"uv": [4, 5, 6, 10], "texture": "#1"},
				"up": {"uv": [2, 3, 4, 5], "texture": "#1"},
				"down": {"uv": [2, 10, 4, 12], "texture": "#1"}
			}
		},
		{
			"from": [7, 14, 10],
			"to": [9, 19, 12],
			"rotation": {"angle": 22.5, "axis": "x", "origin": [8, 14, 11]},
			"faces": {
				"north": {"uv": [2, 5, 4, 10], "texture": "#1"},
				"east": {"uv": [0, 5, 2, 10], "texture": "#1"},
				"south": {"uv": [2, 5, 4, 10], "texture": "#1"},
				"west": {"uv": [4, 5, 6, 10], "texture": "#1"},
				"up": {"uv": [2, 3, 4, 5], "texture": "#1"},
				"down": {"uv": [2, 10, 4, 12], "texture": "#1"}
			}
		},
		{
			"from": [7, 3, 9],
			"to": [9, 8, 11],
			"rotation": {"angle": 22.5, "axis": "x", "origin": [8, 3, 10]},
			"faces": {
				"north": {"uv": [2, 5, 4, 10], "texture": "#1"},
				"east": {"uv": [0, 5, 2, 10], "texture": "#1"},
				"south": {"uv": [2, 5, 4, 10], "texture": "#1"},
				"west": {"uv": [4, 5, 6, 10], "texture": "#1"},
				"up": {"uv": [2, 3, 4, 5], "texture": "#1"},
				"down": {"uv": [2, 10, 4, 12], "texture": "#1"}
			}
		},
		{
			"from": [3, 7, 7],
			"to": [5, 12, 9],
			"rotation": {"angle": 22.5, "axis": "z", "origin": [4, 7, 8]},
			"faces": {
				"north": {"uv": [2, 5, 4, 10], "texture": "#1"},
				"east": {"uv": [0, 5, 2, 10], "texture": "#1"},
				"south": {"uv": [2, 5, 4, 10], "texture": "#1"},
				"west": {"uv": [4, 5, 6, 10], "texture": "#1"},
				"up": {"uv": [2, 3, 4, 5], "texture": "#1"},
				"down": {"uv": [2, 10, 4, 12], "texture": "#1"}
			}
		},
		{
			"from": [3, 15, 7],
			"to": [5, 20, 9],
			"rotation": {"angle": 22.5, "axis": "z", "origin": [4, 15, 8]},
			"faces": {
				"north": {"uv": [2, 5, 4, 10], "texture": "#1"},
				"east": {"uv": [0, 5, 2, 10], "texture": "#1"},
				"south": {"uv": [2, 5, 4, 10], "texture": "#1"},
				"west": {"uv": [4, 5, 6, 10], "texture": "#1"},
				"up": {"uv": [2, 3, 4, 5], "texture": "#1"},
				"down": {"uv": [2, 10, 4, 12], "texture": "#1"}
			}
		},
		{
			"from": [10, 14, 7],
			"to": [12, 19, 9],
			"rotation": {"angle": -22.5, "axis": "z", "origin": [11, 14, 8]},
			"faces": {
				"north": {"uv": [2, 5, 4, 10], "texture": "#1"},
				"east": {"uv": [0, 5, 2, 10], "texture": "#1"},
				"south": {"uv": [2, 5, 4, 10], "texture": "#1"},
				"west": {"uv": [4, 5, 6, 10], "texture": "#1"},
				"up": {"uv": [2, 3, 4, 5], "texture": "#1"},
				"down": {"uv": [2, 10, 4, 12], "texture": "#1"}
			}
		},
		{
			"from": [9, 3, 7],
			"to": [11, 8, 9],
			"rotation": {"angle": -22.5, "axis": "z", "origin": [10, 3, 8]},
			"faces": {
				"north": {"uv": [2, 5, 4, 10], "texture": "#1"},
				"east": {"uv": [0, 5, 2, 10], "texture": "#1"},
				"south": {"uv": [2, 5, 4, 10], "texture": "#1"},
				"west": {"uv": [4, 5, 6, 10], "texture": "#1"},
				"up": {"uv": [2, 3, 4, 5], "texture": "#1"},
				"down": {"uv": [2, 10, 4, 12], "texture": "#1"}
			}
		},
		{
			"from": [7, 2, 7],
			"to": [8, 8, 8],
			"rotation": {"angle": 0, "axis": "y", "origin": [7, 2, 7]},
			"faces": {
				"north": {"uv": [7, 8, 8, 14], "texture": "#1"},
				"east": {"uv": [7, 8, 8, 14], "texture": "#1"},
				"south": {"uv": [7, 8, 8, 14], "texture": "#1"},
				"west": {"uv": [7, 8, 8, 14], "texture": "#1"},
				"up": {"uv": [7, 8, 8, 9], "texture": "#1"},
				"down": {"uv": [7, 13, 8, 14], "texture": "#1"}
			}
		},
		{
			"from": [7, 15, 7],
			"to": [8, 16, 8],
			"rotation": {"angle": 0, "axis": "y", "origin": [7, 16, 7]},
			"faces": {
				"north": {"uv": [7, 0, 8, 1], "texture": "#1"},
				"east": {"uv": [7, 0, 8, 1], "texture": "#1"},
				"south": {"uv": [7, 0, 8, 1], "texture": "#1"},
				"west": {"uv": [7, 0, 8, 1], "texture": "#1"},
				"up": {"uv": [7, 0, 8, 1], "texture": "#1"},
				"down": {"uv": [7, 0, 8, 1], "texture": "#1"}
			}
		},
		{
			"from": [8, 0, 8],
			"to": [9, 4, 9],
			"rotation": {"angle": 0, "axis": "y", "origin": [8, 0, 8]},
			"faces": {
				"north": {"uv": [8, 12, 9, 16], "texture": "#1"},
				"east": {"uv": [8, 12, 9, 16], "texture": "#1"},
				"south": {"uv": [8, 12, 9, 16], "texture": "#1"},
				"west": {"uv": [8, 12, 9, 16], "texture": "#1"},
				"up": {"uv": [8, 12, 9, 13], "texture": "#1"},
				"down": {"uv": [8, 15, 9, 16], "texture": "#1"}
			}
		},
		{
			"from": [8, 6, 8],
			"to": [9, 16, 9],
			"rotation": {"angle": 0, "axis": "y", "origin": [8, 10, 8]},
			"faces": {
				"north": {"uv": [8, 0, 9, 10], "texture": "#1"},
				"east": {"uv": [8, 0, 9, 10], "texture": "#1"},
				"south": {"uv": [8, 0, 9, 10], "texture": "#1"},
				"west": {"uv": [8, 0, 9, 10], "texture": "#1"},
				"up": {"uv": [7, 8, 8, 9], "texture": "#1"},
				"down": {"uv": [7, 13, 8, 14], "texture": "#1"}
			}
		}
	]
}