{
	"credit": "Made with Blockbench by Valdr687",
	"textures": {
		"0": "block/lilac",
		"1": "block/lilac_top_block",
		"particle": "block/lilac"
	},
	"elements": [
		{
			"from": [8, 0, 0],
			"to": [8, 16, 16],
			"rotation": {"angle": 0, "axis": "y", "origin": [8, 0, 0]},
			"faces": {
				"north": {"uv": [0, 0, 0, 16], "texture": "#1"},
				"east": {"uv": [16, 0, 0, 16], "texture": "#1"},
				"south": {"uv": [0, 0, 0, 16], "texture": "#1"},
				"west": {"uv": [0, 0, 16, 16], "texture": "#1"},
				"up": {"uv": [0, 0, 0, 16], "texture": "#1"},
				"down": {"uv": [0, 0, 0, 16], "texture": "#1"}
			}
		},
		{
			"from": [0, 0, 8],
			"to": [16, 16, 8],
			"rotation": {"angle": 0, "axis": "y", "origin": [0, 0, 8]},
			"faces": {
				"north": {"uv": [16, 0, 0, 16], "texture": "#1"},
				"east": {"uv": [0, 0, 0, 16], "texture": "#1"},
				"south": {"uv": [0, 0, 16, 16], "texture": "#1"},
				"west": {"uv": [0, 0, 0, 16], "texture": "#1"},
				"up": {"uv": [0, 0, 0, 16], "rotation": 270, "texture": "#1"},
				"down": {"uv": [0, 0, 0, 16], "rotation": 90, "texture": "#1"}
			}
		},
		{
			"from": [7, 5, 3],
			"to": [9, 10, 5],
			"rotation": {"angle": -22.5, "axis": "x", "origin": [8, 5, 4]},
			"faces": {
				"north": {"uv": [2, 5, 4, 10], "texture": "#0"},
				"east": {"uv": [0, 5, 2, 10], "texture": "#0"},
				"south": {"uv": [2, 5, 4, 10], "texture": "#0"},
				"west": {"uv": [4, 5, 6, 10], "texture": "#0"},
				"up": {"uv": [2, 3, 4, 5], "texture": "#0"},
				"down": {"uv": [2, 10, 4, 12], "texture": "#0"}
			}
		},
		{
			"from": [7, 10, 4],
			"to": [9, 15, 6],
			"rotation": {"angle": -22.5, "axis": "x", "origin": [8, 10, 5]},
			"faces": {
				"north": {"uv": [2, 5, 4, 10], "texture": "#0"},
				"east": {"uv": [0, 5, 2, 10], "texture": "#0"},
				"south": {"uv": [2, 5, 4, 10], "texture": "#0"},
				"west": {"uv": [4, 5, 6, 10], "texture": "#0"},
				"up": {"uv": [2, 3, 4, 5], "texture": "#0"},
				"down": {"uv": [2, 10, 4, 12], "texture": "#0"}
			}
		},
		{
			"from": [7, 10, 9],
			"to": [9, 15, 11],
			"rotation": {"angle": 22.5, "axis": "x", "origin": [8, 10, 10]},
			"faces": {
				"north": {"uv": [2, 5, 4, 10], "texture": "#0"},
				"east": {"uv": [0, 5, 2, 10], "texture": "#0"},
				"south": {"uv": [2, 5, 4, 10], "texture": "#0"},
				"west": {"uv": [4, 5, 6, 10], "texture": "#0"},
				"up": {"uv": [2, 3, 4, 5], "texture": "#0"},
				"down": {"uv": [2, 10, 4, 12], "texture": "#0"}
			}
		},
		{
			"from": [7, 3, 10],
			"to": [9, 8, 12],
			"rotation": {"angle": 22.5, "axis": "x", "origin": [8, 3, 11]},
			"faces": {
				"north": {"uv": [2, 5, 4, 10], "texture": "#0"},
				"east": {"uv": [0, 5, 2, 10], "texture": "#0"},
				"south": {"uv": [2, 5, 4, 10], "texture": "#0"},
				"west": {"uv": [4, 5, 6, 10], "texture": "#0"},
				"up": {"uv": [2, 3, 4, 5], "texture": "#0"},
				"down": {"uv": [2, 10, 4, 12], "texture": "#0"}
			}
		},
		{
			"from": [3, 5, 7],
			"to": [5, 10, 9],
			"rotation": {"angle": 22.5, "axis": "z", "origin": [4, 5, 8]},
			"faces": {
				"north": {"uv": [2, 5, 4, 10], "texture": "#0"},
				"east": {"uv": [0, 5, 2, 10], "texture": "#0"},
				"south": {"uv": [2, 5, 4, 10], "texture": "#0"},
				"west": {"uv": [4, 5, 6, 10], "texture": "#0"},
				"up": {"uv": [2, 3, 4, 5], "texture": "#0"},
				"down": {"uv": [2, 10, 4, 12], "texture": "#0"}
			}
		},
		{
			"from": [4, 10, 7],
			"to": [6, 15, 9],
			"rotation": {"angle": 22.5, "axis": "z", "origin": [5, 10, 8]},
			"faces": {
				"north": {"uv": [2, 5, 4, 10], "texture": "#0"},
				"east": {"uv": [0, 5, 2, 10], "texture": "#0"},
				"south": {"uv": [2, 5, 4, 10], "texture": "#0"},
				"west": {"uv": [4, 5, 6, 10], "texture": "#0"},
				"up": {"uv": [2, 3, 4, 5], "texture": "#0"},
				"down": {"uv": [2, 10, 4, 12], "texture": "#0"}
			}
		},
		{
			"from": [9, 10, 7],
			"to": [11, 15, 9],
			"rotation": {"angle": -22.5, "axis": "z", "origin": [10, 10, 8]},
			"faces": {
				"north": {"uv": [2, 5, 4, 10], "texture": "#0"},
				"east": {"uv": [0, 5, 2, 10], "texture": "#0"},
				"south": {"uv": [2, 5, 4, 10], "texture": "#0"},
				"west": {"uv": [4, 5, 6, 10], "texture": "#0"},
				"up": {"uv": [2, 3, 4, 5], "texture": "#0"},
				"down": {"uv": [2, 10, 4, 12], "texture": "#0"}
			}
		},
		{
			"from": [10, 3, 7],
			"to": [12, 8, 9],
			"rotation": {"angle": -22.5, "axis": "z", "origin": [11, 3, 8]},
			"faces": {
				"north": {"uv": [2, 5, 4, 10], "texture": "#0"},
				"east": {"uv": [0, 5, 2, 10], "texture": "#0"},
				"south": {"uv": [2, 5, 4, 10], "texture": "#0"},
				"west": {"uv": [4, 5, 6, 10], "texture": "#0"},
				"up": {"uv": [2, 3, 4, 5], "texture": "#0"},
				"down": {"uv": [2, 10, 4, 12], "texture": "#0"}
			}
		},
		{
			"from": [8, 0, 8],
			"to": [9, 3, 9],
			"rotation": {"angle": 0, "axis": "y", "origin": [8, 0, 8]},
			"faces": {
				"north": {"uv": [14, 13, 15, 16], "texture": "#0"},
				"east": {"uv": [14, 13, 15, 16], "texture": "#0"},
				"south": {"uv": [14, 13, 15, 16], "texture": "#0"},
				"west": {"uv": [14, 13, 15, 16], "texture": "#0"},
				"up": {"uv": [14, 13, 15, 14], "texture": "#0"},
				"down": {"uv": [14, 15, 15, 16], "texture": "#0"}
			}
		},
		{
			"from": [7, 2, 7],
			"to": [8, 9, 8],
			"rotation": {"angle": 0, "axis": "y", "origin": [7, 2, 7]},
			"faces": {
				"north": {"uv": [13, 7, 14, 14], "texture": "#0"},
				"east": {"uv": [13, 7, 14, 14], "texture": "#0"},
				"south": {"uv": [13, 7, 14, 14], "texture": "#0"},
				"west": {"uv": [13, 7, 14, 14], "texture": "#0"},
				"up": {"uv": [13, 7, 14, 8], "texture": "#0"},
				"down": {"uv": [13, 13, 14, 14], "texture": "#0"}
			}
		}
	]
}