{
	"credit": "Made with Blockbench by Valdr687",
	"ambientocclusion": false,
	"textures": {
		"particle": "block/lily_pad",
		"texture": "block/lily_pad"
	},
	"elements": [
		{
			"from": [3.5, 0, 1],
			"to": [6.5, 1, 14],
			"faces": {
				"north": {"uv": [4, 1, 7, 2], "texture": "#texture", "tintindex": 0},
				"east": {"uv": [6, 1, 7, 14], "rotation": 90, "texture": "#texture", "tintindex": 0},
				"south": {"uv": [4, 13, 7, 14], "texture": "#texture", "tintindex": 0},
				"west": {"uv": [4, 1, 5, 14], "rotation": 90, "texture": "#texture", "tintindex": 0},
				"up": {"uv": [4, 1, 7, 14], "texture": "#texture", "tintindex": 0},
				"down": {"uv": [4, 1, 7, 14], "texture": "#texture", "tintindex": 0}
			}
		},
		{
			"from": [2.5, 0, 2],
			"to": [3.5, 1, 13],
			"faces": {
				"north": {"uv": [3, 2, 4, 3], "texture": "#texture", "tintindex": 0},
				"south": {"uv": [3, 12, 4, 13], "texture": "#texture", "tintindex": 0},
				"west": {"uv": [3, 2, 4, 13], "rotation": 90, "texture": "#texture", "tintindex": 0},
				"up": {"uv": [3, 2, 4, 13], "texture": "#texture", "tintindex": 0},
				"down": {"uv": [3, 2, 4, 13], "texture": "#texture", "tintindex": 0}
			}
		},
		{
			"from": [12.5, 0, 2],
			"to": [13.5, 1, 13],
			"faces": {
				"north": {"uv": [13, 2, 14, 3], "texture": "#texture", "tintindex": 0},
				"east": {"uv": [13, 2, 14, 13], "rotation": 90, "texture": "#texture", "tintindex": 0},
				"south": {"uv": [13, 12, 14, 13], "texture": "#texture", "tintindex": 0},
				"up": {"uv": [13, 2, 14, 13], "texture": "#texture", "tintindex": 0},
				"down": {"uv": [13, 2, 14, 13], "texture": "#texture", "tintindex": 0}
			}
		},
		{
			"from": [13.5, 0, 4],
			"to": [14.5, 1, 11],
			"faces": {
				"north": {"uv": [14, 4, 15, 5], "texture": "#texture", "tintindex": 0},
				"east": {"uv": [14, 4, 15, 11], "rotation": 90, "texture": "#texture", "tintindex": 0},
				"south": {"uv": [14, 10, 15, 11], "texture": "#texture", "tintindex": 0},
				"up": {"uv": [14, 4, 15, 11], "texture": "#texture", "tintindex": 0},
				"down": {"uv": [14, 4, 15, 11], "texture": "#texture", "tintindex": 0}
			}
		},
		{
			"from": [1.5, 0, 4],
			"to": [2.5, 1, 11],
			"faces": {
				"north": {"uv": [2, 4, 3, 5], "texture": "#texture", "tintindex": 0},
				"south": {"uv": [2, 10, 3, 11], "texture": "#texture", "tintindex": 0},
				"west": {"uv": [2, 4, 3, 11], "rotation": 90, "texture": "#texture", "tintindex": 0},
				"up": {"uv": [2, 4, 3, 11], "texture": "#texture", "tintindex": 0},
				"down": {"uv": [2, 4, 3, 11], "texture": "#texture", "tintindex": 0}
			}
		},
		{
			"from": [6.5, 0, 3],
			"to": [7.5, 1, 15],
			"faces": {
				"north": {"uv": [7, 3, 8, 4], "texture": "#texture", "tintindex": 0},
				"east": {"uv": [7, 3, 8, 15], "rotation": 90, "texture": "#texture", "tintindex": 0},
				"south": {"uv": [7, 14, 8, 15], "texture": "#texture", "tintindex": 0},
				"up": {"uv": [7, 3, 8, 15], "texture": "#texture", "tintindex": 0},
				"down": {"uv": [7, 3, 8, 15], "texture": "#texture", "tintindex": 0}
			}
		},
		{
			"from": [7.5, 0, 5],
			"to": [8.5, 1, 15],
			"faces": {
				"north": {"uv": [8, 5, 9, 6], "texture": "#texture", "tintindex": 0},
				"south": {"uv": [8, 14, 9, 15], "texture": "#texture", "tintindex": 0},
				"up": {"uv": [8, 5, 9, 15], "texture": "#texture", "tintindex": 0},
				"down": {"uv": [8, 5, 9, 15], "texture": "#texture", "tintindex": 0}
			}
		},
		{
			"from": [8.5, 0, 3],
			"to": [9.5, 1, 15],
			"faces": {
				"north": {"uv": [9, 3, 10, 4], "texture": "#texture", "tintindex": 0},
				"south": {"uv": [9, 14, 10, 15], "texture": "#texture", "tintindex": 0},
				"west": {"uv": [9, 15, 10, 3], "rotation": 90, "texture": "#texture", "tintindex": 0},
				"up": {"uv": [9, 3, 10, 15], "texture": "#texture", "tintindex": 0},
				"down": {"uv": [9, 3, 10, 15], "texture": "#texture", "tintindex": 0}
			}
		},
		{
			"from": [9.5, 0, 1],
			"to": [12.5, 1, 14],
			"faces": {
				"north": {"uv": [10, 1, 13, 2], "texture": "#texture", "tintindex": 0},
				"east": {"uv": [12, 1, 13, 14], "rotation": 90, "texture": "#texture", "tintindex": 0},
				"south": {"uv": [10, 13, 13, 14], "texture": "#texture", "tintindex": 0},
				"west": {"uv": [10, 14, 11, 1], "rotation": 90, "texture": "#texture", "tintindex": 0},
				"up": {"uv": [10, 1, 13, 14], "texture": "#texture", "tintindex": 0},
				"down": {"uv": [10, 1, 13, 14], "texture": "#texture", "tintindex": 0}
			}
		},
		{
			"from": [5.5, 0, 14],
			"to": [6.5, 1, 15],
			"faces": {
				"south": {"uv": [6, 14, 7, 15], "texture": "#texture", "tintindex": 0},
				"west": {"uv": [6, 14, 7, 15], "texture": "#texture", "tintindex": 0},
				"up": {"uv": [6, 14, 7, 15], "texture": "#texture", "tintindex": 0},
				"down": {"uv": [6, 14, 7, 15], "texture": "#texture", "tintindex": 0}
			}
		},
		{
			"from": [9.5, 0, 14],
			"to": [10.5, 1, 15],
			"faces": {
				"east": {"uv": [10, 14, 11, 15], "texture": "#texture", "tintindex": 0},
				"south": {"uv": [10, 14, 11, 15], "texture": "#texture", "tintindex": 0},
				"up": {"uv": [10, 14, 11, 15], "texture": "#texture", "tintindex": 0},
				"down": {"uv": [10, 14, 11, 15], "texture": "#texture", "tintindex": 0}
			}
		}
	]
}