{
	"credit": "Made with Blockbench by Valdr687",
	"textures": {
		"0": "block/lily_of_the_valley",
		"particle": "block/lily_of_the_valley"
	},
	"elements": [
		{
			"from": [7.5, 0, 7.5],
			"to": [8.5, 10, 8.5],
			"faces": {
				"north": {"uv": [8, 6, 9, 16], "texture": "#0"},
				"east": {"uv": [8, 6, 9, 16], "texture": "#0"},
				"south": {"uv": [8, 6, 9, 16], "texture": "#0"},
				"west": {"uv": [8, 6, 9, 16], "texture": "#0"},
				"up": {"uv": [8, 6, 9, 7], "texture": "#0"},
				"down": {"uv": [8, 15, 9, 16], "texture": "#0"}
			}
		},
		{
			"from": [8, 1, 8.5],
			"to": [8, 9, 12.5],
			"rotation": {"angle": -45, "axis": "y", "origin": [8, 0, 8]},
			"faces": {
				"east": {"uv": [13, 7, 9, 15], "texture": "#0"},
				"west": {"uv": [9, 7, 13, 15], "texture": "#0"}
			}
		},
		{
			"from": [8, 1, 8.5],
			"to": [8, 9, 12.5],
			"rotation": {"angle": 45, "axis": "y", "origin": [8, 0, 8]},
			"faces": {
				"east": {"uv": [13, 7, 9, 15], "texture": "#0"},
				"west": {"uv": [9, 7, 13, 15], "texture": "#0"}
			}
		},
		{
			"from": [7.5, 10, 6.5],
			"to": [8.5, 11, 7.5],
			"rotation": {"angle": 0, "axis": "y", "origin": [8, 0, 8]},
			"faces": {
				"north": {"uv": [7, 5, 8, 6], "texture": "#0"},
				"east": {"uv": [7, 5, 8, 6], "texture": "#0"},
				"south": {"uv": [7, 5, 8, 6], "texture": "#0"},
				"west": {"uv": [7, 5, 8, 6], "texture": "#0"},
				"up": {"uv": [7, 5, 8, 6], "texture": "#0"},
				"down": {"uv": [7, 5, 8, 6], "texture": "#0"}
			}
		},
		{
			"from": [7.5, 9, 5.5],
			"to": [8.5, 10, 6.5],
			"rotation": {"angle": 0, "axis": "y", "origin": [8, 0, 8]},
			"faces": {
				"north": {"uv": [7, 5, 8, 6], "texture": "#0"},
				"east": {"uv": [7, 5, 8, 6], "texture": "#0"},
				"south": {"uv": [7, 5, 8, 6], "texture": "#0"},
				"west": {"uv": [7, 5, 8, 6], "texture": "#0"},
				"up": {"uv": [7, 5, 8, 6], "texture": "#0"},
				"down": {"uv": [7, 5, 8, 6], "texture": "#0"}
			}
		},
		{
			"from": [7.5, 6, 6.5],
			"to": [8.5, 7, 7.5],
			"rotation": {"angle": 0, "axis": "y", "origin": [8, 0, 8]},
			"faces": {
				"north": {"uv": [7, 8, 8, 9], "texture": "#0"},
				"east": {"uv": [7, 8, 8, 9], "texture": "#0"},
				"west": {"uv": [7, 8, 8, 9], "texture": "#0"},
				"up": {"uv": [7, 8, 8, 9], "texture": "#0"},
				"down": {"uv": [7, 8, 8, 9], "texture": "#0"}
			}
		},
		{
			"from": [7.5, 11, 3.5],
			"to": [8.5, 12, 6.5],
			"rotation": {"angle": 0, "axis": "y", "origin": [8, 0, 8]},
			"faces": {
				"north": {"uv": [6, 4, 7, 5], "texture": "#0"},
				"east": {"uv": [4, 4, 7, 5], "texture": "#0"},
				"south": {"uv": [6, 4, 7, 5], "texture": "#0"},
				"west": {"uv": [7, 4, 4, 5], "texture": "#0"},
				"up": {"uv": [7, 4, 4, 5], "rotation": 90, "texture": "#0"},
				"down": {"uv": [4, 4, 7, 5], "rotation": 90, "texture": "#0"}
			}
		},
		{
			"from": [7.5, 5, 6],
			"to": [8.5, 6, 6],
			"rotation": {"angle": 0, "axis": "y", "origin": [8, 5.5, 7]},
			"faces": {
				"north": {"uv": [3, 5, 4, 6], "texture": "#0"},
				"south": {"uv": [3, 5, 4, 6], "texture": "#0"}
			}
		},
		{
			"from": [7.5, 5, 7],
			"to": [8.5, 6, 7],
			"rotation": {"angle": 0, "axis": "y", "origin": [8, 5.5, 7]},
			"faces": {
				"north": {"uv": [3, 5, 4, 6], "texture": "#0"},
				"south": {"uv": [3, 5, 4, 6], "texture": "#0"}
			}
		},
		{
			"from": [8.5, 5, 6],
			"to": [8.5, 6, 7],
			"rotation": {"angle": 0, "axis": "x", "origin": [8, 5.5, 7]},
			"faces": {
				"east": {"uv": [3, 5, 4, 6], "texture": "#0"},
				"west": {"uv": [3, 5, 4, 6], "texture": "#0"}
			}
		},
		{
			"from": [7.5, 5, 6],
			"to": [7.5, 6, 7],
			"rotation": {"angle": 0, "axis": "x", "origin": [8, 5.5, 7]},
			"faces": {
				"east": {"uv": [3, 5, 4, 6], "texture": "#0"},
				"west": {"uv": [3, 5, 4, 6], "texture": "#0"}
			}
		},
		{
			"from": [7.5, 6, 6],
			"to": [8.5, 6, 7],
			"rotation": {"angle": 0, "axis": "z", "origin": [7.5, 5.5, 6.5]},
			"faces": {
				"up": {"uv": [3, 5, 4, 6], "rotation": 270, "texture": "#0"},
				"down": {"uv": [3, 5, 4, 6], "rotation": 270, "texture": "#0"}
			}
		},
		{
			"from": [7.5, 7, 6],
			"to": [8.5, 9, 6],
			"rotation": {"angle": 22.5, "axis": "y", "origin": [8, 8, 6]},
			"faces": {
				"north": {"uv": [5, 7, 6, 9], "texture": "#0"},
				"south": {"uv": [3, 5, 4, 7], "texture": "#0"}
			}
		},
		{
			"from": [7, 7, 5],
			"to": [7, 9, 7],
			"rotation": {"angle": 0, "axis": "x", "origin": [8, 8, 10.25]},
			"faces": {
				"east": {"uv": [3, 5, 5, 7], "texture": "#0"},
				"west": {"uv": [3, 5, 5, 7], "texture": "#0"}
			}
		},
		{
			"from": [7, 8.975, 5],
			"to": [9, 8.975, 7],
			"rotation": {"angle": 0, "axis": "z", "origin": [8, 8, 10.25]},
			"faces": {
				"up": {"uv": [3, 5, 5, 7], "rotation": 270, "texture": "#0"},
				"down": {"uv": [3, 5, 5, 7], "rotation": 270, "texture": "#0"}
			}
		},
		{
			"from": [9, 7, 5],
			"to": [9, 9, 7],
			"rotation": {"angle": 0, "axis": "y", "origin": [8, 8, 10.25]},
			"faces": {
				"east": {"uv": [3, 5, 5, 7], "texture": "#0"},
				"west": {"uv": [3, 5, 5, 7], "texture": "#0"}
			}
		},
		{
			"from": [7, 7, 7],
			"to": [9, 9, 7],
			"rotation": {"angle": 0, "axis": "y", "origin": [8, 8, 10.25]},
			"faces": {
				"north": {"uv": [3, 5, 4, 7], "texture": "#0"},
				"south": {"uv": [3, 5, 5, 7], "texture": "#0"}
			}
		},
		{
			"from": [7, 7, 5],
			"to": [9, 9, 5],
			"rotation": {"angle": 0, "axis": "y", "origin": [8, 8, 10.25]},
			"faces": {
				"north": {"uv": [3, 5, 5, 7], "texture": "#0"},
				"south": {"uv": [3, 5, 4, 7], "texture": "#0"}
			}
		},
		{
			"from": [8, 7, 5.5],
			"to": [8, 9, 6.5],
			"rotation": {"angle": 45, "axis": "y", "origin": [8, 8, 6]},
			"faces": {
				"east": {"uv": [3, 5, 4, 7], "texture": "#0"},
				"west": {"uv": [5, 7, 6, 9], "texture": "#0"}
			}
		},
		{
			"from": [7.5, 9, 3.75],
			"to": [8.5, 11, 3.75],
			"rotation": {"angle": 22.5, "axis": "y", "origin": [8, 10, 3.75]},
			"faces": {
				"north": {"uv": [5, 7, 6, 9], "texture": "#0"},
				"south": {"uv": [3, 5, 4, 7], "texture": "#0"}
			}
		},
		{
			"from": [7, 9, 2.75],
			"to": [7, 11, 4.75],
			"rotation": {"angle": 0, "axis": "x", "origin": [8, 10, 8]},
			"faces": {
				"east": {"uv": [3, 5, 5, 7], "texture": "#0"},
				"west": {"uv": [3, 5, 5, 7], "texture": "#0"}
			}
		},
		{
			"from": [7, 10.975, 2.75],
			"to": [9, 10.975, 4.75],
			"rotation": {"angle": 0, "axis": "z", "origin": [8, 10, 8]},
			"faces": {
				"up": {"uv": [3, 5, 5, 7], "rotation": 270, "texture": "#0"},
				"down": {"uv": [3, 5, 5, 7], "rotation": 270, "texture": "#0"}
			}
		},
		{
			"from": [9, 9, 2.75],
			"to": [9, 11, 4.75],
			"rotation": {"angle": 0, "axis": "y", "origin": [8, 10, 8]},
			"faces": {
				"east": {"uv": [3, 5, 5, 7], "texture": "#0"},
				"west": {"uv": [3, 5, 5, 7], "texture": "#0"}
			}
		},
		{
			"from": [7, 9, 4.75],
			"to": [9, 11, 4.75],
			"rotation": {"angle": 0, "axis": "y", "origin": [8, 10, 8]},
			"faces": {
				"north": {"uv": [3, 5, 4, 7], "texture": "#0"},
				"south": {"uv": [3, 5, 5, 7], "texture": "#0"}
			}
		},
		{
			"from": [7, 9, 2.75],
			"to": [9, 11, 2.75],
			"rotation": {"angle": 0, "axis": "y", "origin": [8, 10, 8]},
			"faces": {
				"north": {"uv": [3, 5, 5, 7], "texture": "#0"},
				"south": {"uv": [3, 5, 4, 7], "texture": "#0"}
			}
		},
		{
			"from": [8, 9, 3.25],
			"to": [8, 11, 4.25],
			"rotation": {"angle": 45, "axis": "y", "origin": [8, 10, 3.75]},
			"faces": {
				"east": {"uv": [3, 5, 4, 7], "texture": "#0"},
				"west": {"uv": [5, 7, 6, 9], "texture": "#0"}
			}
		}
	],
	"groups": [
		0,
		1,
		2,
		3,
		4,
		5,
		6,
		{
			"name": "petit",
			"origin": [8, 5.5, 7],
			"color": 0,
			"children": [7, 8, 9, 10, 11]
		},
		{
			"name": "fleur",
			"origin": [8, 8, 6],
			"color": 0,
			"children": [12, 13, 14, 15, 16, 17, 18]
		},
		{
			"name": "fleur",
			"origin": [8, 10, 3.75],
			"color": 0,
			"children": [19, 20, 21, 22, 23, 24, 25]
		}
	]
}