{
	"credit": "Made with Blockbench by Valdr687",
	"ambientocclusion": false,
	"textures": {
		"1": "block/spore_blossom",
		"particle": "block/lily_pad",
		"texture": "block/lily_pad"
	},
	"elements": [
		{
			"from": [3.5, 0, 1],
			"to": [6.5, 1, 14],
			"rotation": {"angle": 0, "axis": "y", "origin": [0.5, 0, 0]},
			"faces": {
				"north": {"uv": [4, 1, 7, 2], "texture": "#texture", "tintindex": 0},
				"east": {"uv": [6, 1, 7, 14], "rotation": 90, "texture": "#texture", "tintindex": 0},
				"south": {"uv": [4, 13, 7, 14], "texture": "#texture", "tintindex": 0},
				"west": {"uv": [4, 1, 5, 14], "rotation": 90, "texture": "#texture", "tintindex": 0},
				"up": {"uv": [4, 1, 7, 14], "texture": "#texture", "tintindex": 0},
				"down": {"uv": [4, 1, 7, 14], "texture": "#texture", "tintindex": 0}
			}
		},
		{
			"from": [2.5, 0, 2],
			"to": [3.5, 1, 13],
			"rotation": {"angle": 0, "axis": "y", "origin": [0.5, 0, 0]},
			"faces": {
				"north": {"uv": [3, 2, 4, 3], "texture": "#texture", "tintindex": 0},
				"south": {"uv": [3, 12, 4, 13], "texture": "#texture", "tintindex": 0},
				"west": {"uv": [3, 2, 4, 13], "rotation": 90, "texture": "#texture", "tintindex": 0},
				"up": {"uv": [3, 2, 4, 13], "texture": "#texture", "tintindex": 0},
				"down": {"uv": [3, 2, 4, 13], "texture": "#texture", "tintindex": 0}
			}
		},
		{
			"from": [12.5, 0, 2],
			"to": [13.5, 1, 13],
			"rotation": {"angle": 0, "axis": "y", "origin": [0.5, 0, 0]},
			"faces": {
				"north": {"uv": [13, 2, 14, 3], "texture": "#texture", "tintindex": 0},
				"east": {"uv": [13, 2, 14, 13], "rotation": 90, "texture": "#texture", "tintindex": 0},
				"south": {"uv": [13, 12, 14, 13], "texture": "#texture", "tintindex": 0},
				"up": {"uv": [13, 2, 14, 13], "texture": "#texture", "tintindex": 0},
				"down": {"uv": [13, 2, 14, 13], "texture": "#texture", "tintindex": 0}
			}
		},
		{
			"from": [13.5, 0, 4],
			"to": [14.5, 1, 11],
			"rotation": {"angle": 0, "axis": "y", "origin": [0.5, 0, 0]},
			"faces": {
				"north": {"uv": [14, 4, 15, 5], "texture": "#texture", "tintindex": 0},
				"east": {"uv": [14, 4, 15, 11], "rotation": 90, "texture": "#texture", "tintindex": 0},
				"south": {"uv": [14, 10, 15, 11], "texture": "#texture", "tintindex": 0},
				"up": {"uv": [14, 4, 15, 11], "texture": "#texture", "tintindex": 0},
				"down": {"uv": [14, 4, 15, 11], "texture": "#texture", "tintindex": 0}
			}
		},
		{
			"from": [1.5, 0, 4],
			"to": [2.5, 1, 11],
			"rotation": {"angle": 0, "axis": "y", "origin": [0.5, 0, 0]},
			"faces": {
				"north": {"uv": [2, 4, 3, 5], "texture": "#texture", "tintindex": 0},
				"south": {"uv": [2, 10, 3, 11], "texture": "#texture", "tintindex": 0},
				"west": {"uv": [2, 4, 3, 11], "rotation": 90, "texture": "#texture", "tintindex": 0},
				"up": {"uv": [2, 4, 3, 11], "texture": "#texture", "tintindex": 0},
				"down": {"uv": [2, 4, 3, 11], "texture": "#texture", "tintindex": 0}
			}
		},
		{
			"from": [6.5, 0, 3],
			"to": [7.5, 1, 15],
			"rotation": {"angle": 0, "axis": "y", "origin": [0.5, 0, 0]},
			"faces": {
				"north": {"uv": [7, 3, 8, 4], "texture": "#texture", "tintindex": 0},
				"east": {"uv": [7, 3, 8, 15], "rotation": 90, "texture": "#texture", "tintindex": 0},
				"south": {"uv": [7, 14, 8, 15], "texture": "#texture", "tintindex": 0},
				"up": {"uv": [7, 3, 8, 15], "texture": "#texture", "tintindex": 0},
				"down": {"uv": [7, 3, 8, 15], "texture": "#texture", "tintindex": 0}
			}
		},
		{
			"from": [7.5, 0, 5],
			"to": [8.5, 1, 15],
			"rotation": {"angle": 0, "axis": "y", "origin": [0.5, 0, 0]},
			"faces": {
				"north": {"uv": [8, 5, 9, 6], "texture": "#texture", "tintindex": 0},
				"south": {"uv": [8, 14, 9, 15], "texture": "#texture", "tintindex": 0},
				"up": {"uv": [8, 5, 9, 15], "texture": "#texture", "tintindex": 0},
				"down": {"uv": [8, 5, 9, 15], "texture": "#texture", "tintindex": 0}
			}
		},
		{
			"from": [8.5, 0, 3],
			"to": [9.5, 1, 15],
			"rotation": {"angle": 0, "axis": "y", "origin": [0.5, 0, 0]},
			"faces": {
				"north": {"uv": [9, 3, 10, 4], "texture": "#texture", "tintindex": 0},
				"south": {"uv": [9, 14, 10, 15], "texture": "#texture", "tintindex": 0},
				"west": {"uv": [9, 15, 10, 3], "rotation": 90, "texture": "#texture", "tintindex": 0},
				"up": {"uv": [9, 3, 10, 15], "texture": "#texture", "tintindex": 0},
				"down": {"uv": [9, 3, 10, 15], "texture": "#texture", "tintindex": 0}
			}
		},
		{
			"from": [9.5, 0, 1],
			"to": [12.5, 1, 14],
			"rotation": {"angle": 0, "axis": "y", "origin": [0.5, 0, 0]},
			"faces": {
				"north": {"uv": [10, 1, 13, 2], "texture": "#texture", "tintindex": 0},
				"east": {"uv": [12, 1, 13, 14], "rotation": 90, "texture": "#texture", "tintindex": 0},
				"south": {"uv": [10, 13, 13, 14], "texture": "#texture", "tintindex": 0},
				"west": {"uv": [10, 14, 11, 1], "rotation": 90, "texture": "#texture", "tintindex": 0},
				"up": {"uv": [10, 1, 13, 14], "texture": "#texture", "tintindex": 0},
				"down": {"uv": [10, 1, 13, 14], "texture": "#texture", "tintindex": 0}
			}
		},
		{
			"from": [5.5, 0, 14],
			"to": [6.5, 1, 15],
			"rotation": {"angle": 0, "axis": "y", "origin": [0.5, 0, 0]},
			"faces": {
				"south": {"uv": [5, 13, 6, 14], "texture": "#texture", "tintindex": 0},
				"west": {"uv": [5, 13, 6, 14], "texture": "#texture", "tintindex": 0},
				"up": {"uv": [5, 13, 6, 14], "texture": "#texture", "tintindex": 0},
				"down": {"uv": [5, 13, 6, 14], "texture": "#texture", "tintindex": 0}
			}
		},
		{
			"from": [9.5, 0, 14],
			"to": [10.5, 1, 15],
			"rotation": {"angle": 0, "axis": "y", "origin": [0.5, 0, 0]},
			"faces": {
				"east": {"uv": [11, 13, 12, 14], "texture": "#texture", "tintindex": 0},
				"south": {"uv": [11, 13, 12, 14], "texture": "#texture", "tintindex": 0},
				"up": {"uv": [11, 13, 12, 14], "texture": "#texture", "tintindex": 0},
				"down": {"uv": [11, 13, 12, 14], "texture": "#texture", "tintindex": 0}
			}
		},
		{
			"from": [9.5, 1, 8],
			"to": [9.5, 4, 11],
			"rotation": {"angle": -45, "axis": "z", "origin": [9.5, 1, 10]},
			"faces": {
				"east": {"uv": [6, 6, 9, 9], "texture": "#1"},
				"west": {"uv": [6, 9, 9, 6], "rotation": 180, "texture": "#1"}
			}
		},
		{
			"from": [6.5, 1, 11],
			"to": [9.5, 1, 14],
			"rotation": {"angle": -45, "axis": "x", "origin": [8, 1, 11]},
			"faces": {
				"up": {"uv": [7, 5, 10, 8], "texture": "#1"},
				"down": {"uv": [7, 5, 10, 8], "texture": "#1"}
			}
		},
		{
			"from": [6.5, 1, 8],
			"to": [6.5, 4, 11],
			"rotation": {"angle": 45, "axis": "z", "origin": [6.5, 1, 10]},
			"faces": {
				"east": {"uv": [6, 5, 9, 8], "texture": "#1"},
				"west": {"uv": [6, 5, 9, 8], "rotation": 180, "texture": "#1"}
			}
		},
		{
			"from": [6.5, 1.025, 8],
			"to": [9.5, 1.025, 11],
			"rotation": {"angle": 0, "axis": "y", "origin": [8, 1, 9]},
			"faces": {
				"up": {"uv": [7, 5, 10, 8], "texture": "#1"},
				"down": {"uv": [7, 5, 10, 8], "texture": "#1"}
			}
		},
		{
			"from": [7.5, 1, 9.5],
			"to": [8.5, 3, 9.5],
			"rotation": {"angle": -45, "axis": "y", "origin": [8, 2, 9.5]},
			"faces": {
				"north": {"uv": [7, 16, 8, 14], "texture": "#1"},
				"south": {"uv": [7, 16, 8, 14], "texture": "#1"}
			}
		},
		{
			"from": [8, 1, 9],
			"to": [8, 3, 10],
			"rotation": {"angle": -45, "axis": "y", "origin": [8, 2, 9.5]},
			"faces": {
				"east": {"uv": [7, 16, 8, 14], "texture": "#1"},
				"west": {"uv": [7, 16, 8, 14], "texture": "#1"}
			}
		},
		{
			"from": [6.5, 1, 5],
			"to": [9.5, 1, 8],
			"rotation": {"angle": 45, "axis": "x", "origin": [8, 1, 8]},
			"faces": {
				"up": {"uv": [7, 5, 10, 8], "texture": "#1"},
				"down": {"uv": [7, 5, 10, 8], "texture": "#1"}
			}
		}
	],
	"groups": [
		0,
		1,
		2,
		3,
		4,
		5,
		6,
		7,
		8,
		9,
		10,
		11,
		12,
		13,
		14,
		15,
		16,
		17,
		{
			"name": "group",
			"origin": [9, 1, 10],
			"color": 0,
			"children": []
		}
	]
}