{
	"credit": "Made with Blockbench by Valdr687",
	"parent": "minecraft:block/cube_column",
	"textures": {
		"end": "block/lodestone_top",
		"side": "block/lodestone_side"
	},
	"elements": [
		{
			"from": [2, 0, 2],
			"to": [14, 0.5, 14],
			"faces": {
				"down": {"uv": [2, 2, 14, 14], "texture": "#end"}
			}
		},
		{
			"from": [1, 1, 1],
			"to": [15, 15, 15],
			"faces": {
				"north": {"uv": [1, 1, 15, 15], "texture": "#side"},
				"east": {"uv": [1, 1, 15, 15], "texture": "#side"},
				"south": {"uv": [1, 1, 15, 15], "texture": "#side"},
				"west": {"uv": [1, 1, 15, 15], "texture": "#side"}
			}
		},
		{
			"from": [0, 0, 0],
			"to": [1, 1, 16],
			"faces": {
				"north": {"uv": [0, 15, 1, 16], "texture": "#side"},
				"east": {"uv": [0, 15, 16, 16], "texture": "#side"},
				"south": {"uv": [15, 15, 16, 16], "texture": "#side"},
				"west": {"uv": [0, 15, 16, 16], "texture": "#side"},
				"up": {"uv": [0, 15, 16, 16], "rotation": 90, "texture": "#side"},
				"down": {"uv": [16, 15, 0, 16], "rotation": 90, "texture": "#side"}
			}
		},
		{
			"from": [15, 0, 0],
			"to": [16, 1, 16],
			"faces": {
				"north": {"uv": [0, 15, 1, 16], "texture": "#side"},
				"east": {"uv": [0, 15, 16, 16], "texture": "#side"},
				"south": {"uv": [15, 15, 16, 16], "texture": "#side"},
				"west": {"uv": [0, 15, 16, 16], "texture": "#side"},
				"up": {"uv": [0, 15, 16, 16], "rotation": 90, "texture": "#side"},
				"down": {"uv": [16, 15, 0, 16], "rotation": 90, "texture": "#side"}
			}
		},
		{
			"from": [15, 15, 0],
			"to": [16, 16, 16],
			"faces": {
				"north": {"uv": [0, 0, 1, 1], "texture": "#side"},
				"east": {"uv": [0, 0, 16, 1], "texture": "#side"},
				"south": {"uv": [15, 0, 16, 1], "texture": "#side"},
				"west": {"uv": [0, 0, 16, 1], "texture": "#side"},
				"up": {"uv": [0, 0, 16, 1], "rotation": 90, "texture": "#side"},
				"down": {"uv": [16, 0, 0, 1], "rotation": 90, "texture": "#side"}
			}
		},
		{
			"from": [0, 15, 0],
			"to": [1, 16, 16],
			"faces": {
				"north": {"uv": [0, 0, 1, 1], "texture": "#side"},
				"east": {"uv": [0, 0, 16, 1], "texture": "#side"},
				"south": {"uv": [15, 0, 16, 1], "texture": "#side"},
				"west": {"uv": [0, 0, 16, 1], "texture": "#side"},
				"up": {"uv": [0, 0, 16, 1], "rotation": 90, "texture": "#side"},
				"down": {"uv": [16, 0, 0, 1], "rotation": 90, "texture": "#side"}
			}
		},
		{
			"from": [1, 0, 0],
			"to": [15, 1, 1],
			"faces": {
				"north": {"uv": [1, 15, 15, 16], "texture": "#side"},
				"south": {"uv": [1, 15, 15, 16], "texture": "#side"},
				"up": {"uv": [1, 15, 15, 16], "texture": "#side"},
				"down": {"uv": [15, 15, 1, 16], "texture": "#side"}
			}
		},
		{
			"from": [1, 0, 15],
			"to": [15, 1, 16],
			"faces": {
				"north": {"uv": [1, 15, 15, 16], "texture": "#side"},
				"south": {"uv": [1, 15, 15, 16], "texture": "#side"},
				"up": {"uv": [1, 15, 15, 16], "texture": "#side"},
				"down": {"uv": [15, 15, 1, 16], "texture": "#side"}
			}
		},
		{
			"from": [1, 15, 15],
			"to": [15, 16, 16],
			"faces": {
				"north": {"uv": [1, 15, 15, 16], "texture": "#side"},
				"south": {"uv": [1, 15, 15, 16], "texture": "#side"},
				"up": {"uv": [1, 15, 15, 16], "texture": "#side"},
				"down": {"uv": [15, 15, 1, 16], "texture": "#side"}
			}
		},
		{
			"from": [1, 15, 0],
			"to": [15, 16, 1],
			"faces": {
				"north": {"uv": [1, 15, 15, 16], "texture": "#side"},
				"south": {"uv": [1, 15, 15, 16], "texture": "#side"},
				"up": {"uv": [1, 15, 15, 16], "texture": "#side"},
				"down": {"uv": [15, 15, 1, 16], "texture": "#side"}
			}
		},
		{
			"from": [0, 1, 0],
			"to": [1, 15, 1],
			"faces": {
				"north": {"uv": [0, 1, 1, 15], "texture": "#side"},
				"east": {"uv": [0, 1, 1, 15], "texture": "#side"},
				"south": {"uv": [0, 1, 1, 15], "texture": "#side"},
				"west": {"uv": [0, 1, 1, 15], "texture": "#side"}
			}
		},
		{
			"from": [0, 1, 15],
			"to": [1, 15, 16],
			"faces": {
				"north": {"uv": [15, 1, 16, 15], "texture": "#side"},
				"east": {"uv": [15, 1, 16, 15], "texture": "#side"},
				"south": {"uv": [15, 1, 16, 15], "texture": "#side"},
				"west": {"uv": [15, 1, 16, 15], "texture": "#side"}
			}
		},
		{
			"from": [15, 1, 15],
			"to": [16, 15, 16],
			"faces": {
				"north": {"uv": [15, 1, 16, 15], "texture": "#side"},
				"east": {"uv": [15, 1, 16, 15], "texture": "#side"},
				"south": {"uv": [15, 1, 16, 15], "texture": "#side"},
				"west": {"uv": [15, 1, 16, 15], "texture": "#side"}
			}
		},
		{
			"from": [15, 1, 0],
			"to": [16, 15, 1],
			"faces": {
				"north": {"uv": [0, 1, 1, 15], "texture": "#side"},
				"east": {"uv": [0, 1, 1, 15], "texture": "#side"},
				"south": {"uv": [0, 1, 1, 15], "texture": "#side"},
				"west": {"uv": [0, 1, 1, 15], "texture": "#side"}
			}
		},
		{
			"from": [1, 15, 1],
			"to": [15, 15.5, 15],
			"faces": {
				"up": {"uv": [1, 1, 15, 15], "texture": "#end"}
			}
		},
		{
			"from": [2, 15.5, 2],
			"to": [14, 16, 14],
			"faces": {
				"up": {"uv": [2, 2, 14, 14], "texture": "#end"}
			}
		},
		{
			"from": [1, 0.5, 1],
			"to": [15, 1, 15],
			"faces": {
				"down": {"uv": [1, 1, 15, 15], "texture": "#end"}
			}
		},
		{
			"from": [13, 1, 0],
			"to": [15, 3, 1],
			"rotation": {"angle": 0, "axis": "y", "origin": [8, 0, 8]},
			"faces": {
				"north": {"uv": [1, 13, 3, 15], "texture": "#side", "cullface": "north"},
				"west": {"uv": [2, 13, 3, 15], "texture": "#side", "cullface": "north"},
				"up": {"uv": [1, 13, 3, 14], "rotation": 180, "texture": "#side", "cullface": "north"}
			}
		},
		{
			"from": [13, 13, 0],
			"to": [15, 15, 1],
			"rotation": {"angle": 0, "axis": "y", "origin": [8, 0, 8]},
			"faces": {
				"north": {"uv": [1, 1, 3, 3], "texture": "#side", "cullface": "north"},
				"west": {"uv": [2, 1, 3, 3], "texture": "#side", "cullface": "north"},
				"down": {"uv": [3, 2, 1, 3], "texture": "#side", "cullface": "north"}
			}
		},
		{
			"from": [1, 13, 0],
			"to": [3, 15, 1],
			"rotation": {"angle": 0, "axis": "y", "origin": [8, 0, 8]},
			"faces": {
				"north": {"uv": [13, 1, 15, 3], "texture": "#side", "cullface": "north"},
				"east": {"uv": [13, 1, 14, 3], "texture": "#side", "cullface": "north"},
				"down": {"uv": [15, 2, 13, 3], "texture": "#side", "cullface": "north"}
			}
		},
		{
			"from": [1, 1, 0],
			"to": [3, 3, 1],
			"rotation": {"angle": 0, "axis": "y", "origin": [8, 0, 8]},
			"faces": {
				"north": {"uv": [13, 13, 15, 15], "texture": "#side", "cullface": "north"},
				"east": {"uv": [13, 13, 14, 15], "texture": "#side", "cullface": "north"},
				"up": {"uv": [13, 13, 15, 14], "rotation": 180, "texture": "#side", "cullface": "north"}
			}
		},
		{
			"from": [11, 10, 0.5],
			"to": [13, 12, 1],
			"rotation": {"angle": 0, "axis": "y", "origin": [8, 0, 8]},
			"faces": {
				"north": {"uv": [3, 4, 5, 6], "texture": "#side", "cullface": "north"},
				"west": {"uv": [4, 4, 5, 6], "texture": "#side", "cullface": "north"},
				"up": {"uv": [3, 4, 5, 5], "rotation": 180, "texture": "#side", "cullface": "north"},
				"down": {"uv": [5, 5, 3, 6], "texture": "#side", "cullface": "north"}
			}
		},
		{
			"from": [11, 4, 0.5],
			"to": [13, 6, 1],
			"rotation": {"angle": 0, "axis": "y", "origin": [8, 0, 8]},
			"faces": {
				"north": {"uv": [3, 10, 5, 12], "texture": "#side", "cullface": "north"},
				"west": {"uv": [4, 10, 5, 12], "texture": "#side", "cullface": "north"},
				"up": {"uv": [3, 10, 5, 11], "rotation": 180, "texture": "#side", "cullface": "north"},
				"down": {"uv": [5, 11, 3, 12], "texture": "#side", "cullface": "north"}
			}
		},
		{
			"from": [3, 4, 0.5],
			"to": [5, 6, 1],
			"rotation": {"angle": 0, "axis": "y", "origin": [8, 0, 8]},
			"faces": {
				"north": {"uv": [11, 10, 13, 12], "texture": "#side", "cullface": "north"},
				"east": {"uv": [11, 10, 12, 12], "texture": "#side", "cullface": "north"},
				"up": {"uv": [11, 10, 13, 11], "rotation": 180, "texture": "#side", "cullface": "north"},
				"down": {"uv": [13, 11, 11, 12], "texture": "#side", "cullface": "north"}
			}
		},
		{
			"from": [10, 2, 0.5],
			"to": [12, 4, 1],
			"rotation": {"angle": 0, "axis": "y", "origin": [8, 0, 8]},
			"faces": {
				"north": {"uv": [4, 12, 6, 14], "texture": "#side", "cullface": "north"},
				"east": {"uv": [4, 12, 5, 14], "texture": "#side", "cullface": "north"},
				"west": {"uv": [5, 12, 6, 14], "texture": "#side", "cullface": "north"},
				"up": {"uv": [4, 12, 6, 13], "rotation": 180, "texture": "#side", "cullface": "north"},
				"down": {"uv": [6, 13, 4, 14], "texture": "#side", "cullface": "north"}
			}
		},
		{
			"from": [4, 2, 0.5],
			"to": [6, 4, 1],
			"rotation": {"angle": 0, "axis": "y", "origin": [8, 0, 8]},
			"faces": {
				"north": {"uv": [10, 12, 12, 14], "texture": "#side", "cullface": "north"},
				"east": {"uv": [10, 12, 11, 14], "texture": "#side", "cullface": "north"},
				"west": {"uv": [11, 12, 12, 14], "texture": "#side", "cullface": "north"},
				"up": {"uv": [10, 12, 12, 13], "rotation": 180, "texture": "#side", "cullface": "north"},
				"down": {"uv": [12, 13, 10, 14], "texture": "#side", "cullface": "north"}
			}
		},
		{
			"from": [10, 7, 0.5],
			"to": [12, 9, 1],
			"rotation": {"angle": 0, "axis": "y", "origin": [8, 0, 8]},
			"faces": {
				"north": {"uv": [4, 7, 6, 9], "texture": "#side", "cullface": "north"},
				"east": {"uv": [4, 7, 5, 9], "texture": "#side", "cullface": "north"},
				"west": {"uv": [5, 7, 6, 9], "texture": "#side", "cullface": "north"},
				"up": {"uv": [4, 7, 6, 8], "rotation": 180, "texture": "#side", "cullface": "north"},
				"down": {"uv": [6, 8, 4, 9], "texture": "#side", "cullface": "north"}
			}
		},
		{
			"from": [7, 10, 0.5],
			"to": [9, 12, 1],
			"rotation": {"angle": 0, "axis": "y", "origin": [8, 0, 8]},
			"faces": {
				"north": {"uv": [7, 4, 9, 6], "texture": "#side", "cullface": "north"},
				"east": {"uv": [7, 4, 8, 6], "texture": "#side", "cullface": "north"},
				"west": {"uv": [8, 4, 9, 6], "texture": "#side", "cullface": "north"},
				"up": {"uv": [7, 4, 9, 5], "rotation": 180, "texture": "#side", "cullface": "north"},
				"down": {"uv": [9, 5, 7, 6], "texture": "#side", "cullface": "north"}
			}
		},
		{
			"from": [4, 7, 0.5],
			"to": [6, 9, 1],
			"rotation": {"angle": 0, "axis": "y", "origin": [8, 0, 8]},
			"faces": {
				"north": {"uv": [10, 7, 12, 9], "texture": "#side", "cullface": "north"},
				"east": {"uv": [10, 7, 11, 9], "texture": "#side", "cullface": "north"},
				"west": {"uv": [11, 7, 12, 9], "texture": "#side", "cullface": "north"},
				"up": {"uv": [10, 7, 12, 8], "rotation": 180, "texture": "#side", "cullface": "north"},
				"down": {"uv": [12, 8, 10, 9], "texture": "#side", "cullface": "north"}
			}
		},
		{
			"from": [7, 4, 0.5],
			"to": [9, 6, 1],
			"rotation": {"angle": 0, "axis": "y", "origin": [8, 0, 8]},
			"faces": {
				"north": {"uv": [7, 10, 9, 12], "texture": "#side", "cullface": "north"},
				"east": {"uv": [7, 10, 8, 12], "texture": "#side", "cullface": "north"},
				"west": {"uv": [8, 10, 9, 12], "texture": "#side", "cullface": "north"},
				"up": {"uv": [7, 10, 9, 11], "rotation": 180, "texture": "#side", "cullface": "north"},
				"down": {"uv": [9, 11, 7, 12], "texture": "#side", "cullface": "north"}
			}
		},
		{
			"from": [3, 10, 0.5],
			"to": [5, 12, 1],
			"rotation": {"angle": 0, "axis": "y", "origin": [8, 0, 8]},
			"faces": {
				"north": {"uv": [11, 4, 13, 6], "texture": "#side", "cullface": "north"},
				"east": {"uv": [11, 4, 12, 6], "texture": "#side", "cullface": "north"},
				"up": {"uv": [11, 4, 13, 5], "rotation": 180, "texture": "#side", "cullface": "north"},
				"down": {"uv": [13, 5, 11, 6], "texture": "#side", "cullface": "north"}
			}
		},
		{
			"from": [13, 4, 0.5],
			"to": [14, 12, 1],
			"rotation": {"angle": 0, "axis": "y", "origin": [8, 0, 8]},
			"faces": {
				"north": {"uv": [2, 4, 3, 12], "texture": "#side", "cullface": "north"},
				"east": {"uv": [2, 4, 3, 12], "texture": "#side", "cullface": "north"},
				"west": {"uv": [2, 4, 3, 12], "texture": "#side", "cullface": "north"},
				"up": {"uv": [2, 4, 3, 5], "rotation": 180, "texture": "#side", "cullface": "north"},
				"down": {"uv": [3, 11, 2, 12], "texture": "#side", "cullface": "north"}
			}
		},
		{
			"from": [2, 4, 0.5],
			"to": [3, 12, 1],
			"rotation": {"angle": 0, "axis": "y", "origin": [8, 0, 8]},
			"faces": {
				"north": {"uv": [13, 4, 14, 12], "texture": "#side", "cullface": "north"},
				"east": {"uv": [13, 4, 14, 12], "texture": "#side", "cullface": "north"},
				"west": {"uv": [13, 4, 14, 12], "texture": "#side", "cullface": "north"},
				"up": {"uv": [13, 4, 14, 5], "rotation": 180, "texture": "#side", "cullface": "north"},
				"down": {"uv": [14, 11, 13, 12], "texture": "#side", "cullface": "north"}
			}
		},
		{
			"from": [11, 12, 0.5],
			"to": [12, 14, 1],
			"rotation": {"angle": 0, "axis": "y", "origin": [8, 0, 8]},
			"faces": {
				"north": {"uv": [3, 2, 4, 4], "texture": "#side", "cullface": "north"},
				"east": {"uv": [3, 2, 4, 4], "texture": "#side", "cullface": "north"},
				"up": {"uv": [3, 2, 4, 3], "rotation": 90, "texture": "#side", "cullface": "north"}
			}
		},
		{
			"from": [9, 9, 0.5],
			"to": [10, 11, 1],
			"rotation": {"angle": 0, "axis": "y", "origin": [8, 0, 8]},
			"faces": {
				"north": {"uv": [6, 5, 7, 7], "texture": "#side", "cullface": "north"},
				"east": {"uv": [6, 5, 7, 7], "texture": "#side", "cullface": "north"},
				"west": {"uv": [6, 5, 7, 7], "texture": "#side", "cullface": "north"},
				"up": {"uv": [6, 5, 7, 6], "rotation": 90, "texture": "#side", "cullface": "north"},
				"down": {"uv": [6, 6, 7, 7], "rotation": 270, "texture": "#side", "cullface": "north"}
			}
		},
		{
			"from": [6, 9, 0.5],
			"to": [7, 11, 1],
			"rotation": {"angle": 0, "axis": "y", "origin": [8, 0, 8]},
			"faces": {
				"north": {"uv": [9, 5, 10, 7], "texture": "#side", "cullface": "north"},
				"east": {"uv": [9, 5, 10, 7], "texture": "#side", "cullface": "north"},
				"west": {"uv": [9, 5, 10, 7], "texture": "#side", "cullface": "north"},
				"up": {"uv": [9, 5, 10, 6], "rotation": 90, "texture": "#side", "cullface": "north"},
				"down": {"uv": [9, 6, 10, 7], "rotation": 270, "texture": "#side", "cullface": "north"}
			}
		},
		{
			"from": [6, 5, 0.5],
			"to": [7, 7, 1],
			"rotation": {"angle": 0, "axis": "y", "origin": [8, 0, 8]},
			"faces": {
				"north": {"uv": [9, 9, 10, 11], "texture": "#side", "cullface": "north"},
				"east": {"uv": [9, 9, 10, 11], "texture": "#side", "cullface": "north"},
				"west": {"uv": [9, 9, 10, 11], "texture": "#side", "cullface": "north"},
				"up": {"uv": [9, 9, 10, 10], "rotation": 90, "texture": "#side", "cullface": "north"},
				"down": {"uv": [9, 10, 10, 11], "rotation": 270, "texture": "#side", "cullface": "north"}
			}
		},
		{
			"from": [9, 5, 0.5],
			"to": [10, 7, 1],
			"rotation": {"angle": 0, "axis": "y", "origin": [8, 0, 8]},
			"faces": {
				"north": {"uv": [6, 9, 7, 11], "texture": "#side", "cullface": "north"},
				"east": {"uv": [6, 9, 7, 11], "texture": "#side", "cullface": "north"},
				"west": {"uv": [6, 9, 7, 11], "texture": "#side", "cullface": "north"},
				"up": {"uv": [6, 9, 7, 10], "rotation": 90, "texture": "#side", "cullface": "north"},
				"down": {"uv": [6, 10, 7, 11], "rotation": 270, "texture": "#side", "cullface": "north"}
			}
		},
		{
			"from": [4, 12, 0.5],
			"to": [5, 14, 1],
			"rotation": {"angle": 0, "axis": "y", "origin": [8, 0, 8]},
			"faces": {
				"north": {"uv": [11, 2, 12, 4], "texture": "#side", "cullface": "north"},
				"west": {"uv": [11, 2, 12, 4], "texture": "#side", "cullface": "north"},
				"up": {"uv": [11, 2, 12, 3], "rotation": 90, "texture": "#side", "cullface": "north"}
			}
		},
		{
			"from": [10, 11, 0.5],
			"to": [11, 14, 1],
			"rotation": {"angle": 0, "axis": "y", "origin": [8, 0, 8]},
			"faces": {
				"north": {"uv": [5, 2, 6, 5], "texture": "#side", "cullface": "north"},
				"west": {"uv": [5, 2, 6, 5], "texture": "#side", "cullface": "north"},
				"up": {"uv": [5, 2, 6, 3], "rotation": 90, "texture": "#side", "cullface": "north"},
				"down": {"uv": [5, 4, 6, 5], "rotation": 270, "texture": "#side", "cullface": "north"}
			}
		},
		{
			"from": [5, 11, 0.5],
			"to": [6, 14, 1],
			"rotation": {"angle": 0, "axis": "y", "origin": [8, 0, 8]},
			"faces": {
				"north": {"uv": [10, 2, 11, 5], "texture": "#side", "cullface": "north"},
				"east": {"uv": [10, 2, 11, 5], "texture": "#side", "cullface": "north"},
				"up": {"uv": [10, 2, 11, 3], "rotation": 90, "texture": "#side", "cullface": "north"},
				"down": {"uv": [10, 4, 11, 5], "rotation": 270, "texture": "#side", "cullface": "north"}
			}
		},
		{
			"from": [6, 13, 0.5],
			"to": [10, 14, 1],
			"rotation": {"angle": 0, "axis": "y", "origin": [8, 0, 8]},
			"faces": {
				"north": {"uv": [6, 2, 10, 3], "texture": "#side", "cullface": "north"},
				"up": {"uv": [6, 2, 10, 3], "rotation": 180, "texture": "#side", "cullface": "north"},
				"down": {"uv": [10, 2, 6, 3], "texture": "#side", "cullface": "north"}
			}
		},
		{
			"from": [6, 2, 0.5],
			"to": [10, 3, 1],
			"rotation": {"angle": 0, "axis": "y", "origin": [8, 0, 8]},
			"faces": {
				"north": {"uv": [6, 13, 10, 14], "texture": "#side", "cullface": "north"},
				"up": {"uv": [6, 13, 10, 14], "rotation": 180, "texture": "#side", "cullface": "north"},
				"down": {"uv": [10, 13, 6, 14], "texture": "#side", "cullface": "north"}
			}
		},
		{
			"from": [15, 1, 13],
			"to": [16, 3, 15],
			"rotation": {"angle": 0, "axis": "y", "origin": [8, 0, 8]},
			"faces": {
				"north": {"uv": [2, 13, 3, 15], "texture": "#side", "cullface": "east"},
				"east": {"uv": [1, 13, 3, 15], "texture": "#side", "cullface": "east"},
				"up": {"uv": [1, 13, 3, 14], "rotation": 270, "texture": "#side", "cullface": "east"}
			}
		},
		{
			"from": [15, 13, 13],
			"to": [16, 15, 15],
			"rotation": {"angle": 0, "axis": "y", "origin": [8, 0, 8]},
			"faces": {
				"north": {"uv": [2, 1, 3, 3], "texture": "#side", "cullface": "east"},
				"east": {"uv": [1, 1, 3, 3], "texture": "#side", "cullface": "east"},
				"down": {"uv": [3, 2, 1, 3], "rotation": 270, "texture": "#side", "cullface": "east"}
			}
		},
		{
			"from": [15, 13, 1],
			"to": [16, 15, 3],
			"rotation": {"angle": 0, "axis": "y", "origin": [8, 0, 8]},
			"faces": {
				"east": {"uv": [13, 1, 15, 3], "texture": "#side", "cullface": "east"},
				"south": {"uv": [13, 1, 14, 3], "texture": "#side", "cullface": "east"},
				"down": {"uv": [15, 2, 13, 3], "rotation": 270, "texture": "#side", "cullface": "east"}
			}
		},
		{
			"from": [15, 1, 1],
			"to": [16, 3, 3],
			"rotation": {"angle": 0, "axis": "y", "origin": [8, 0, 8]},
			"faces": {
				"east": {"uv": [13, 13, 15, 15], "texture": "#side", "cullface": "east"},
				"south": {"uv": [13, 13, 14, 15], "texture": "#side", "cullface": "east"},
				"up": {"uv": [13, 13, 15, 14], "rotation": 270, "texture": "#side", "cullface": "east"}
			}
		},
		{
			"from": [15, 10, 11],
			"to": [15.5, 12, 13],
			"rotation": {"angle": 0, "axis": "y", "origin": [8, 0, 8]},
			"faces": {
				"north": {"uv": [4, 4, 5, 6], "texture": "#side", "cullface": "east"},
				"east": {"uv": [3, 4, 5, 6], "texture": "#side", "cullface": "east"},
				"up": {"uv": [3, 4, 5, 5], "rotation": 270, "texture": "#side", "cullface": "east"},
				"down": {"uv": [5, 5, 3, 6], "rotation": 270, "texture": "#side", "cullface": "east"}
			}
		},
		{
			"from": [15, 4, 11],
			"to": [15.5, 6, 13],
			"rotation": {"angle": 0, "axis": "y", "origin": [8, 0, 8]},
			"faces": {
				"north": {"uv": [4, 10, 5, 12], "texture": "#side", "cullface": "east"},
				"east": {"uv": [3, 10, 5, 12], "texture": "#side", "cullface": "east"},
				"up": {"uv": [3, 10, 5, 11], "rotation": 270, "texture": "#side", "cullface": "east"},
				"down": {"uv": [5, 11, 3, 12], "rotation": 270, "texture": "#side", "cullface": "east"}
			}
		},
		{
			"from": [15, 4, 3],
			"to": [15.5, 6, 5],
			"rotation": {"angle": 0, "axis": "y", "origin": [8, 0, 8]},
			"faces": {
				"east": {"uv": [11, 10, 13, 12], "texture": "#side", "cullface": "east"},
				"south": {"uv": [11, 10, 12, 12], "texture": "#side", "cullface": "east"},
				"up": {"uv": [11, 10, 13, 11], "rotation": 270, "texture": "#side", "cullface": "east"},
				"down": {"uv": [13, 11, 11, 12], "rotation": 270, "texture": "#side", "cullface": "east"}
			}
		},
		{
			"from": [15, 2, 10],
			"to": [15.5, 4, 12],
			"rotation": {"angle": 0, "axis": "y", "origin": [8, 0, 8]},
			"faces": {
				"north": {"uv": [5, 12, 6, 14], "texture": "#side", "cullface": "east"},
				"east": {"uv": [4, 12, 6, 14], "texture": "#side", "cullface": "east"},
				"south": {"uv": [4, 12, 5, 14], "texture": "#side", "cullface": "east"},
				"up": {"uv": [4, 12, 6, 13], "rotation": 270, "texture": "#side", "cullface": "east"},
				"down": {"uv": [6, 13, 4, 14], "rotation": 270, "texture": "#side", "cullface": "east"}
			}
		},
		{
			"from": [15, 2, 4],
			"to": [15.5, 4, 6],
			"rotation": {"angle": 0, "axis": "y", "origin": [8, 0, 8]},
			"faces": {
				"north": {"uv": [11, 12, 12, 14], "texture": "#side", "cullface": "east"},
				"east": {"uv": [10, 12, 12, 14], "texture": "#side", "cullface": "east"},
				"south": {"uv": [10, 12, 11, 14], "texture": "#side", "cullface": "east"},
				"up": {"uv": [10, 12, 12, 13], "rotation": 270, "texture": "#side", "cullface": "east"},
				"down": {"uv": [12, 13, 10, 14], "rotation": 270, "texture": "#side", "cullface": "east"}
			}
		},
		{
			"from": [15, 7, 10],
			"to": [15.5, 9, 12],
			"rotation": {"angle": 0, "axis": "y", "origin": [8, 0, 8]},
			"faces": {
				"north": {"uv": [5, 7, 6, 9], "texture": "#side", "cullface": "east"},
				"east": {"uv": [4, 7, 6, 9], "texture": "#side", "cullface": "east"},
				"south": {"uv": [4, 7, 5, 9], "texture": "#side", "cullface": "east"},
				"up": {"uv": [4, 7, 6, 8], "rotation": 270, "texture": "#side", "cullface": "east"},
				"down": {"uv": [6, 8, 4, 9], "rotation": 270, "texture": "#side", "cullface": "east"}
			}
		},
		{
			"from": [15, 10, 7],
			"to": [15.5, 12, 9],
			"rotation": {"angle": 0, "axis": "y", "origin": [8, 0, 8]},
			"faces": {
				"north": {"uv": [8, 4, 9, 6], "texture": "#side", "cullface": "east"},
				"east": {"uv": [7, 4, 9, 6], "texture": "#side", "cullface": "east"},
				"south": {"uv": [7, 4, 8, 6], "texture": "#side", "cullface": "east"},
				"up": {"uv": [7, 4, 9, 5], "rotation": 270, "texture": "#side", "cullface": "east"},
				"down": {"uv": [9, 5, 7, 6], "rotation": 270, "texture": "#side", "cullface": "east"}
			}
		},
		{
			"from": [15, 7, 4],
			"to": [15.5, 9, 6],
			"rotation": {"angle": 0, "axis": "y", "origin": [8, 0, 8]},
			"faces": {
				"north": {"uv": [11, 7, 12, 9], "texture": "#side", "cullface": "east"},
				"east": {"uv": [10, 7, 12, 9], "texture": "#side", "cullface": "east"},
				"south": {"uv": [10, 7, 11, 9], "texture": "#side", "cullface": "east"},
				"up": {"uv": [10, 7, 12, 8], "rotation": 270, "texture": "#side", "cullface": "east"},
				"down": {"uv": [12, 8, 10, 9], "rotation": 270, "texture": "#side", "cullface": "east"}
			}
		},
		{
			"from": [15, 4, 7],
			"to": [15.5, 6, 9],
			"rotation": {"angle": 0, "axis": "y", "origin": [8, 0, 8]},
			"faces": {
				"north": {"uv": [8, 10, 9, 12], "texture": "#side", "cullface": "east"},
				"east": {"uv": [7, 10, 9, 12], "texture": "#side", "cullface": "east"},
				"south": {"uv": [7, 10, 8, 12], "texture": "#side", "cullface": "east"},
				"up": {"uv": [7, 10, 9, 11], "rotation": 270, "texture": "#side", "cullface": "east"},
				"down": {"uv": [9, 11, 7, 12], "rotation": 270, "texture": "#side", "cullface": "east"}
			}
		},
		{
			"from": [15, 10, 3],
			"to": [15.5, 12, 5],
			"rotation": {"angle": 0, "axis": "y", "origin": [8, 0, 8]},
			"faces": {
				"east": {"uv": [11, 4, 13, 6], "texture": "#side", "cullface": "east"},
				"south": {"uv": [11, 4, 12, 6], "texture": "#side", "cullface": "east"},
				"up": {"uv": [11, 4, 13, 5], "rotation": 270, "texture": "#side", "cullface": "east"},
				"down": {"uv": [13, 5, 11, 6], "rotation": 270, "texture": "#side", "cullface": "east"}
			}
		},
		{
			"from": [15, 4, 13],
			"to": [15.5, 12, 14],
			"rotation": {"angle": 0, "axis": "y", "origin": [8, 0, 8]},
			"faces": {
				"north": {"uv": [2, 4, 3, 12], "texture": "#side", "cullface": "east"},
				"east": {"uv": [2, 4, 3, 12], "texture": "#side", "cullface": "east"},
				"south": {"uv": [2, 4, 3, 12], "texture": "#side", "cullface": "east"},
				"up": {"uv": [2, 4, 3, 5], "rotation": 270, "texture": "#side", "cullface": "east"},
				"down": {"uv": [3, 11, 2, 12], "rotation": 270, "texture": "#side", "cullface": "east"}
			}
		},
		{
			"from": [15, 4, 2],
			"to": [15.5, 12, 3],
			"rotation": {"angle": 0, "axis": "y", "origin": [8, 0, 8]},
			"faces": {
				"north": {"uv": [13, 4, 14, 12], "texture": "#side", "cullface": "east"},
				"east": {"uv": [13, 4, 14, 12], "texture": "#side", "cullface": "east"},
				"south": {"uv": [13, 4, 14, 12], "texture": "#side", "cullface": "east"},
				"up": {"uv": [13, 4, 14, 5], "rotation": 270, "texture": "#side", "cullface": "east"},
				"down": {"uv": [14, 11, 13, 12], "rotation": 270, "texture": "#side", "cullface": "east"}
			}
		},
		{
			"from": [15, 12, 11],
			"to": [15.5, 14, 12],
			"rotation": {"angle": 0, "axis": "y", "origin": [8, 0, 8]},
			"faces": {
				"east": {"uv": [3, 2, 4, 4], "texture": "#side", "cullface": "east"},
				"south": {"uv": [3, 2, 4, 4], "texture": "#side", "cullface": "east"},
				"up": {"uv": [3, 2, 4, 3], "rotation": 180, "texture": "#side", "cullface": "east"}
			}
		},
		{
			"from": [15, 9, 9],
			"to": [15.5, 11, 10],
			"rotation": {"angle": 0, "axis": "y", "origin": [8, 0, 8]},
			"faces": {
				"north": {"uv": [6, 5, 7, 7], "texture": "#side", "cullface": "east"},
				"east": {"uv": [6, 5, 7, 7], "texture": "#side", "cullface": "east"},
				"south": {"uv": [6, 5, 7, 7], "texture": "#side", "cullface": "east"},
				"up": {"uv": [6, 5, 7, 6], "rotation": 180, "texture": "#side", "cullface": "east"},
				"down": {"uv": [6, 6, 7, 7], "rotation": 180, "texture": "#side", "cullface": "east"}
			}
		},
		{
			"from": [15, 9, 6],
			"to": [15.5, 11, 7],
			"rotation": {"angle": 0, "axis": "y", "origin": [8, 0, 8]},
			"faces": {
				"north": {"uv": [9, 5, 10, 7], "texture": "#side", "cullface": "east"},
				"east": {"uv": [9, 5, 10, 7], "texture": "#side", "cullface": "east"},
				"south": {"uv": [9, 5, 10, 7], "texture": "#side", "cullface": "east"},
				"up": {"uv": [9, 5, 10, 6], "rotation": 180, "texture": "#side", "cullface": "east"},
				"down": {"uv": [9, 6, 10, 7], "rotation": 180, "texture": "#side", "cullface": "east"}
			}
		},
		{
			"from": [15, 5, 6],
			"to": [15.5, 7, 7],
			"rotation": {"angle": 0, "axis": "y", "origin": [8, 0, 8]},
			"faces": {
				"north": {"uv": [9, 9, 10, 11], "texture": "#side", "cullface": "east"},
				"east": {"uv": [9, 9, 10, 11], "texture": "#side", "cullface": "east"},
				"south": {"uv": [9, 9, 10, 11], "texture": "#side", "cullface": "east"},
				"up": {"uv": [9, 9, 10, 10], "rotation": 180, "texture": "#side", "cullface": "east"},
				"down": {"uv": [9, 10, 10, 11], "rotation": 180, "texture": "#side", "cullface": "east"}
			}
		},
		{
			"from": [15, 5, 9],
			"to": [15.5, 7, 10],
			"rotation": {"angle": 0, "axis": "y", "origin": [8, 0, 8]},
			"faces": {
				"north": {"uv": [6, 9, 7, 11], "texture": "#side", "cullface": "east"},
				"east": {"uv": [6, 9, 7, 11], "texture": "#side", "cullface": "east"},
				"south": {"uv": [6, 9, 7, 11], "texture": "#side", "cullface": "east"},
				"up": {"uv": [6, 9, 7, 10], "rotation": 180, "texture": "#side", "cullface": "east"},
				"down": {"uv": [6, 10, 7, 11], "rotation": 180, "texture": "#side", "cullface": "east"}
			}
		},
		{
			"from": [15, 12, 4],
			"to": [15.5, 14, 5],
			"rotation": {"angle": 0, "axis": "y", "origin": [8, 0, 8]},
			"faces": {
				"north": {"uv": [11, 2, 12, 4], "texture": "#side", "cullface": "east"},
				"east": {"uv": [11, 2, 12, 4], "texture": "#side", "cullface": "east"},
				"up": {"uv": [11, 2, 12, 3], "rotation": 180, "texture": "#side", "cullface": "east"}
			}
		},
		{
			"from": [15, 11, 10],
			"to": [15.5, 14, 11],
			"rotation": {"angle": 0, "axis": "y", "origin": [8, 0, 8]},
			"faces": {
				"north": {"uv": [5, 2, 6, 5], "texture": "#side", "cullface": "east"},
				"east": {"uv": [5, 2, 6, 5], "texture": "#side", "cullface": "east"},
				"up": {"uv": [5, 2, 6, 3], "rotation": 180, "texture": "#side", "cullface": "east"},
				"down": {"uv": [5, 4, 6, 5], "rotation": 180, "texture": "#side", "cullface": "east"}
			}
		},
		{
			"from": [15, 11, 5],
			"to": [15.5, 14, 6],
			"rotation": {"angle": 0, "axis": "y", "origin": [8, 0, 8]},
			"faces": {
				"east": {"uv": [10, 2, 11, 5], "texture": "#side", "cullface": "east"},
				"south": {"uv": [10, 2, 11, 5], "texture": "#side", "cullface": "east"},
				"up": {"uv": [10, 2, 11, 3], "rotation": 180, "texture": "#side", "cullface": "east"},
				"down": {"uv": [10, 4, 11, 5], "rotation": 180, "texture": "#side", "cullface": "east"}
			}
		},
		{
			"from": [15, 13, 6],
			"to": [15.5, 14, 10],
			"rotation": {"angle": 0, "axis": "y", "origin": [8, 0, 8]},
			"faces": {
				"east": {"uv": [6, 2, 10, 3], "texture": "#side", "cullface": "east"},
				"up": {"uv": [6, 2, 10, 3], "rotation": 270, "texture": "#side", "cullface": "east"},
				"down": {"uv": [10, 2, 6, 3], "rotation": 270, "texture": "#side", "cullface": "east"}
			}
		},
		{
			"from": [15, 2, 6],
			"to": [15.5, 3, 10],
			"rotation": {"angle": 0, "axis": "y", "origin": [8, 0, 8]},
			"faces": {
				"east": {"uv": [6, 13, 10, 14], "texture": "#side", "cullface": "east"},
				"up": {"uv": [6, 13, 10, 14], "rotation": 270, "texture": "#side", "cullface": "east"},
				"down": {"uv": [10, 13, 6, 14], "rotation": 270, "texture": "#side", "cullface": "east"}
			}
		},
		{
			"from": [1, 1, 15],
			"to": [3, 3, 16],
			"rotation": {"angle": 0, "axis": "y", "origin": [8, 0, 8]},
			"faces": {
				"east": {"uv": [2, 13, 3, 15], "texture": "#side", "cullface": "south"},
				"south": {"uv": [1, 13, 3, 15], "texture": "#side", "cullface": "south"},
				"up": {"uv": [1, 13, 3, 14], "texture": "#side", "cullface": "south"}
			}
		},
		{
			"from": [1, 13, 15],
			"to": [3, 15, 16],
			"rotation": {"angle": 0, "axis": "y", "origin": [8, 0, 8]},
			"faces": {
				"east": {"uv": [2, 1, 3, 3], "texture": "#side", "cullface": "south"},
				"south": {"uv": [1, 1, 3, 3], "texture": "#side", "cullface": "south"},
				"down": {"uv": [3, 2, 1, 3], "rotation": 180, "texture": "#side", "cullface": "south"}
			}
		},
		{
			"from": [13, 13, 15],
			"to": [15, 15, 16],
			"rotation": {"angle": 0, "axis": "y", "origin": [8, 0, 8]},
			"faces": {
				"south": {"uv": [13, 1, 15, 3], "texture": "#side", "cullface": "south"},
				"west": {"uv": [13, 1, 14, 3], "texture": "#side", "cullface": "south"},
				"down": {"uv": [15, 2, 13, 3], "rotation": 180, "texture": "#side", "cullface": "south"}
			}
		},
		{
			"from": [13, 1, 15],
			"to": [15, 3, 16],
			"rotation": {"angle": 0, "axis": "y", "origin": [8, 0, 8]},
			"faces": {
				"south": {"uv": [13, 13, 15, 15], "texture": "#side", "cullface": "south"},
				"west": {"uv": [13, 13, 14, 15], "texture": "#side", "cullface": "south"},
				"up": {"uv": [13, 13, 15, 14], "texture": "#side", "cullface": "south"}
			}
		},
		{
			"from": [3, 10, 15],
			"to": [5, 12, 15.5],
			"rotation": {"angle": 0, "axis": "y", "origin": [8, 0, 8]},
			"faces": {
				"east": {"uv": [4, 4, 5, 6], "texture": "#side", "cullface": "south"},
				"south": {"uv": [3, 4, 5, 6], "texture": "#side", "cullface": "south"},
				"up": {"uv": [3, 4, 5, 5], "texture": "#side", "cullface": "south"},
				"down": {"uv": [5, 5, 3, 6], "rotation": 180, "texture": "#side", "cullface": "south"}
			}
		},
		{
			"from": [3, 4, 15],
			"to": [5, 6, 15.5],
			"rotation": {"angle": 0, "axis": "y", "origin": [8, 0, 8]},
			"faces": {
				"east": {"uv": [4, 10, 5, 12], "texture": "#side", "cullface": "south"},
				"south": {"uv": [3, 10, 5, 12], "texture": "#side", "cullface": "south"},
				"up": {"uv": [3, 10, 5, 11], "texture": "#side", "cullface": "south"},
				"down": {"uv": [5, 11, 3, 12], "rotation": 180, "texture": "#side", "cullface": "south"}
			}
		},
		{
			"from": [11, 4, 15],
			"to": [13, 6, 15.5],
			"rotation": {"angle": 0, "axis": "y", "origin": [8, 0, 8]},
			"faces": {
				"south": {"uv": [11, 10, 13, 12], "texture": "#side", "cullface": "south"},
				"west": {"uv": [11, 10, 12, 12], "texture": "#side", "cullface": "south"},
				"up": {"uv": [11, 10, 13, 11], "texture": "#side", "cullface": "south"},
				"down": {"uv": [13, 11, 11, 12], "rotation": 180, "texture": "#side", "cullface": "south"}
			}
		},
		{
			"from": [4, 2, 15],
			"to": [6, 4, 15.5],
			"rotation": {"angle": 0, "axis": "y", "origin": [8, 0, 8]},
			"faces": {
				"east": {"uv": [5, 12, 6, 14], "texture": "#side", "cullface": "south"},
				"south": {"uv": [4, 12, 6, 14], "texture": "#side", "cullface": "south"},
				"west": {"uv": [4, 12, 5, 14], "texture": "#side", "cullface": "south"},
				"up": {"uv": [4, 12, 6, 13], "texture": "#side", "cullface": "south"},
				"down": {"uv": [6, 13, 4, 14], "rotation": 180, "texture": "#side", "cullface": "south"}
			}
		},
		{
			"from": [10, 2, 15],
			"to": [12, 4, 15.5],
			"rotation": {"angle": 0, "axis": "y", "origin": [8, 0, 8]},
			"faces": {
				"east": {"uv": [11, 12, 12, 14], "texture": "#side", "cullface": "south"},
				"south": {"uv": [10, 12, 12, 14], "texture": "#side", "cullface": "south"},
				"west": {"uv": [10, 12, 11, 14], "texture": "#side", "cullface": "south"},
				"up": {"uv": [10, 12, 12, 13], "texture": "#side", "cullface": "south"},
				"down": {"uv": [12, 13, 10, 14], "rotation": 180, "texture": "#side", "cullface": "south"}
			}
		},
		{
			"from": [4, 7, 15],
			"to": [6, 9, 15.5],
			"rotation": {"angle": 0, "axis": "y", "origin": [8, 0, 8]},
			"faces": {
				"east": {"uv": [5, 7, 6, 9], "texture": "#side", "cullface": "south"},
				"south": {"uv": [4, 7, 6, 9], "texture": "#side", "cullface": "south"},
				"west": {"uv": [4, 7, 5, 9], "texture": "#side", "cullface": "south"},
				"up": {"uv": [4, 7, 6, 8], "texture": "#side", "cullface": "south"},
				"down": {"uv": [6, 8, 4, 9], "rotation": 180, "texture": "#side", "cullface": "south"}
			}
		},
		{
			"from": [7, 10, 15],
			"to": [9, 12, 15.5],
			"rotation": {"angle": 0, "axis": "y", "origin": [8, 0, 8]},
			"faces": {
				"east": {"uv": [8, 4, 9, 6], "texture": "#side", "cullface": "south"},
				"south": {"uv": [7, 4, 9, 6], "texture": "#side", "cullface": "south"},
				"west": {"uv": [7, 4, 8, 6], "texture": "#side", "cullface": "south"},
				"up": {"uv": [7, 4, 9, 5], "texture": "#side", "cullface": "south"},
				"down": {"uv": [9, 5, 7, 6], "rotation": 180, "texture": "#side", "cullface": "south"}
			}
		},
		{
			"from": [10, 7, 15],
			"to": [12, 9, 15.5],
			"rotation": {"angle": 0, "axis": "y", "origin": [8, 0, 8]},
			"faces": {
				"east": {"uv": [11, 7, 12, 9], "texture": "#side", "cullface": "south"},
				"south": {"uv": [10, 7, 12, 9], "texture": "#side", "cullface": "south"},
				"west": {"uv": [10, 7, 11, 9], "texture": "#side", "cullface": "south"},
				"up": {"uv": [10, 7, 12, 8], "texture": "#side", "cullface": "south"},
				"down": {"uv": [12, 8, 10, 9], "rotation": 180, "texture": "#side", "cullface": "south"}
			}
		},
		{
			"from": [7, 4, 15],
			"to": [9, 6, 15.5],
			"rotation": {"angle": 0, "axis": "y", "origin": [8, 0, 8]},
			"faces": {
				"east": {"uv": [8, 10, 9, 12], "texture": "#side", "cullface": "south"},
				"south": {"uv": [7, 10, 9, 12], "texture": "#side", "cullface": "south"},
				"west": {"uv": [7, 10, 8, 12], "texture": "#side", "cullface": "south"},
				"up": {"uv": [7, 10, 9, 11], "texture": "#side", "cullface": "south"},
				"down": {"uv": [9, 11, 7, 12], "rotation": 180, "texture": "#side", "cullface": "south"}
			}
		},
		{
			"from": [11, 10, 15],
			"to": [13, 12, 15.5],
			"rotation": {"angle": 0, "axis": "y", "origin": [8, 0, 8]},
			"faces": {
				"south": {"uv": [11, 4, 13, 6], "texture": "#side", "cullface": "south"},
				"west": {"uv": [11, 4, 12, 6], "texture": "#side", "cullface": "south"},
				"up": {"uv": [11, 4, 13, 5], "texture": "#side", "cullface": "south"},
				"down": {"uv": [13, 5, 11, 6], "rotation": 180, "texture": "#side", "cullface": "south"}
			}
		},
		{
			"from": [2, 4, 15],
			"to": [3, 12, 15.5],
			"rotation": {"angle": 0, "axis": "y", "origin": [8, 0, 8]},
			"faces": {
				"east": {"uv": [2, 4, 3, 12], "texture": "#side", "cullface": "south"},
				"south": {"uv": [2, 4, 3, 12], "texture": "#side", "cullface": "south"},
				"west": {"uv": [2, 4, 3, 12], "texture": "#side", "cullface": "south"},
				"up": {"uv": [2, 4, 3, 5], "texture": "#side", "cullface": "south"},
				"down": {"uv": [3, 11, 2, 12], "rotation": 180, "texture": "#side", "cullface": "south"}
			}
		},
		{
			"from": [13, 4, 15],
			"to": [14, 12, 15.5],
			"rotation": {"angle": 0, "axis": "y", "origin": [8, 0, 8]},
			"faces": {
				"east": {"uv": [13, 4, 14, 12], "texture": "#side", "cullface": "south"},
				"south": {"uv": [13, 4, 14, 12], "texture": "#side", "cullface": "south"},
				"west": {"uv": [13, 4, 14, 12], "texture": "#side", "cullface": "south"},
				"up": {"uv": [13, 4, 14, 5], "texture": "#side", "cullface": "south"},
				"down": {"uv": [14, 11, 13, 12], "rotation": 180, "texture": "#side", "cullface": "south"}
			}
		},
		{
			"from": [4, 12, 15],
			"to": [5, 14, 15.5],
			"rotation": {"angle": 0, "axis": "y", "origin": [8, 0, 8]},
			"faces": {
				"south": {"uv": [3, 2, 4, 4], "texture": "#side", "cullface": "south"},
				"west": {"uv": [3, 2, 4, 4], "texture": "#side", "cullface": "south"},
				"up": {"uv": [3, 2, 4, 3], "rotation": 270, "texture": "#side", "cullface": "south"}
			}
		},
		{
			"from": [6, 9, 15],
			"to": [7, 11, 15.5],
			"rotation": {"angle": 0, "axis": "y", "origin": [8, 0, 8]},
			"faces": {
				"east": {"uv": [6, 5, 7, 7], "texture": "#side", "cullface": "south"},
				"south": {"uv": [6, 5, 7, 7], "texture": "#side", "cullface": "south"},
				"west": {"uv": [6, 5, 7, 7], "texture": "#side", "cullface": "south"},
				"up": {"uv": [6, 5, 7, 6], "rotation": 270, "texture": "#side", "cullface": "south"},
				"down": {"uv": [6, 6, 7, 7], "rotation": 90, "texture": "#side", "cullface": "south"}
			}
		},
		{
			"from": [9, 9, 15],
			"to": [10, 11, 15.5],
			"rotation": {"angle": 0, "axis": "y", "origin": [8, 0, 8]},
			"faces": {
				"east": {"uv": [9, 5, 10, 7], "texture": "#side", "cullface": "south"},
				"south": {"uv": [9, 5, 10, 7], "texture": "#side", "cullface": "south"},
				"west": {"uv": [9, 5, 10, 7], "texture": "#side", "cullface": "south"},
				"up": {"uv": [9, 5, 10, 6], "rotation": 270, "texture": "#side", "cullface": "south"},
				"down": {"uv": [9, 6, 10, 7], "rotation": 90, "texture": "#side", "cullface": "south"}
			}
		},
		{
			"from": [9, 5, 15],
			"to": [10, 7, 15.5],
			"rotation": {"angle": 0, "axis": "y", "origin": [8, 0, 8]},
			"faces": {
				"east": {"uv": [9, 9, 10, 11], "texture": "#side", "cullface": "south"},
				"south": {"uv": [9, 9, 10, 11], "texture": "#side", "cullface": "south"},
				"west": {"uv": [9, 9, 10, 11], "texture": "#side", "cullface": "south"},
				"up": {"uv": [9, 9, 10, 10], "rotation": 270, "texture": "#side", "cullface": "south"},
				"down": {"uv": [9, 10, 10, 11], "rotation": 90, "texture": "#side", "cullface": "south"}
			}
		},
		{
			"from": [6, 5, 15],
			"to": [7, 7, 15.5],
			"rotation": {"angle": 0, "axis": "y", "origin": [8, 0, 8]},
			"faces": {
				"east": {"uv": [6, 9, 7, 11], "texture": "#side", "cullface": "south"},
				"south": {"uv": [6, 9, 7, 11], "texture": "#side", "cullface": "south"},
				"west": {"uv": [6, 9, 7, 11], "texture": "#side", "cullface": "south"},
				"up": {"uv": [6, 9, 7, 10], "rotation": 270, "texture": "#side", "cullface": "south"},
				"down": {"uv": [6, 10, 7, 11], "rotation": 90, "texture": "#side", "cullface": "south"}
			}
		},
		{
			"from": [11, 12, 15],
			"to": [12, 14, 15.5],
			"rotation": {"angle": 0, "axis": "y", "origin": [8, 0, 8]},
			"faces": {
				"east": {"uv": [11, 2, 12, 4], "texture": "#side", "cullface": "south"},
				"south": {"uv": [11, 2, 12, 4], "texture": "#side", "cullface": "south"},
				"up": {"uv": [11, 2, 12, 3], "rotation": 270, "texture": "#side", "cullface": "south"}
			}
		},
		{
			"from": [5, 11, 15],
			"to": [6, 14, 15.5],
			"rotation": {"angle": 0, "axis": "y", "origin": [8, 0, 8]},
			"faces": {
				"east": {"uv": [5, 2, 6, 5], "texture": "#side", "cullface": "south"},
				"south": {"uv": [5, 2, 6, 5], "texture": "#side", "cullface": "south"},
				"up": {"uv": [5, 2, 6, 3], "rotation": 270, "texture": "#side", "cullface": "south"},
				"down": {"uv": [5, 4, 6, 5], "rotation": 90, "texture": "#side", "cullface": "south"}
			}
		},
		{
			"from": [10, 11, 15],
			"to": [11, 14, 15.5],
			"rotation": {"angle": 0, "axis": "y", "origin": [8, 0, 8]},
			"faces": {
				"south": {"uv": [10, 2, 11, 5], "texture": "#side", "cullface": "south"},
				"west": {"uv": [10, 2, 11, 5], "texture": "#side", "cullface": "south"},
				"up": {"uv": [10, 2, 11, 3], "rotation": 270, "texture": "#side", "cullface": "south"},
				"down": {"uv": [10, 4, 11, 5], "rotation": 90, "texture": "#side", "cullface": "south"}
			}
		},
		{
			"from": [6, 13, 15],
			"to": [10, 14, 15.5],
			"rotation": {"angle": 0, "axis": "y", "origin": [8, 0, 8]},
			"faces": {
				"south": {"uv": [6, 2, 10, 3], "texture": "#side", "cullface": "south"},
				"up": {"uv": [6, 2, 10, 3], "texture": "#side", "cullface": "south"},
				"down": {"uv": [10, 2, 6, 3], "rotation": 180, "texture": "#side", "cullface": "south"}
			}
		},
		{
			"from": [6, 2, 15],
			"to": [10, 3, 15.5],
			"rotation": {"angle": 0, "axis": "y", "origin": [8, 0, 8]},
			"faces": {
				"south": {"uv": [6, 13, 10, 14], "texture": "#side", "cullface": "south"},
				"up": {"uv": [6, 13, 10, 14], "texture": "#side", "cullface": "south"},
				"down": {"uv": [10, 13, 6, 14], "rotation": 180, "texture": "#side", "cullface": "south"}
			}
		},
		{
			"from": [0, 1, 1],
			"to": [1, 3, 3],
			"rotation": {"angle": 0, "axis": "y", "origin": [8, 0, 8]},
			"faces": {
				"south": {"uv": [2, 13, 3, 15], "texture": "#side", "cullface": "west"},
				"west": {"uv": [1, 13, 3, 15], "texture": "#side", "cullface": "west"},
				"up": {"uv": [1, 13, 3, 14], "rotation": 90, "texture": "#side", "cullface": "west"}
			}
		},
		{
			"from": [0, 13, 1],
			"to": [1, 15, 3],
			"rotation": {"angle": 0, "axis": "y", "origin": [8, 0, 8]},
			"faces": {
				"south": {"uv": [2, 1, 3, 3], "texture": "#side", "cullface": "west"},
				"west": {"uv": [1, 1, 3, 3], "texture": "#side", "cullface": "west"},
				"down": {"uv": [3, 2, 1, 3], "rotation": 90, "texture": "#side", "cullface": "west"}
			}
		},
		{
			"from": [0, 13, 13],
			"to": [1, 15, 15],
			"rotation": {"angle": 0, "axis": "y", "origin": [8, 0, 8]},
			"faces": {
				"north": {"uv": [13, 1, 14, 3], "texture": "#side", "cullface": "west"},
				"west": {"uv": [13, 1, 15, 3], "texture": "#side", "cullface": "west"},
				"down": {"uv": [15, 2, 13, 3], "rotation": 90, "texture": "#side", "cullface": "west"}
			}
		},
		{
			"from": [0, 1, 13],
			"to": [1, 3, 15],
			"rotation": {"angle": 0, "axis": "y", "origin": [8, 0, 8]},
			"faces": {
				"north": {"uv": [13, 13, 14, 15], "texture": "#side", "cullface": "west"},
				"west": {"uv": [13, 13, 15, 15], "texture": "#side", "cullface": "west"},
				"up": {"uv": [13, 13, 15, 14], "rotation": 90, "texture": "#side", "cullface": "west"}
			}
		},
		{
			"from": [0.5, 10, 3],
			"to": [1, 12, 5],
			"rotation": {"angle": 0, "axis": "y", "origin": [8, 0, 8]},
			"faces": {
				"south": {"uv": [4, 4, 5, 6], "texture": "#side", "cullface": "west"},
				"west": {"uv": [3, 4, 5, 6], "texture": "#side", "cullface": "west"},
				"up": {"uv": [3, 4, 5, 5], "rotation": 90, "texture": "#side", "cullface": "west"},
				"down": {"uv": [5, 5, 3, 6], "rotation": 90, "texture": "#side", "cullface": "west"}
			}
		},
		{
			"from": [0.5, 4, 3],
			"to": [1, 6, 5],
			"rotation": {"angle": 0, "axis": "y", "origin": [8, 0, 8]},
			"faces": {
				"south": {"uv": [4, 10, 5, 12], "texture": "#side", "cullface": "west"},
				"west": {"uv": [3, 10, 5, 12], "texture": "#side", "cullface": "west"},
				"up": {"uv": [3, 10, 5, 11], "rotation": 90, "texture": "#side", "cullface": "west"},
				"down": {"uv": [5, 11, 3, 12], "rotation": 90, "texture": "#side", "cullface": "west"}
			}
		},
		{
			"from": [0.5, 4, 11],
			"to": [1, 6, 13],
			"rotation": {"angle": 0, "axis": "y", "origin": [8, 0, 8]},
			"faces": {
				"north": {"uv": [11, 10, 12, 12], "texture": "#side", "cullface": "west"},
				"west": {"uv": [11, 10, 13, 12], "texture": "#side", "cullface": "west"},
				"up": {"uv": [11, 10, 13, 11], "rotation": 90, "texture": "#side", "cullface": "west"},
				"down": {"uv": [13, 11, 11, 12], "rotation": 90, "texture": "#side", "cullface": "west"}
			}
		},
		{
			"from": [0.5, 2, 4],
			"to": [1, 4, 6],
			"rotation": {"angle": 0, "axis": "y", "origin": [8, 0, 8]},
			"faces": {
				"north": {"uv": [4, 12, 5, 14], "texture": "#side", "cullface": "west"},
				"south": {"uv": [5, 12, 6, 14], "texture": "#side", "cullface": "west"},
				"west": {"uv": [4, 12, 6, 14], "texture": "#side", "cullface": "west"},
				"up": {"uv": [4, 12, 6, 13], "rotation": 90, "texture": "#side", "cullface": "west"},
				"down": {"uv": [6, 13, 4, 14], "rotation": 90, "texture": "#side", "cullface": "west"}
			}
		},
		{
			"from": [0.5, 2, 10],
			"to": [1, 4, 12],
			"rotation": {"angle": 0, "axis": "y", "origin": [8, 0, 8]},
			"faces": {
				"north": {"uv": [10, 12, 11, 14], "texture": "#side", "cullface": "west"},
				"south": {"uv": [11, 12, 12, 14], "texture": "#side", "cullface": "west"},
				"west": {"uv": [10, 12, 12, 14], "texture": "#side", "cullface": "west"},
				"up": {"uv": [10, 12, 12, 13], "rotation": 90, "texture": "#side", "cullface": "west"},
				"down": {"uv": [12, 13, 10, 14], "rotation": 90, "texture": "#side", "cullface": "west"}
			}
		},
		{
			"from": [0.5, 7, 4],
			"to": [1, 9, 6],
			"rotation": {"angle": 0, "axis": "y", "origin": [8, 0, 8]},
			"faces": {
				"north": {"uv": [4, 7, 5, 9], "texture": "#side", "cullface": "west"},
				"south": {"uv": [5, 7, 6, 9], "texture": "#side", "cullface": "west"},
				"west": {"uv": [4, 7, 6, 9], "texture": "#side", "cullface": "west"},
				"up": {"uv": [4, 7, 6, 8], "rotation": 90, "texture": "#side", "cullface": "west"},
				"down": {"uv": [6, 8, 4, 9], "rotation": 90, "texture": "#side", "cullface": "west"}
			}
		},
		{
			"from": [0.5, 10, 7],
			"to": [1, 12, 9],
			"rotation": {"angle": 0, "axis": "y", "origin": [8, 0, 8]},
			"faces": {
				"north": {"uv": [7, 4, 8, 6], "texture": "#side", "cullface": "west"},
				"south": {"uv": [8, 4, 9, 6], "texture": "#side", "cullface": "west"},
				"west": {"uv": [7, 4, 9, 6], "texture": "#side", "cullface": "west"},
				"up": {"uv": [7, 4, 9, 5], "rotation": 90, "texture": "#side", "cullface": "west"},
				"down": {"uv": [9, 5, 7, 6], "rotation": 90, "texture": "#side", "cullface": "west"}
			}
		},
		{
			"from": [0.5, 7, 10],
			"to": [1, 9, 12],
			"rotation": {"angle": 0, "axis": "y", "origin": [8, 0, 8]},
			"faces": {
				"north": {"uv": [10, 7, 11, 9], "texture": "#side", "cullface": "west"},
				"south": {"uv": [11, 7, 12, 9], "texture": "#side", "cullface": "west"},
				"west": {"uv": [10, 7, 12, 9], "texture": "#side", "cullface": "west"},
				"up": {"uv": [10, 7, 12, 8], "rotation": 90, "texture": "#side", "cullface": "west"},
				"down": {"uv": [12, 8, 10, 9], "rotation": 90, "texture": "#side", "cullface": "west"}
			}
		},
		{
			"from": [0.5, 4, 7],
			"to": [1, 6, 9],
			"rotation": {"angle": 0, "axis": "y", "origin": [8, 0, 8]},
			"faces": {
				"north": {"uv": [7, 10, 8, 12], "texture": "#side", "cullface": "west"},
				"south": {"uv": [8, 10, 9, 12], "texture": "#side", "cullface": "west"},
				"west": {"uv": [7, 10, 9, 12], "texture": "#side", "cullface": "west"},
				"up": {"uv": [7, 10, 9, 11], "rotation": 90, "texture": "#side", "cullface": "west"},
				"down": {"uv": [9, 11, 7, 12], "rotation": 90, "texture": "#side", "cullface": "west"}
			}
		},
		{
			"from": [0.5, 10, 11],
			"to": [1, 12, 13],
			"rotation": {"angle": 0, "axis": "y", "origin": [8, 0, 8]},
			"faces": {
				"north": {"uv": [11, 4, 12, 6], "texture": "#side", "cullface": "west"},
				"west": {"uv": [11, 4, 13, 6], "texture": "#side", "cullface": "west"},
				"up": {"uv": [11, 4, 13, 5], "rotation": 90, "texture": "#side", "cullface": "west"},
				"down": {"uv": [13, 5, 11, 6], "rotation": 90, "texture": "#side", "cullface": "west"}
			}
		},
		{
			"from": [0.5, 4, 2],
			"to": [1, 12, 3],
			"rotation": {"angle": 0, "axis": "y", "origin": [8, 0, 8]},
			"faces": {
				"north": {"uv": [2, 4, 3, 12], "texture": "#side", "cullface": "west"},
				"south": {"uv": [2, 4, 3, 12], "texture": "#side", "cullface": "west"},
				"west": {"uv": [2, 4, 3, 12], "texture": "#side", "cullface": "west"},
				"up": {"uv": [2, 4, 3, 5], "rotation": 90, "texture": "#side", "cullface": "west"},
				"down": {"uv": [3, 11, 2, 12], "rotation": 90, "texture": "#side", "cullface": "west"}
			}
		},
		{
			"from": [0.5, 4, 13],
			"to": [1, 12, 14],
			"rotation": {"angle": 0, "axis": "y", "origin": [8, 0, 8]},
			"faces": {
				"north": {"uv": [13, 4, 14, 12], "texture": "#side", "cullface": "west"},
				"south": {"uv": [13, 4, 14, 12], "texture": "#side", "cullface": "west"},
				"west": {"uv": [13, 4, 14, 12], "texture": "#side", "cullface": "west"},
				"up": {"uv": [13, 4, 14, 5], "rotation": 90, "texture": "#side", "cullface": "west"},
				"down": {"uv": [14, 11, 13, 12], "rotation": 90, "texture": "#side", "cullface": "west"}
			}
		},
		{
			"from": [0.5, 12, 4],
			"to": [1, 14, 5],
			"rotation": {"angle": 0, "axis": "y", "origin": [8, 0, 8]},
			"faces": {
				"north": {"uv": [3, 2, 4, 4], "texture": "#side", "cullface": "west"},
				"west": {"uv": [3, 2, 4, 4], "texture": "#side", "cullface": "west"},
				"up": {"uv": [3, 2, 4, 3], "texture": "#side", "cullface": "west"}
			}
		},
		{
			"from": [0.5, 9, 6],
			"to": [1, 11, 7],
			"rotation": {"angle": 0, "axis": "y", "origin": [8, 0, 8]},
			"faces": {
				"north": {"uv": [6, 5, 7, 7], "texture": "#side", "cullface": "west"},
				"south": {"uv": [6, 5, 7, 7], "texture": "#side", "cullface": "west"},
				"west": {"uv": [6, 5, 7, 7], "texture": "#side", "cullface": "west"},
				"up": {"uv": [6, 5, 7, 6], "texture": "#side", "cullface": "west"},
				"down": {"uv": [6, 6, 7, 7], "texture": "#side", "cullface": "west"}
			}
		},
		{
			"from": [0.5, 9, 9],
			"to": [1, 11, 10],
			"rotation": {"angle": 0, "axis": "y", "origin": [8, 0, 8]},
			"faces": {
				"north": {"uv": [9, 5, 10, 7], "texture": "#side", "cullface": "west"},
				"south": {"uv": [9, 5, 10, 7], "texture": "#side", "cullface": "west"},
				"west": {"uv": [9, 5, 10, 7], "texture": "#side", "cullface": "west"},
				"up": {"uv": [9, 5, 10, 6], "texture": "#side", "cullface": "west"},
				"down": {"uv": [9, 6, 10, 7], "texture": "#side", "cullface": "west"}
			}
		},
		{
			"from": [0.5, 5, 9],
			"to": [1, 7, 10],
			"rotation": {"angle": 0, "axis": "y", "origin": [8, 0, 8]},
			"faces": {
				"north": {"uv": [9, 9, 10, 11], "texture": "#side", "cullface": "west"},
				"south": {"uv": [9, 9, 10, 11], "texture": "#side", "cullface": "west"},
				"west": {"uv": [9, 9, 10, 11], "texture": "#side", "cullface": "west"},
				"up": {"uv": [9, 9, 10, 10], "texture": "#side", "cullface": "west"},
				"down": {"uv": [9, 10, 10, 11], "texture": "#side", "cullface": "west"}
			}
		},
		{
			"from": [0.5, 5, 6],
			"to": [1, 7, 7],
			"rotation": {"angle": 0, "axis": "y", "origin": [8, 0, 8]},
			"faces": {
				"north": {"uv": [6, 9, 7, 11], "texture": "#side", "cullface": "west"},
				"south": {"uv": [6, 9, 7, 11], "texture": "#side", "cullface": "west"},
				"west": {"uv": [6, 9, 7, 11], "texture": "#side", "cullface": "west"},
				"up": {"uv": [6, 9, 7, 10], "texture": "#side", "cullface": "west"},
				"down": {"uv": [6, 10, 7, 11], "texture": "#side", "cullface": "west"}
			}
		},
		{
			"from": [0.5, 12, 11],
			"to": [1, 14, 12],
			"rotation": {"angle": 0, "axis": "y", "origin": [8, 0, 8]},
			"faces": {
				"south": {"uv": [11, 2, 12, 4], "texture": "#side", "cullface": "west"},
				"west": {"uv": [11, 2, 12, 4], "texture": "#side", "cullface": "west"},
				"up": {"uv": [11, 2, 12, 3], "texture": "#side", "cullface": "west"}
			}
		},
		{
			"from": [0.5, 11, 5],
			"to": [1, 14, 6],
			"rotation": {"angle": 0, "axis": "y", "origin": [8, 0, 8]},
			"faces": {
				"south": {"uv": [5, 2, 6, 5], "texture": "#side", "cullface": "west"},
				"west": {"uv": [5, 2, 6, 5], "texture": "#side", "cullface": "west"},
				"up": {"uv": [5, 2, 6, 3], "texture": "#side", "cullface": "west"},
				"down": {"uv": [5, 4, 6, 5], "texture": "#side", "cullface": "west"}
			}
		},
		{
			"from": [0.5, 11, 10],
			"to": [1, 14, 11],
			"rotation": {"angle": 0, "axis": "y", "origin": [8, 0, 8]},
			"faces": {
				"north": {"uv": [10, 2, 11, 5], "texture": "#side", "cullface": "west"},
				"west": {"uv": [10, 2, 11, 5], "texture": "#side", "cullface": "west"},
				"up": {"uv": [10, 2, 11, 3], "texture": "#side", "cullface": "west"},
				"down": {"uv": [10, 4, 11, 5], "texture": "#side", "cullface": "west"}
			}
		},
		{
			"from": [0.5, 13, 6],
			"to": [1, 14, 10],
			"rotation": {"angle": 0, "axis": "y", "origin": [8, 0, 8]},
			"faces": {
				"west": {"uv": [6, 2, 10, 3], "texture": "#side", "cullface": "west"},
				"up": {"uv": [6, 2, 10, 3], "rotation": 90, "texture": "#side", "cullface": "west"},
				"down": {"uv": [10, 2, 6, 3], "rotation": 90, "texture": "#side", "cullface": "west"}
			}
		},
		{
			"from": [0.5, 2, 6],
			"to": [1, 3, 10],
			"rotation": {"angle": 0, "axis": "y", "origin": [8, 0, 8]},
			"faces": {
				"west": {"uv": [6, 13, 10, 14], "texture": "#side", "cullface": "west"},
				"up": {"uv": [6, 13, 10, 14], "rotation": 90, "texture": "#side", "cullface": "west"},
				"down": {"uv": [10, 13, 6, 14], "rotation": 90, "texture": "#side", "cullface": "west"}
			}
		}
	],
	"groups": [
		{
			"name": "base",
			"origin": [0, 0, 0],
			"color": 0,
			"children": [0, 1, 2, 3, 4, 5, 6, 7, 8, 9, 10, 11, 12, 13, 14, 15, 16]
		},
		{
			"name": "group",
			"origin": [0, 0, 0],
			"color": 0,
			"children": [17, 18, 19, 20, 21, 22, 23, 24, 25, 26, 27, 28, 29, 30, 31, 32, 33, 34, 35, 36, 37, 38, 39, 40, 41, 42]
		},
		{
			"name": "group",
			"origin": [0, 0, 0],
			"color": 0,
			"children": [43, 44, 45, 46, 47, 48, 49, 50, 51, 52, 53, 54, 55, 56, 57, 58, 59, 60, 61, 62, 63, 64, 65, 66, 67, 68]
		},
		{
			"name": "group",
			"origin": [0, 0, 0],
			"color": 0,
			"children": [69, 70, 71, 72, 73, 74, 75, 76, 77, 78, 79, 80, 81, 82, 83, 84, 85, 86, 87, 88, 89, 90, 91, 92, 93, 94]
		},
		{
			"name": "group",
			"origin": [0, 0, 0],
			"color": 0,
			"children": [95, 96, 97, 98, 99, 100, 101, 102, 103, 104, 105, 106, 107, 108, 109, 110, 111, 112, 113, 114, 115, 116, 117, 118, 119, 120]
		}
	]
}