{
	"credit": "Made with Blockbench by Valdr687",
	"ambientocclusion": false,
	"textures": {
		"0": "block/loom_front",
		"1": "block/loom_side",
		"2": "block/loom_top",
		"3": "block/loom_bottom",
		"particle": "block/loom_front"
	},
	"elements": [
		{
			"from": [0, 0, 0],
			"to": [16, 2, 16],
			"faces": {
				"north": {"uv": [0, 14, 16, 16], "texture": "#0", "cullface": "north"},
				"east": {"uv": [0, 14, 16, 16], "texture": "#1", "cullface": "east"},
				"south": {"uv": [0, 14, 16, 16], "texture": "#1", "cullface": "south"},
				"west": {"uv": [0, 14, 16, 16], "texture": "#1", "cullface": "west"},
				"up": {"uv": [0, 0, 16, 16], "texture": "#3"},
				"down": {"uv": [0, 0, 16, 16], "texture": "#3", "cullface": "down"}
			}
		},
		{
			"from": [1, 2, 2],
			"to": [15, 5, 15],
			"faces": {
				"north": {"uv": [1, 11, 15, 14], "texture": "#0", "cullface": "north"},
				"east": {"uv": [1, 11, 14, 14], "texture": "#1", "cullface": "east"},
				"south": {"uv": [1, 11, 15, 14], "texture": "#1", "cullface": "south"},
				"west": {"uv": [2, 11, 15, 14], "texture": "#1", "cullface": "west"}
			}
		},
		{
			"from": [1, 5, 0],
			"to": [15, 8, 15],
			"faces": {
				"north": {"uv": [1, 8, 15, 11], "texture": "#0", "cullface": "north"},
				"east": {"uv": [1, 8, 16, 11], "texture": "#1", "cullface": "east"},
				"south": {"uv": [1, 8, 15, 11], "texture": "#1", "cullface": "south"},
				"west": {"uv": [0, 8, 15, 11], "texture": "#1", "cullface": "west"},
				"up": {"uv": [0, 0, 14, 15], "texture": "#1"},
				"down": {"uv": [1, 0, 15, 15], "texture": "#0"}
			}
		},
		{
			"from": [1, 10, 0.25],
			"to": [15, 13, 15],
			"faces": {
				"north": {"uv": [1, 3, 15, 6], "texture": "#0"},
				"east": {"uv": [1, 3, 15.75, 6], "texture": "#1", "cullface": "east"},
				"south": {"uv": [1, 3, 15, 6], "texture": "#1", "cullface": "south"},
				"west": {"uv": [0.25, 3, 15, 6], "texture": "#1", "cullface": "west"},
				"up": {"uv": [0, 0, 14, 14.75], "texture": "#3"},
				"down": {"uv": [0, 5, 14, 5.75], "texture": "#0"}
			}
		},
		{
			"from": [1, 13, 0.25],
			"to": [15, 15, 1],
			"faces": {
				"north": {"uv": [1, 1, 15, 3], "texture": "#0"},
				"south": {"uv": [1, 8, 15, 10], "texture": "#0"},
				"up": {"uv": [1, 0, 15, 0.75], "texture": "#2"}
			}
		},
		{
			"from": [1, 13, 15],
			"to": [15, 15, 15],
			"faces": {
				"north": {"uv": [0, 0, 14, 2], "texture": "#missing"},
				"south": {"uv": [1, 1, 15, 3], "texture": "#1", "cullface": "south"}
			}
		},
		{
			"from": [1, 8, 1],
			"to": [15, 10, 15],
			"faces": {
				"north": {"uv": [14, 6, 15, 8], "texture": "#0"},
				"east": {"uv": [1, 6, 15, 7], "texture": "#1", "cullface": "east"},
				"south": {"uv": [1, 6, 15, 7], "texture": "#1", "cullface": "south"},
				"west": {"uv": [1, 6, 15, 7], "texture": "#1", "cullface": "west"}
			}
		},
		{
			"from": [15, 2, 0],
			"to": [16, 16, 1],
			"faces": {
				"north": {"uv": [0, 0, 1, 14], "texture": "#1"},
				"east": {"uv": [15, 0, 16, 14], "texture": "#1", "cullface": "east"},
				"south": {"uv": [15, 0, 16, 14], "texture": "#1"},
				"west": {"uv": [15, 0, 16, 14], "texture": "#1"},
				"up": {"uv": [15, 0, 16, 1], "texture": "#2"}
			}
		},
		{
			"from": [15, 2, 15],
			"to": [16, 16, 16],
			"faces": {
				"north": {"uv": [0, 0, 1, 14], "texture": "#1"},
				"east": {"uv": [0, 0, 1, 14], "texture": "#1", "cullface": "east"},
				"south": {"uv": [15, 0, 16, 14], "texture": "#1", "cullface": "south"},
				"west": {"uv": [0, 0, 1, 14], "texture": "#1"},
				"up": {"uv": [15, 15, 16, 16], "texture": "#2"}
			}
		},
		{
			"from": [0, 2, 15],
			"to": [1, 16, 16],
			"faces": {
				"north": {"uv": [15, 0, 16, 14], "texture": "#1"},
				"east": {"uv": [0, 0, 1, 14], "texture": "#1"},
				"south": {"uv": [0, 0, 1, 14], "texture": "#1", "cullface": "south"},
				"west": {"uv": [15, 0, 16, 14], "texture": "#1", "cullface": "west"},
				"up": {"uv": [0, 15, 1, 16], "texture": "#2"}
			}
		},
		{
			"from": [0, 2, 0],
			"to": [1, 16, 1],
			"faces": {
				"north": {"uv": [15, 0, 16, 14], "texture": "#0"},
				"east": {"uv": [15, 0, 16, 14], "texture": "#0"},
				"south": {"uv": [0, 0, 1, 14], "texture": "#1"},
				"west": {"uv": [0, 0, 1, 14], "texture": "#1", "cullface": "west"},
				"up": {"uv": [0, 0, 1, 1], "texture": "#2"}
			}
		},
		{
			"from": [1, 2, 1],
			"to": [1, 5, 2],
			"faces": {
				"east": {"uv": [14, 11, 15, 14], "texture": "#0"},
				"west": {"uv": [1, 11, 2, 14], "texture": "#1", "cullface": "west"}
			}
		},
		{
			"from": [15, 2, 1],
			"to": [15, 5, 2],
			"faces": {
				"east": {"uv": [14, 11, 15, 14], "texture": "#1", "cullface": "east"},
				"west": {"uv": [1, 14, 1, 14], "texture": "#0"}
			}
		},
		{
			"from": [15, 13, 1],
			"to": [15, 15, 15],
			"faces": {
				"east": {"uv": [1, 1, 15, 3], "texture": "#1", "cullface": "east"},
				"west": {"uv": [1, 8, 15, 10], "texture": "#0"}
			}
		},
		{
			"from": [0.99, 13, 1],
			"to": [0.99, 15, 15],
			"faces": {
				"east": {"uv": [1, 8, 15, 10], "texture": "#0"},
				"west": {"uv": [1, 1, 15, 3], "texture": "#1", "cullface": "west"}
			}
		},
		{
			"from": [1, 13, 12],
			"to": [14.99, 16, 13],
			"faces": {
				"north": {"uv": [15, 8, 1, 11], "texture": "#0"},
				"east": {"uv": [0, 0, 1, 3], "texture": "#missing"},
				"south": {"uv": [1, 8, 15, 11], "texture": "#0"},
				"west": {"uv": [0, 0, 1, 3], "texture": "#missing"},
				"up": {"uv": [1, 12, 15, 13], "texture": "#2"}
			}
		},
		{
			"from": [1, 13, 7],
			"to": [14.99, 15, 8],
			"faces": {
				"north": {"uv": [1, 8, 15, 10], "texture": "#0"},
				"east": {"uv": [0, 0, 1, 2], "texture": "#missing"},
				"south": {"uv": [1, 8, 15, 10], "texture": "#0"},
				"west": {"uv": [0, 0, 1, 2], "texture": "#missing"},
				"up": {"uv": [1, 7, 15, 8], "texture": "#2"}
			}
		},
		{
			"from": [1, 15, 15],
			"to": [15, 16, 16],
			"faces": {
				"north": {"uv": [15, 15, 1, 16], "texture": "#2"},
				"south": {"uv": [1, 0, 15, 1], "texture": "#1", "cullface": "south"},
				"up": {"uv": [1, 15, 15, 16], "texture": "#2"},
				"down": {"uv": [1, 0, 15, 1], "texture": "#1"}
			}
		},
		{
			"from": [15, 15, 1],
			"to": [16, 16, 15],
			"faces": {
				"east": {"uv": [1, 0, 15, 1], "texture": "#1", "cullface": "east"},
				"west": {"uv": [1, 8, 15, 9], "texture": "#0"},
				"up": {"uv": [15, 1, 16, 15], "texture": "#2"},
				"down": {"uv": [1, 0, 15, 1], "rotation": 90, "texture": "#1"}
			}
		},
		{
			"from": [0, 15, 1],
			"to": [1, 16, 15],
			"faces": {
				"east": {"uv": [1, 12, 15, 13], "texture": "#2"},
				"west": {"uv": [1, 0, 15, 1], "texture": "#1", "cullface": "west"},
				"up": {"uv": [0, 1, 1, 15], "texture": "#2"},
				"down": {"uv": [1, 0, 15, 1], "rotation": 270, "texture": "#1"}
			}
		},
		{
			"from": [1, 7, 15],
			"to": [15, 9, 16],
			"faces": {
				"south": {"uv": [1, 7, 15, 9], "texture": "#1", "cullface": "south"},
				"up": {"uv": [1, 7, 15, 8], "texture": "#1"},
				"down": {"uv": [1, 8, 15, 9], "texture": "#1"}
			}
		},
		{
			"from": [15, 7, 1],
			"to": [16, 9, 15],
			"rotation": {"angle": 0, "axis": "y", "origin": [25, 8, 15.5]},
			"faces": {
				"east": {"uv": [1, 7, 15, 9], "texture": "#1", "cullface": "east"},
				"up": {"uv": [1, 7, 15, 8], "rotation": 270, "texture": "#1"},
				"down": {"uv": [1, 8, 15, 9], "rotation": 90, "texture": "#1"}
			}
		},
		{
			"from": [0, 7, 1],
			"to": [1, 9, 15],
			"rotation": {"angle": 0, "axis": "y", "origin": [25, 8, 15.5]},
			"faces": {
				"west": {"uv": [1, 7, 15, 9], "texture": "#1", "cullface": "west"},
				"up": {"uv": [15, 7, 1, 8], "rotation": 270, "texture": "#1"},
				"down": {"uv": [15, 8, 1, 9], "rotation": 90, "texture": "#1"}
			}
		},
		{
			"from": [1, 14.25, 14],
			"to": [14.99, 15.5, 15],
			"faces": {
				"north": {"uv": [1, 14, 15, 15], "texture": "#2"},
				"east": {"uv": [0, 0, 1, 1], "texture": "#missing"},
				"west": {"uv": [0, 0, 1, 1], "texture": "#missing"},
				"up": {"uv": [1, 14, 15, 15], "texture": "#2"},
				"down": {"uv": [0, 0, 14, 1], "texture": "#missing"}
			}
		},
		{
			"from": [2, 7.65, 0.3],
			"to": [3, 9.75, 0.55],
			"rotation": {"angle": -22.5, "axis": "x", "origin": [2.5, 9, 0.125]},
			"faces": {
				"north": {"uv": [13, 6, 14, 7.85], "texture": "#0", "cullface": "north"},
				"east": {"uv": [13, 6, 14, 7.85], "texture": "#0", "cullface": "north"},
				"south": {"uv": [13, 6, 14, 7.85], "texture": "#0", "cullface": "north"},
				"west": {"uv": [13, 6, 14, 7.85], "texture": "#0", "cullface": "north"},
				"up": {"uv": [13, 6, 14, 6.85], "texture": "#0", "cullface": "north"}
			}
		},
		{
			"from": [4, 7.65, 0.3],
			"to": [5, 9.75, 0.55],
			"rotation": {"angle": -22.5, "axis": "x", "origin": [2.5, 9, 0.125]},
			"faces": {
				"north": {"uv": [13, 6, 14, 7.85], "texture": "#0", "cullface": "north"},
				"east": {"uv": [13, 6, 14, 7.85], "texture": "#0", "cullface": "north"},
				"south": {"uv": [13, 6, 14, 7.85], "texture": "#0", "cullface": "north"},
				"west": {"uv": [13, 6, 14, 7.85], "texture": "#0", "cullface": "north"},
				"up": {"uv": [13, 6, 14, 6.85], "texture": "#0", "cullface": "north"}
			}
		},
		{
			"from": [6, 7.65, 0.3],
			"to": [7, 9.75, 0.55],
			"rotation": {"angle": -22.5, "axis": "x", "origin": [2.5, 9, 0.125]},
			"faces": {
				"north": {"uv": [13, 6, 14, 7.85], "texture": "#0", "cullface": "north"},
				"east": {"uv": [13, 6, 14, 7.85], "texture": "#0", "cullface": "north"},
				"south": {"uv": [13, 6, 14, 7.85], "texture": "#0", "cullface": "north"},
				"west": {"uv": [13, 6, 14, 7.85], "texture": "#0", "cullface": "north"},
				"up": {"uv": [13, 6, 14, 6.85], "texture": "#0", "cullface": "north"}
			}
		},
		{
			"from": [8, 7.65, 0.3],
			"to": [9, 9.75, 0.55],
			"rotation": {"angle": -22.5, "axis": "x", "origin": [2.5, 9, 0.125]},
			"faces": {
				"north": {"uv": [13, 6, 14, 7.85], "texture": "#0", "cullface": "north"},
				"east": {"uv": [13, 6, 14, 7.85], "texture": "#0", "cullface": "north"},
				"south": {"uv": [13, 6, 14, 7.85], "texture": "#0", "cullface": "north"},
				"west": {"uv": [13, 6, 14, 7.85], "texture": "#0", "cullface": "north"},
				"up": {"uv": [13, 6, 14, 6.85], "texture": "#0", "cullface": "north"}
			}
		},
		{
			"from": [10, 7.65, 0.3],
			"to": [11, 9.75, 0.55],
			"rotation": {"angle": -22.5, "axis": "x", "origin": [2.5, 9, 0.125]},
			"faces": {
				"north": {"uv": [13, 6, 14, 7.85], "texture": "#0", "cullface": "north"},
				"east": {"uv": [13, 6, 14, 7.85], "texture": "#0", "cullface": "north"},
				"south": {"uv": [13, 6, 14, 7.85], "texture": "#0", "cullface": "north"},
				"west": {"uv": [13, 6, 14, 7.85], "texture": "#0", "cullface": "north"},
				"up": {"uv": [13, 6, 14, 6.85], "texture": "#0", "cullface": "north"}
			}
		},
		{
			"from": [12, 7.65, 0.3],
			"to": [13, 9.75, 0.55],
			"rotation": {"angle": -22.5, "axis": "x", "origin": [2.5, 9, 0.125]},
			"faces": {
				"north": {"uv": [13, 6, 14, 7.85], "texture": "#0", "cullface": "north"},
				"east": {"uv": [13, 6, 14, 7.85], "texture": "#0", "cullface": "north"},
				"south": {"uv": [13, 6, 14, 7.85], "texture": "#0", "cullface": "north"},
				"west": {"uv": [13, 6, 14, 7.85], "texture": "#0", "cullface": "north"},
				"up": {"uv": [13, 6, 14, 6.85], "texture": "#0", "cullface": "north"}
			}
		},
		{
			"from": [14, 7.65, 0.3],
			"to": [15, 9.75, 0.55],
			"rotation": {"angle": -22.5, "axis": "x", "origin": [2.5, 9, 0.125]},
			"faces": {
				"north": {"uv": [13, 6, 14, 7.85], "texture": "#0", "cullface": "north"},
				"east": {"uv": [13, 6, 14, 7.85], "texture": "#0", "cullface": "north"},
				"south": {"uv": [13, 6, 14, 7.85], "texture": "#0", "cullface": "north"},
				"west": {"uv": [13, 6, 14, 7.85], "texture": "#0", "cullface": "north"},
				"up": {"uv": [13, 6, 14, 6.85], "texture": "#0", "cullface": "north"}
			}
		},
		{
			"from": [2, 15, 0],
			"to": [3, 15.25, 14],
			"faces": {
				"north": {"uv": [9, 1, 9, 1], "texture": "#0"},
				"east": {"uv": [2, 0, 3, 14], "rotation": 90, "texture": "#2"},
				"west": {"uv": [2, 14, 3, 0], "rotation": 90, "texture": "#2"},
				"up": {"uv": [2, 0, 3, 14], "texture": "#2"},
				"down": {"uv": [2, 0, 3, 14], "texture": "#2"}
			}
		},
		{
			"from": [4, 15, 0],
			"to": [5, 15.25, 14],
			"faces": {
				"north": {"uv": [2, 0, 3, 0], "texture": "#2"},
				"east": {"uv": [2, 0, 3, 14], "rotation": 90, "texture": "#2"},
				"west": {"uv": [2, 14, 3, 0], "rotation": 90, "texture": "#2"},
				"up": {"uv": [4, 0, 5, 14], "texture": "#2"},
				"down": {"uv": [2, 0, 3, 14], "texture": "#2"}
			}
		},
		{
			"from": [6, 15, 0],
			"to": [7, 15.25, 14],
			"faces": {
				"north": {"uv": [9, 1, 9, 1], "texture": "#0"},
				"east": {"uv": [2, 0, 3, 14], "rotation": 90, "texture": "#2"},
				"west": {"uv": [2, 14, 3, 0], "rotation": 90, "texture": "#2"},
				"up": {"uv": [6, 0, 7, 14], "texture": "#2"},
				"down": {"uv": [2, 0, 3, 14], "texture": "#2"}
			}
		},
		{
			"from": [8, 15, 0],
			"to": [9, 15.25, 14],
			"faces": {
				"north": {"uv": [9, 1, 9, 1], "texture": "#0"},
				"east": {"uv": [2, 0, 3, 14], "rotation": 90, "texture": "#2"},
				"west": {"uv": [2, 14, 3, 0], "rotation": 90, "texture": "#2"},
				"up": {"uv": [8, 0, 9, 14], "texture": "#2"},
				"down": {"uv": [2, 0, 3, 14], "texture": "#2"}
			}
		},
		{
			"from": [10, 15, 0],
			"to": [11, 15.25, 14],
			"faces": {
				"north": {"uv": [9, 1, 9, 1], "texture": "#0"},
				"east": {"uv": [2, 0, 3, 14], "rotation": 90, "texture": "#2"},
				"west": {"uv": [2, 14, 3, 0], "rotation": 90, "texture": "#2"},
				"up": {"uv": [10, 0, 11, 14], "texture": "#2"},
				"down": {"uv": [2, 0, 3, 14], "texture": "#2"}
			}
		},
		{
			"from": [12, 15, 0],
			"to": [13, 15.25, 14],
			"faces": {
				"north": {"uv": [9, 1, 9, 1], "texture": "#0"},
				"east": {"uv": [2, 0, 3, 14], "rotation": 90, "texture": "#2"},
				"west": {"uv": [2, 14, 3, 0], "rotation": 90, "texture": "#2"},
				"up": {"uv": [12, 0, 13, 14], "texture": "#2"},
				"down": {"uv": [2, 0, 3, 14], "texture": "#2"}
			}
		},
		{
			"from": [14, 15, 0],
			"to": [15, 15.25, 14],
			"faces": {
				"north": {"uv": [9, 1, 9, 1], "texture": "#0"},
				"south": {"uv": [2, 14, 3, 14], "texture": "#2"},
				"west": {"uv": [2, 14, 3, 0], "rotation": 90, "texture": "#2"},
				"up": {"uv": [14, 0, 15, 14], "texture": "#2"},
				"down": {"uv": [2, 0, 3, 14], "texture": "#2"}
			}
		},
		{
			"from": [2, 9.75, 0],
			"to": [3, 15, 0.25],
			"faces": {
				"north": {"uv": [13, 1, 14, 6.25], "texture": "#0", "cullface": "north"},
				"east": {"uv": [13, 1, 14, 6.25], "texture": "#0", "cullface": "north"},
				"south": {"uv": [13, 1, 14, 6.25], "texture": "#0", "cullface": "north"},
				"west": {"uv": [13, 1, 14, 6.25], "texture": "#0", "cullface": "north"},
				"down": {"uv": [13, 6, 14, 6.25], "texture": "#0", "cullface": "north"}
			}
		},
		{
			"from": [6, 9.75, 0],
			"to": [7, 15, 0.25],
			"faces": {
				"north": {"uv": [13, 1, 14, 6.25], "texture": "#0", "cullface": "north"},
				"east": {"uv": [13, 1, 14, 6.25], "texture": "#0", "cullface": "north"},
				"south": {"uv": [13, 1, 14, 6.25], "texture": "#0", "cullface": "north"},
				"west": {"uv": [13, 1, 14, 6.25], "texture": "#0", "cullface": "north"},
				"down": {"uv": [13, 6, 14, 6.25], "texture": "#0", "cullface": "north"}
			}
		},
		{
			"from": [8, 9.75, 0],
			"to": [9, 15, 0.25],
			"faces": {
				"north": {"uv": [13, 1, 14, 6.25], "texture": "#0", "cullface": "north"},
				"east": {"uv": [13, 1, 14, 6.25], "texture": "#0", "cullface": "north"},
				"south": {"uv": [13, 1, 14, 6.25], "texture": "#0", "cullface": "north"},
				"west": {"uv": [13, 1, 14, 6.25], "texture": "#0", "cullface": "north"},
				"down": {"uv": [13, 6, 14, 6.25], "texture": "#0", "cullface": "north"}
			}
		},
		{
			"from": [10, 9.75, 0],
			"to": [11, 15, 0.25],
			"faces": {
				"north": {"uv": [13, 1, 14, 6.25], "texture": "#0", "cullface": "north"},
				"east": {"uv": [13, 1, 14, 6.25], "texture": "#0", "cullface": "north"},
				"south": {"uv": [13, 1, 14, 6.25], "texture": "#0", "cullface": "north"},
				"west": {"uv": [13, 1, 14, 6.25], "texture": "#0", "cullface": "north"},
				"down": {"uv": [13, 6, 14, 6.25], "texture": "#0", "cullface": "north"}
			}
		},
		{
			"from": [12, 9.75, 0],
			"to": [13, 15, 0.25],
			"faces": {
				"north": {"uv": [13, 1, 14, 6.25], "texture": "#0", "cullface": "north"},
				"east": {"uv": [13, 1, 14, 6.25], "texture": "#0", "cullface": "north"},
				"south": {"uv": [13, 1, 14, 6.25], "texture": "#0", "cullface": "north"},
				"west": {"uv": [13, 1, 14, 6.25], "texture": "#0", "cullface": "north"},
				"down": {"uv": [13, 6, 14, 6.25], "texture": "#0", "cullface": "north"}
			}
		},
		{
			"from": [14, 9.75, 0],
			"to": [15, 15, 0.25],
			"faces": {
				"north": {"uv": [1, 1, 2, 6.25], "texture": "#0", "cullface": "north"},
				"south": {"uv": [13, 1, 14, 6.25], "texture": "#0", "cullface": "north"},
				"west": {"uv": [13, 1, 14, 6.25], "texture": "#0", "cullface": "north"},
				"down": {"uv": [13, 6, 14, 6.25], "texture": "#0", "cullface": "north"}
			}
		},
		{
			"from": [4, 9.75, 0],
			"to": [5, 15, 0.25],
			"faces": {
				"north": {"uv": [11, 1, 12, 6.25], "texture": "#0", "cullface": "north"},
				"east": {"uv": [13, 1, 14, 6.25], "texture": "#0", "cullface": "north"},
				"south": {"uv": [13, 1, 14, 6.25], "texture": "#0", "cullface": "north"},
				"west": {"uv": [13, 1, 14, 6.25], "texture": "#0", "cullface": "north"},
				"down": {"uv": [13, 6, 14, 6.25], "texture": "#0", "cullface": "north"}
			}
		}
	],
	"display": {
		"thirdperson_righthand": {
			"rotation": [75, 45, 0],
			"translation": [0, 2.5, 0],
			"scale": [0.375, 0.375, 0.375]
		},
		"thirdperson_lefthand": {
			"rotation": [75, 45, 0],
			"translation": [0, 2.5, 0],
			"scale": [0.375, 0.375, 0.375]
		},
		"firstperson_righthand": {
			"rotation": [0, 45, 0],
			"scale": [0.4, 0.4, 0.4]
		},
		"firstperson_lefthand": {
			"rotation": [0, 225, 0],
			"scale": [0.4, 0.4, 0.4]
		},
		"ground": {
			"translation": [0, 3, 0],
			"scale": [0.25, 0.25, 0.25]
		},
		"gui": {
			"rotation": [30, 225, 0],
			"scale": [0.625, 0.625, 0.625]
		},
		"fixed": {
			"scale": [0.5, 0.5, 0.5]
		}
	},
	"groups": [
		{
			"name": "group",
			"origin": [25, 8, 15.5],
			"color": 0,
			"children": [
				0,
				1,
				2,
				3,
				4,
				5,
				6,
				7,
				8,
				9,
				10,
				11,
				12,
				13,
				14,
				15,
				16,
				17,
				18,
				19,
				20,
				21,
				22,
				23,
				{
					"name": "group",
					"origin": [8, 8, 8],
					"color": 0,
					"children": [24, 25, 26, 27, 28, 29, 30]
				},
				{
					"name": "group",
					"origin": [0, 0, 0],
					"color": 0,
					"children": [31, 32, 33, 34, 35, 36, 37]
				},
				{
					"name": "group",
					"origin": [0, 0, 0],
					"color": 0,
					"children": [38, 39, 40, 41, 42, 43, 44]
				}
			]
		}
	]
}