{
	"credit": "Made with Blockbench by Valdr687",
	"parent": "minecraft:block/door_top_right",
	"textures": {
		"1": "block/doors/mangrove",
		"particle": "block/doors/mangrove",
		"top": "block/mangrove_door_top"
	},
	"elements": [
		{
			"from": [0, 0, 0],
			"to": [3, 16, 16],
			"faces": {
				"north": {"uv": [9, 0, 6, 16], "texture": "#1", "cullface": "north"},
				"east": {"uv": [0, 0, 16, 16], "texture": "#top"},
				"south": {"uv": [9, 0, 6, 16], "texture": "#1", "cullface": "south"},
				"west": {"uv": [16, 0, 0, 16], "texture": "#top", "cullface": "west"},
				"up": {"uv": [0, 0, 3, 16], "rotation": 180, "texture": "#1", "cullface": "up"},
				"down": {"uv": [0, 0, 3, 16], "texture": "#1"}
			}
		},
		{
			"from": [3.5, 0, 3],
			"to": [4, 3, 4],
			"faces": {
				"north": {"uv": [10, 1, 10.5, 4], "texture": "#1"},
				"east": {"uv": [10, 1, 11, 4], "texture": "#1"},
				"south": {"uv": [10, 1, 10.5, 4], "texture": "#1"},
				"west": {"uv": [10, 1, 11, 4], "texture": "#1"},
				"up": {"uv": [10, 1, 10.5, 2], "texture": "#1"},
				"down": {"uv": [10, 1, 10.5, 2], "texture": "#1"}
			}
		},
		{
			"from": [3, 2, 3],
			"to": [3.5, 3, 4],
			"faces": {
				"north": {"uv": [10, 1, 10.5, 2], "texture": "#1"},
				"south": {"uv": [10, 1, 10.5, 2], "texture": "#1"},
				"up": {"uv": [10, 1, 10.5, 2], "texture": "#1"},
				"down": {"uv": [10, 1, 10.5, 2], "texture": "#1"}
			}
		},
		{
			"from": [-0.5, 2, 3],
			"to": [0, 3, 4],
			"rotation": {"angle": 0, "axis": "y", "origin": [-0.5, 2, 2.5]},
			"faces": {
				"north": {"uv": [10, 1, 10.5, 2], "texture": "#1"},
				"south": {"uv": [10, 1, 10.5, 2], "texture": "#1"},
				"up": {"uv": [10, 1, 10.5, 2], "rotation": 180, "texture": "#1"},
				"down": {"uv": [10, 1, 10.5, 2], "rotation": 180, "texture": "#1"}
			}
		},
		{
			"from": [-1, 0, 3],
			"to": [-0.5, 3, 4],
			"rotation": {"angle": 0, "axis": "y", "origin": [-0.5, 2, 2.5]},
			"faces": {
				"north": {"uv": [10, 1, 10.5, 4], "texture": "#1"},
				"east": {"uv": [10, 1, 11, 4], "texture": "#1"},
				"south": {"uv": [10, 1, 10.5, 4], "texture": "#1"},
				"west": {"uv": [10, 1, 11, 4], "texture": "#1"},
				"up": {"uv": [10, 1, 10.5, 2], "rotation": 180, "texture": "#1"},
				"down": {"uv": [10, 1, 10.5, 2], "rotation": 180, "texture": "#1"}
			}
		}
	]
}