{
	"credit": "Made with Blockbench by Valdr687",
	"ambientocclusion": false,
	"textures": {
		"particle": "block/mangrove_propagule",
		"sapling": "block/mangrove_propagule"
	},
	"elements": [
		{
			"name": "leaves",
			"from": [4.5, 9, 8],
			"to": [11.5, 15, 8],
			"rotation": {"angle": 45, "axis": "y", "origin": [8, 0, 8], "rescale": true},
			"faces": {
				"north": {"uv": [4, 1, 11, 7], "texture": "#sapling"},
				"south": {"uv": [4, 1, 11, 7], "texture": "#sapling"}
			}
		},
		{
			"name": "leaves",
			"from": [8, 9, 4.5],
			"to": [8, 15, 11.5],
			"rotation": {"angle": 45, "axis": "y", "origin": [8, 0, 8], "rescale": true},
			"faces": {
				"east": {"uv": [4, 1, 11, 7], "texture": "#sapling"},
				"west": {"uv": [4, 1, 11, 7], "texture": "#sapling"}
			}
		},
		{
			"from": [7, 0, 7],
			"to": [9, 9, 9],
			"rotation": {"angle": 45, "axis": "y", "origin": [8, 0.5, 8], "rescale": true},
			"faces": {
				"north": {"uv": [7, 7, 9, 16], "texture": "#sapling"},
				"east": {"uv": [7, 7, 9, 16], "texture": "#sapling"},
				"south": {"uv": [7, 7, 9, 16], "texture": "#sapling"},
				"west": {"uv": [7, 7, 9, 16], "texture": "#sapling"},
				"up": {"uv": [7, 7, 9, 9], "texture": "#sapling"},
				"down": {"uv": [7, 14, 9, 16], "texture": "#sapling"}
			}
		},
		{
			"from": [7.5, 9, 7.5],
			"to": [8.5, 12, 8.5],
			"rotation": {"angle": 45, "axis": "y", "origin": [8, 0.5, 8], "rescale": true},
			"faces": {
				"north": {"uv": [7, 4, 8, 7], "texture": "#sapling"},
				"east": {"uv": [7, 4, 8, 7], "texture": "#sapling"},
				"south": {"uv": [7, 4, 8, 7], "texture": "#sapling"},
				"west": {"uv": [7, 4, 8, 7], "texture": "#sapling"},
				"up": {"uv": [7, 4, 8, 5], "texture": "#sapling"}
			}
		}
	]
}