{
	"credit": "Made with Blockbench by Valdr687",
	"parent": "minecraft:block/door_top_left_open",
	"textures": {
		"4": "block/doors/mangrove",
		"top": "block/mangrove_door_top"
	},
	"elements": [
		{
			"from": [0, 0, 0],
			"to": [3, 16, 16],
			"faces": {
				"north": {"uv": [3, 0, 6, 16], "texture": "#4"},
				"east": {"uv": [0, 0, 16, 16], "texture": "#top"},
				"south": {"uv": [3, 0, 6, 16], "texture": "#4"},
				"west": {"uv": [16, 0, 0, 16], "texture": "#top"},
				"up": {"uv": [0, 0, 3, 16], "texture": "#4"},
				"down": {"uv": [0, 0, 3, 16], "texture": "#4"}
			}
		},
		{
			"from": [3, 2, 3],
			"to": [3.5, 3, 4],
			"rotation": {"angle": 0, "axis": "x", "origin": [1.5, 14, 3.5]},
			"faces": {
				"north": {"uv": [10, 1, 10.5, 2], "rotation": 180, "texture": "#4"},
				"south": {"uv": [10, 1, 10.5, 2], "rotation": 180, "texture": "#4"},
				"up": {"uv": [10, 1, 10.5, 2], "texture": "#4"},
				"down": {"uv": [10, 1, 10.5, 2], "texture": "#4"}
			}
		},
		{
			"from": [3.5, 0, 3],
			"to": [4, 3, 4],
			"rotation": {"angle": 0, "axis": "x", "origin": [1.5, 14, 3.5]},
			"faces": {
				"north": {"uv": [10, 1, 10.5, 2], "rotation": 180, "texture": "#4"},
				"east": {"uv": [10, 1, 11, 2], "rotation": 180, "texture": "#4"},
				"south": {"uv": [10, 1, 10.5, 2], "rotation": 180, "texture": "#4"},
				"west": {"uv": [10, 1, 11, 2], "rotation": 180, "texture": "#4"},
				"up": {"uv": [10, 1, 10.5, 2], "texture": "#4"},
				"down": {"uv": [10, 1, 10.5, 2], "texture": "#4"}
			}
		},
		{
			"from": [-0.5, 2, 3],
			"to": [0, 3, 4],
			"rotation": {"angle": 0, "axis": "x", "origin": [1.5, 14, 3.5]},
			"faces": {
				"north": {"uv": [10, 1, 10.5, 2], "rotation": 180, "texture": "#4"},
				"south": {"uv": [10, 1, 10.5, 2], "rotation": 180, "texture": "#4"},
				"up": {"uv": [10, 1, 10.5, 2], "rotation": 180, "texture": "#4"},
				"down": {"uv": [10, 1, 10.5, 2], "rotation": 180, "texture": "#4"}
			}
		},
		{
			"from": [-1, 0, 3],
			"to": [-0.5, 3, 4],
			"rotation": {"angle": 0, "axis": "x", "origin": [1.5, 14, 3.5]},
			"faces": {
				"north": {"uv": [10, 1, 10.5, 2], "rotation": 180, "texture": "#4"},
				"east": {"uv": [10, 1, 11, 2], "rotation": 180, "texture": "#4"},
				"south": {"uv": [10, 1, 10.5, 2], "rotation": 180, "texture": "#4"},
				"west": {"uv": [10, 1, 11, 2], "rotation": 180, "texture": "#4"},
				"up": {"uv": [10, 1, 10.5, 2], "rotation": 180, "texture": "#4"},
				"down": {"uv": [10, 1, 10.5, 2], "rotation": 180, "texture": "#4"}
			}
		}
	]
}