{
	"credit": "Made with Blockbench by Valdr687",
	"parent": "minecraft:block/template_orientable_trapdoor_bottom",
	"ambientocclusion": false,
	"textures": {
		"3": "block/doors/mangrove",
		"particle": "block/mangrove_trapdoor",
		"texture": "block/mangrove_trapdoor"
	},
	"elements": [
		{
			"from": [0, 0, 0],
			"to": [16, 3, 5],
			"rotation": {"angle": 0, "axis": "y", "origin": [8, 14.5, 8]},
			"faces": {
				"north": {"uv": [0, 0, 3, 16], "rotation": 90, "texture": "#3"},
				"east": {"uv": [0, 5, 3, 0], "rotation": 270, "texture": "#3"},
				"south": {"uv": [0, 0, 3, 16], "rotation": 90, "texture": "#3"},
				"west": {"uv": [0, 11, 3, 16], "rotation": 90, "texture": "#3"},
				"up": {"uv": [16, 11, 0, 16], "rotation": 180, "texture": "#texture"},
				"down": {"uv": [0, 11, 16, 16], "texture": "#texture"}
			}
		},
		{
			"from": [0, 0, 11],
			"to": [16, 3, 16],
			"rotation": {"angle": 0, "axis": "y", "origin": [8, 14.5, 8]},
			"faces": {
				"north": {"uv": [0, 0, 3, 16], "rotation": 90, "texture": "#3"},
				"east": {"uv": [0, 16, 3, 11], "rotation": 270, "texture": "#3"},
				"south": {"uv": [0, 0, 3, 16], "rotation": 90, "texture": "#3"},
				"west": {"uv": [0, 0, 3, 5], "rotation": 90, "texture": "#3"},
				"up": {"uv": [16, 0, 0, 5], "rotation": 180, "texture": "#texture"},
				"down": {"uv": [0, 0, 16, 5], "texture": "#texture"}
			}
		},
		{
			"from": [0, 0, 5],
			"to": [5, 3, 11],
			"faces": {
				"east": {"uv": [0, 5, 3, 11], "rotation": 90, "texture": "#3"},
				"west": {"uv": [0, 5, 3, 11], "rotation": 90, "texture": "#3"},
				"up": {"uv": [11, 5, 16, 11], "texture": "#texture"},
				"down": {"uv": [11, 5, 16, 11], "texture": "#texture"}
			}
		},
		{
			"from": [11, 0, 5],
			"to": [16, 3, 11],
			"faces": {
				"east": {"uv": [0, 5, 3, 11], "rotation": 90, "texture": "#3"},
				"west": {"uv": [0, 5, 3, 11], "rotation": 90, "texture": "#3"},
				"up": {"uv": [0, 5, 5, 11], "texture": "#texture"},
				"down": {"uv": [0, 5, 5, 11], "texture": "#texture"}
			}
		},
		{
			"from": [5, 0, 5],
			"to": [6, 3, 6],
			"faces": {
				"east": {"uv": [0, 7, 3, 8], "rotation": 90, "texture": "#3"},
				"south": {"uv": [0, 7, 3, 8], "rotation": 90, "texture": "#3"},
				"up": {"uv": [10, 5, 11, 6], "texture": "#texture"},
				"down": {"uv": [10, 5, 11, 6], "texture": "#texture"}
			}
		},
		{
			"from": [10, 0, 5],
			"to": [11, 3, 6],
			"faces": {
				"south": {"uv": [0, 7, 3, 8], "rotation": 90, "texture": "#3"},
				"west": {"uv": [0, 7, 3, 8], "rotation": 90, "texture": "#3"},
				"up": {"uv": [5, 5, 6, 6], "texture": "#texture"},
				"down": {"uv": [5, 5, 6, 6], "texture": "#texture"}
			}
		},
		{
			"from": [10, 0, 10],
			"to": [11, 3, 11],
			"faces": {
				"north": {"uv": [0, 7, 3, 8], "rotation": 90, "texture": "#3"},
				"west": {"uv": [0, 7, 3, 8], "rotation": 90, "texture": "#3"},
				"up": {"uv": [5, 5, 6, 6], "texture": "#texture"},
				"down": {"uv": [5, 5, 6, 6], "texture": "#texture"}
			}
		},
		{
			"from": [5, 0, 10],
			"to": [6, 3, 11],
			"faces": {
				"north": {"uv": [0, 7, 3, 8], "rotation": 90, "texture": "#3"},
				"east": {"uv": [0, 7, 3, 8], "rotation": 90, "texture": "#3"},
				"up": {"uv": [10, 5, 11, 6], "texture": "#texture"},
				"down": {"uv": [10, 5, 11, 6], "texture": "#texture"}
			}
		}
	]
}