{
	"credit": "Made with Blockbench by Valdr687",
	"textures": {
		"0": "block/medium_amethyst_bud",
		"particle": "block/medium_amethyst_bud"
	},
	"elements": [
		{
			"from": [6, 0, 7],
			"to": [9, 6, 10],
			"faces": {
				"north": {"uv": [7, 10, 10, 16], "texture": "#0"},
				"east": {"uv": [7, 10, 10, 16], "texture": "#0"},
				"south": {"uv": [7, 10, 10, 16], "texture": "#0"},
				"west": {"uv": [7, 10, 10, 16], "texture": "#0"},
				"up": {"uv": [7, 10, 10, 13], "texture": "#0"},
				"down": {"uv": [7, 13, 10, 16], "texture": "#0"}
			}
		},
		{
			"from": [4, 0, 5],
			"to": [6, 4, 7],
			"faces": {
				"north": {"uv": [3, 12, 5, 16], "texture": "#0"},
				"east": {"uv": [3, 12, 5, 16], "texture": "#0"},
				"south": {"uv": [3, 12, 5, 16], "texture": "#0"},
				"west": {"uv": [3, 12, 5, 16], "texture": "#0"},
				"up": {"uv": [3, 12, 5, 14], "texture": "#0"},
				"down": {"uv": [3, 14, 5, 16], "texture": "#0"}
			}
		},
		{
			"from": [8, 0, 6],
			"to": [10, 4, 8],
			"faces": {
				"north": {"uv": [11, 12, 13, 16], "texture": "#0"},
				"east": {"uv": [11, 12, 13, 16], "texture": "#0"},
				"south": {"uv": [11, 12, 13, 16], "texture": "#0"},
				"west": {"uv": [11, 12, 13, 16], "texture": "#0"},
				"up": {"uv": [11, 12, 13, 14], "texture": "#0"},
				"down": {"uv": [11, 14, 13, 16], "texture": "#0"}
			}
		},
		{
			"from": [5, 0, 9],
			"to": [7, 4, 11],
			"faces": {
				"north": {"uv": [11, 12, 13, 16], "texture": "#0"},
				"east": {"uv": [11, 12, 13, 16], "texture": "#0"},
				"south": {"uv": [11, 12, 13, 16], "texture": "#0"},
				"west": {"uv": [11, 12, 13, 16], "texture": "#0"},
				"up": {"uv": [11, 12, 13, 14], "texture": "#0"},
				"down": {"uv": [11, 14, 13, 16], "texture": "#0"}
			}
		},
		{
			"from": [9, 0, 10],
			"to": [10, 2, 11],
			"faces": {
				"north": {"uv": [7, 12, 8, 14], "texture": "#0"},
				"east": {"uv": [7, 12, 8, 14], "texture": "#0"},
				"south": {"uv": [7, 12, 8, 14], "texture": "#0"},
				"west": {"uv": [7, 12, 8, 14], "texture": "#0"},
				"up": {"uv": [7, 12, 8, 13], "texture": "#0"},
				"down": {"uv": [7, 12, 8, 13], "texture": "#0"}
			}
		}
	]
}