{
	"credit": "Made with Blockbench by Valdr687",
	"parent": "minecraft:block/stem_growth7",
	"textures": {
		"0": "block/melon_stem",
		"particle": "block/melon_stem"
	},
	"elements": [
		{
			"from": [6.975, -7, 4.975],
			"to": [9, 4, 11],
			"rotation": {"angle": 0, "axis": "y", "origin": [8, -1.5, 8]},
			"faces": {
				"north": {"uv": [0, 0, 0, 0], "texture": "#0"},
				"east": {"uv": [5, 5, 11, 16], "texture": "#0", "tintindex": 0},
				"south": {"uv": [0, 0, 0, 0], "texture": "#0"},
				"west": {"uv": [5, 5, 11, 16], "texture": "#0", "tintindex": 0},
				"up": {"uv": [0, 0, 0, 0], "texture": "#0"},
				"down": {"uv": [0, 0, 0, 0], "texture": "#0"}
			}
		},
		{
			"from": [4.975, -7, 6.975],
			"to": [11, 4, 9],
			"rotation": {"angle": 0, "axis": "y", "origin": [8, -1.5, 8]},
			"faces": {
				"north": {"uv": [5, 5, 11, 16], "texture": "#0", "tintindex": 0},
				"east": {"uv": [0, 0, 0, 0], "texture": "#0"},
				"south": {"uv": [5, 5, 11, 16], "texture": "#0", "tintindex": 0},
				"west": {"uv": [0, 0, 0, 0], "texture": "#0"},
				"up": {"uv": [5, 14, 11, 16], "texture": "#0", "tintindex": 0},
				"down": {"uv": [5, 14, 11, 16], "texture": "#0", "tintindex": 0}
			}
		},
		{
			"from": [8.975, 5, 6.975],
			"to": [10, 8, 9],
			"rotation": {"angle": 0, "axis": "y", "origin": [9.5, 6.5, 8]},
			"faces": {
				"north": {"uv": [6, 1, 7, 4], "texture": "#0", "tintindex": 0},
				"east": {"uv": [7, 13, 9, 16], "texture": "#0", "tintindex": 0},
				"south": {"uv": [7, 1, 6, 4], "texture": "#0", "tintindex": 0},
				"west": {"uv": [7, 5, 9, 8], "texture": "#0", "tintindex": 0},
				"up": {"uv": [6, 1, 7, 3], "texture": "#0", "tintindex": 0},
				"down": {"uv": [6, 2, 7, 4], "texture": "#0", "tintindex": 0}
			}
		},
		{
			"from": [7.975, 4, 6.975],
			"to": [9, 7, 9],
			"rotation": {"angle": 0, "axis": "y", "origin": [8.5, 5.5, 8]},
			"faces": {
				"north": {"uv": [7, 2, 8, 5], "texture": "#0", "tintindex": 0},
				"east": {"uv": [7, 13, 9, 16], "texture": "#0", "tintindex": 0},
				"south": {"uv": [7, 2, 8, 5], "texture": "#0", "tintindex": 0},
				"west": {"uv": [7, 13, 9, 16], "texture": "#0", "tintindex": 0},
				"up": {"uv": [7, 2, 8, 4], "texture": "#0", "tintindex": 0}
			}
		}
	]
}