{
	"credit": "Made with Blockbench by Valdr687",
	"textures": {
		"0": "block/dirt",
		"1": "block/farmland_moist",
		"particle": "block/dirt"
	},
	"elements": [
		{
			"from": [0, 0, 0],
			"to": [16, 14, 16],
			"faces": {
				"north": {"uv": [0, 2, 16, 16], "texture": "#0", "cullface": "north"},
				"east": {"uv": [0, 2, 16, 16], "texture": "#0", "cullface": "east"},
				"south": {"uv": [0, 2, 16, 16], "texture": "#0", "cullface": "south"},
				"west": {"uv": [0, 2, 16, 16], "texture": "#0", "cullface": "west"},
				"up": {"uv": [0, 0, 16, 16], "texture": "#1"},
				"down": {"uv": [0, 0, 16, 16], "texture": "#0", "cullface": "down"}
			}
		},
		{
			"from": [9, 13.5, 4.025],
			"to": [10, 14.5, 6.975],
			"rotation": {"angle": 45, "axis": "z", "origin": [9.5, 14, 4.5]},
			"color": 8,
			"faces": {
				"north": {"uv": [0, 0, 1, 1], "texture": "#missing"},
				"east": {"uv": [0, 0, 2.95, 1], "texture": "#missing"},
				"south": {"uv": [0, 0, 1, 1], "texture": "#missing"},
				"west": {"uv": [0, 0, 2.95, 1], "texture": "#missing"},
				"up": {"uv": [0, 0, 1, 2.95], "texture": "#missing"},
				"down": {"uv": [0, 0, 1, 2.95], "texture": "#missing"}
			}
		},
		{
			"from": [9.5, 13.5, 7.025],
			"to": [10.5, 14.5, 9.975],
			"rotation": {"angle": 45, "axis": "z", "origin": [10, 14, 7.5]},
			"color": 8,
			"faces": {
				"north": {"uv": [0, 0, 1, 1], "texture": "#missing"},
				"east": {"uv": [0, 0, 2.95, 1], "texture": "#missing"},
				"south": {"uv": [0, 0, 1, 1], "texture": "#missing"},
				"west": {"uv": [0, 0, 2.95, 1], "texture": "#missing"},
				"up": {"uv": [0, 0, 1, 2.95], "texture": "#missing"},
				"down": {"uv": [0, 0, 1, 2.95], "texture": "#missing"}
			}
		},
		{
			"from": [10, 13.5, 10.025],
			"to": [11, 14.5, 12.975],
			"rotation": {"angle": 45, "axis": "z", "origin": [10.5, 14, 10.5]},
			"color": 8,
			"faces": {
				"north": {"uv": [0, 0, 1, 1], "texture": "#missing"},
				"east": {"uv": [0, 0, 2.95, 1], "texture": "#missing"},
				"south": {"uv": [0, 0, 1, 1], "texture": "#missing"},
				"west": {"uv": [0, 0, 2.95, 1], "texture": "#missing"},
				"up": {"uv": [0, 0, 1, 2.95], "texture": "#missing"},
				"down": {"uv": [0, 0, 1, 2.95], "texture": "#missing"}
			}
		},
		{
			"from": [9, 13.5, 13.025],
			"to": [10, 14.5, 15.975],
			"rotation": {"angle": 45, "axis": "z", "origin": [9.5, 14, 13.5]},
			"color": 8,
			"faces": {
				"north": {"uv": [0, 0, 1, 1], "texture": "#missing"},
				"east": {"uv": [0, 0, 2.95, 1], "texture": "#missing"},
				"south": {"uv": [0, 0, 1, 1], "texture": "#missing"},
				"west": {"uv": [0, 0, 2.95, 1], "texture": "#missing"},
				"up": {"uv": [0, 0, 1, 2.95], "texture": "#missing"},
				"down": {"uv": [0, 0, 1, 2.95], "texture": "#missing"}
			}
		},
		{
			"from": [5, 13.5, 7.025],
			"to": [6, 14.5, 9.975],
			"rotation": {"angle": 45, "axis": "z", "origin": [5.5, 14, 7.5]},
			"color": 8,
			"faces": {
				"north": {"uv": [0, 0, 1, 1], "texture": "#missing"},
				"east": {"uv": [0, 0, 2.95, 1], "texture": "#missing"},
				"south": {"uv": [0, 0, 1, 1], "texture": "#missing"},
				"west": {"uv": [0, 0, 2.95, 1], "texture": "#missing"},
				"up": {"uv": [0, 0, 1, 2.95], "texture": "#missing"},
				"down": {"uv": [0, 0, 1, 2.95], "texture": "#missing"}
			}
		},
		{
			"from": [6, 13.5, 10.025],
			"to": [7, 14.5, 12.975],
			"rotation": {"angle": 45, "axis": "z", "origin": [6.5, 14, 10.5]},
			"color": 8,
			"faces": {
				"north": {"uv": [0, 0, 1, 1], "texture": "#missing"},
				"east": {"uv": [0, 0, 2.95, 1], "texture": "#missing"},
				"south": {"uv": [0, 0, 1, 1], "texture": "#missing"},
				"west": {"uv": [0, 0, 2.95, 1], "texture": "#missing"},
				"up": {"uv": [0, 0, 1, 2.95], "texture": "#missing"},
				"down": {"uv": [0, 0, 1, 2.95], "texture": "#missing"}
			}
		},
		{
			"from": [5, 13.5, 13.025],
			"to": [6, 14.5, 15.975],
			"rotation": {"angle": 45, "axis": "z", "origin": [5.5, 14, 13.5]},
			"color": 8,
			"faces": {
				"north": {"uv": [0, 0, 1, 1], "texture": "#missing"},
				"east": {"uv": [0, 0, 2.95, 1], "texture": "#missing"},
				"south": {"uv": [0, 0, 1, 1], "texture": "#missing"},
				"west": {"uv": [0, 0, 2.95, 1], "texture": "#missing"},
				"up": {"uv": [0, 0, 1, 2.95], "texture": "#missing"},
				"down": {"uv": [0, 0, 1, 2.95], "texture": "#missing"}
			}
		},
		{
			"from": [6, 13.5, 4.025],
			"to": [7, 14.5, 6.975],
			"rotation": {"angle": 45, "axis": "z", "origin": [6.5, 14, 4.5]},
			"color": 8,
			"faces": {
				"north": {"uv": [0, 0, 1, 1], "texture": "#missing"},
				"east": {"uv": [0, 0, 2.95, 1], "texture": "#missing"},
				"south": {"uv": [0, 0, 1, 1], "texture": "#missing"},
				"west": {"uv": [0, 0, 2.95, 1], "texture": "#missing"},
				"up": {"uv": [0, 0, 1, 2.95], "texture": "#missing"},
				"down": {"uv": [0, 0, 1, 2.95], "texture": "#missing"}
			}
		},
		{
			"from": [6.56777, 14.76777, 0],
			"to": [7.94277, 15.76777, 4],
			"rotation": {"angle": 0, "axis": "y", "origin": [7.26777, 15.76777, 2.0125]},
			"faces": {
				"north": {"uv": [7.75, 12, 9.125, 13], "texture": "#1"},
				"east": {"uv": [7.75, 12, 8.75, 16], "rotation": 90, "texture": "#1"},
				"south": {"uv": [7.75, 12, 9.125, 13], "texture": "#1"},
				"west": {"uv": [7.75, 12, 8.75, 16], "rotation": 90, "texture": "#1"},
				"up": {"uv": [7.75, 12, 9.125, 16], "texture": "#1"},
				"down": {"uv": [7.75, 12, 9.125, 16], "texture": "#1"}
			}
		},
		{
			"from": [6.06777, 13.76777, -0.025],
			"to": [8.44277, 14.76777, 4],
			"rotation": {"angle": 0, "axis": "y", "origin": [7.26777, 15.76777, 2.0125]},
			"faces": {
				"north": {"uv": [7.75, 12, 9.125, 13], "texture": "#1"},
				"east": {"uv": [7.75, 12, 8.75, 16], "rotation": 90, "texture": "#1"},
				"south": {"uv": [7.75, 12, 9.125, 13], "texture": "#1"},
				"west": {"uv": [7.75, 12, 8.75, 16], "rotation": 90, "texture": "#1"},
				"up": {"uv": [7.75, 12, 9.125, 16], "texture": "#1"},
				"down": {"uv": [7.75, 12, 9.125, 16], "texture": "#1"}
			}
		},
		{
			"from": [5, 13.5, 0.025],
			"to": [7.5, 14.5, 3.975],
			"rotation": {"angle": 45, "axis": "z", "origin": [5.5, 14, 0.5]},
			"faces": {
				"north": {"uv": [8.5, 12, 11, 13], "texture": "#1"},
				"east": {"uv": [8.5, 12, 9.5, 15.975], "rotation": 90, "texture": "#1"},
				"south": {"uv": [8.5, 12, 11, 13], "texture": "#1"},
				"west": {"uv": [9.5, 12, 10.5, 15.975], "rotation": 90, "texture": "#1"},
				"up": {"uv": [8.5, 12, 11, 15.975], "texture": "#1"},
				"down": {"uv": [8.5, 12, 11, 15.975], "texture": "#1"}
			}
		},
		{
			"from": [8.5, 13.5, 0.025],
			"to": [9.5, 16, 3.975],
			"rotation": {"angle": 45, "axis": "z", "origin": [9, 14, 0.5]},
			"faces": {
				"north": {"uv": [5, 12, 7.5, 13], "rotation": 90, "texture": "#1"},
				"east": {"uv": [5, 12, 7.5, 15.975], "rotation": 90, "texture": "#1"},
				"south": {"uv": [5, 15, 7.5, 16], "rotation": 90, "texture": "#1"},
				"west": {"uv": [5, 12, 7.5, 15.975], "rotation": 90, "texture": "#1"},
				"up": {"uv": [5, 12, 6, 15.975], "texture": "#1"},
				"down": {"uv": [5, 12, 6, 15.975], "texture": "#1"}
			}
		},
		{
			"from": [7.06777, 14.76777, 4],
			"to": [8.44277, 15.76777, 8],
			"rotation": {"angle": 0, "axis": "y", "origin": [7.76777, 15.76777, 6.0125]},
			"faces": {
				"north": {"uv": [7.75, 7, 9.125, 8], "texture": "#1"},
				"east": {"uv": [7.75, 7, 8.75, 11], "rotation": 90, "texture": "#1"},
				"south": {"uv": [7.75, 7, 9.125, 8], "texture": "#1"},
				"west": {"uv": [7.75, 7, 8.75, 11], "rotation": 90, "texture": "#1"},
				"up": {"uv": [7.75, 7, 9.125, 11], "texture": "#1"},
				"down": {"uv": [7.75, 7, 9.125, 11], "texture": "#1"}
			}
		},
		{
			"from": [6.56777, 13.76777, 3.975],
			"to": [8.94277, 14.76777, 8],
			"rotation": {"angle": 0, "axis": "y", "origin": [7.76777, 15.76777, 6.0125]},
			"faces": {
				"north": {"uv": [7.75, 7, 9.125, 8], "texture": "#1"},
				"east": {"uv": [7.75, 7, 8.75, 11], "rotation": 90, "texture": "#1"},
				"south": {"uv": [7.75, 7, 9.125, 8], "texture": "#1"},
				"west": {"uv": [7.75, 7, 8.75, 11], "rotation": 90, "texture": "#1"},
				"up": {"uv": [7.75, 7, 9.125, 11], "texture": "#1"},
				"down": {"uv": [7.75, 7, 9.125, 11], "texture": "#1"}
			}
		},
		{
			"from": [5.5, 13.5, 4.025],
			"to": [8, 14.5, 7.975],
			"rotation": {"angle": 45, "axis": "z", "origin": [6, 14, 4.5]},
			"faces": {
				"north": {"uv": [8.5, 7, 11, 8], "texture": "#1"},
				"east": {"uv": [8.5, 7, 9.5, 10.975], "rotation": 90, "texture": "#1"},
				"south": {"uv": [8.5, 7, 11, 8], "texture": "#1"},
				"west": {"uv": [9.5, 7, 10.5, 10.975], "rotation": 90, "texture": "#1"},
				"up": {"uv": [8.5, 7, 11, 10.975], "texture": "#1"},
				"down": {"uv": [8.5, 7, 11, 10.975], "texture": "#1"}
			}
		},
		{
			"from": [9, 13.5, 4.025],
			"to": [10, 16, 7.975],
			"rotation": {"angle": 45, "axis": "z", "origin": [9.5, 14, 4.5]},
			"faces": {
				"north": {"uv": [5, 7, 7.5, 8], "rotation": 90, "texture": "#1"},
				"east": {"uv": [5, 7, 7.5, 10.975], "rotation": 90, "texture": "#1"},
				"south": {"uv": [5, 10, 7.5, 11], "rotation": 90, "texture": "#1"},
				"west": {"uv": [5, 7, 7.5, 10.975], "rotation": 90, "texture": "#1"},
				"up": {"uv": [5, 7, 6, 10.975], "texture": "#1"},
				"down": {"uv": [5, 7, 6, 10.975], "texture": "#1"}
			}
		},
		{
			"from": [6.81777, 14.76777, 8],
			"to": [8.19277, 15.76777, 12],
			"rotation": {"angle": 0, "axis": "y", "origin": [7.51777, 15.76777, 10.0125]},
			"faces": {
				"north": {"uv": [7.75, 4, 9.125, 5], "texture": "#1"},
				"east": {"uv": [7.75, 4, 8.75, 8], "rotation": 90, "texture": "#1"},
				"south": {"uv": [7.75, 4, 9.125, 5], "texture": "#1"},
				"west": {"uv": [7.75, 4, 8.75, 8], "rotation": 90, "texture": "#1"},
				"up": {"uv": [7.75, 4, 9.125, 8], "texture": "#1"},
				"down": {"uv": [7.75, 4, 9.125, 8], "texture": "#1"}
			}
		},
		{
			"from": [6.31777, 13.76777, 7.975],
			"to": [8.69277, 14.76777, 12],
			"rotation": {"angle": 0, "axis": "y", "origin": [7.51777, 15.76777, 10.0125]},
			"faces": {
				"north": {"uv": [7.75, 4, 9.125, 5], "texture": "#1"},
				"east": {"uv": [7.75, 4, 8.75, 8], "rotation": 90, "texture": "#1"},
				"south": {"uv": [7.75, 4, 9.125, 5], "texture": "#1"},
				"west": {"uv": [7.75, 4, 8.75, 8], "rotation": 90, "texture": "#1"},
				"up": {"uv": [7.75, 4, 9.125, 8], "texture": "#1"},
				"down": {"uv": [7.75, 4, 9.125, 8], "texture": "#1"}
			}
		},
		{
			"from": [5.25, 13.5, 8.025],
			"to": [7.75, 14.5, 11.975],
			"rotation": {"angle": 45, "axis": "z", "origin": [5.75, 14, 8.5]},
			"faces": {
				"north": {"uv": [8.5, 4, 11, 5], "texture": "#1"},
				"east": {"uv": [8.5, 4, 9.5, 7.975], "rotation": 90, "texture": "#1"},
				"south": {"uv": [8.5, 4, 11, 5], "texture": "#1"},
				"west": {"uv": [9.5, 4, 10.5, 7.975], "rotation": 90, "texture": "#1"},
				"up": {"uv": [8.5, 4, 11, 7.975], "texture": "#1"},
				"down": {"uv": [8.5, 4, 11, 7.975], "texture": "#1"}
			}
		},
		{
			"from": [8.75, 13.5, 8.025],
			"to": [9.75, 16, 11.975],
			"rotation": {"angle": 45, "axis": "z", "origin": [9.25, 14, 8.5]},
			"faces": {
				"north": {"uv": [5, 4, 7.5, 5], "rotation": 90, "texture": "#1"},
				"east": {"uv": [5, 4, 7.5, 7.975], "rotation": 90, "texture": "#1"},
				"south": {"uv": [5, 7, 7.5, 8], "rotation": 90, "texture": "#1"},
				"west": {"uv": [5, 4, 7.5, 7.975], "rotation": 90, "texture": "#1"},
				"up": {"uv": [5, 4, 6, 7.975], "texture": "#1"},
				"down": {"uv": [5, 4, 6, 7.975], "texture": "#1"}
			}
		},
		{
			"from": [6.56777, 14.76777, 12],
			"to": [7.94277, 15.76777, 16],
			"rotation": {"angle": 0, "axis": "y", "origin": [7.26777, 15.76777, 14.0125]},
			"faces": {
				"north": {"uv": [7.75, 0, 9.125, 1], "texture": "#1"},
				"east": {"uv": [7.75, 0, 8.75, 4], "rotation": 90, "texture": "#1"},
				"south": {"uv": [7.75, 0, 9.125, 1], "texture": "#1"},
				"west": {"uv": [7.75, 0, 8.75, 4], "rotation": 90, "texture": "#1"},
				"up": {"uv": [7.75, 0, 9.125, 4], "texture": "#1"},
				"down": {"uv": [7.75, 0, 9.125, 4], "texture": "#1"}
			}
		},
		{
			"from": [6.06777, 13.76777, 11.975],
			"to": [8.44277, 14.76777, 16],
			"rotation": {"angle": 0, "axis": "y", "origin": [7.26777, 15.76777, 14.0125]},
			"faces": {
				"north": {"uv": [7.75, 0, 9.125, 1], "texture": "#1"},
				"east": {"uv": [7.75, 0, 8.75, 4], "rotation": 90, "texture": "#1"},
				"south": {"uv": [7.75, 0, 9.125, 1], "texture": "#1"},
				"west": {"uv": [7.75, 0, 8.75, 4], "rotation": 90, "texture": "#1"},
				"up": {"uv": [7.75, 0, 9.125, 4], "texture": "#1"},
				"down": {"uv": [7.75, 0, 9.125, 4], "texture": "#1"}
			}
		},
		{
			"from": [5, 13.5, 12.025],
			"to": [7.5, 14.5, 15.975],
			"rotation": {"angle": 45, "axis": "z", "origin": [5.5, 14, 12.5]},
			"faces": {
				"north": {"uv": [8.5, 0, 11, 1], "texture": "#1"},
				"east": {"uv": [8.5, 0, 9.5, 3.975], "rotation": 90, "texture": "#1"},
				"south": {"uv": [8.5, 0, 11, 1], "texture": "#1"},
				"west": {"uv": [9.5, 0, 10.5, 3.975], "rotation": 90, "texture": "#1"},
				"up": {"uv": [8.5, 0, 11, 3.975], "texture": "#1"},
				"down": {"uv": [8.5, 0, 11, 3.975], "texture": "#1"}
			}
		},
		{
			"from": [8.5, 13.5, 12.025],
			"to": [9.5, 16, 15.975],
			"rotation": {"angle": 45, "axis": "z", "origin": [9, 14, 12.5]},
			"faces": {
				"north": {"uv": [5, 0, 7.5, 1], "rotation": 90, "texture": "#1"},
				"east": {"uv": [5, 0, 7.5, 3.975], "rotation": 90, "texture": "#1"},
				"south": {"uv": [5, 3, 7.5, 4], "rotation": 90, "texture": "#1"},
				"west": {"uv": [5, 0, 7.5, 3.975], "rotation": 90, "texture": "#1"},
				"up": {"uv": [5, 0, 6, 3.975], "texture": "#1"},
				"down": {"uv": [5, 0, 6, 3.975], "texture": "#1"}
			}
		}
	],
	"groups": [
		0,
		1,
		2,
		3,
		4,
		5,
		6,
		7,
		8,
		{
			"name": "group",
			"origin": [9, 14, 0.5],
			"color": 0,
			"children": [9, 10, 11, 12]
		},
		{
			"name": "group",
			"origin": [9, 14, 0.5],
			"color": 0,
			"children": [13, 14, 15, 16]
		},
		{
			"name": "group",
			"origin": [9, 14, 0.5],
			"color": 0,
			"children": [17, 18, 19, 20]
		},
		{
			"name": "group",
			"origin": [9, 14, 0.5],
			"color": 0,
			"children": [21, 22, 23, 24]
		}
	]
}