{
	"credit": "Made with Blockbench by Valdr687",
	"textures": {
		"0": "block/nether_sprouts",
		"particle": "block/nether_sprouts"
	},
	"elements": [
		{
			"from": [3, 0, 3],
			"to": [4, 4, 4],
			"faces": {
				"north": {"uv": [9, 12, 10, 16], "texture": "#0"},
				"east": {"uv": [9, 12, 10, 16], "texture": "#0"},
				"south": {"uv": [9, 12, 10, 16], "texture": "#0"},
				"west": {"uv": [9, 12, 10, 16], "texture": "#0"},
				"up": {"uv": [9, 12, 10, 13], "texture": "#0"},
				"down": {"uv": [9, 12, 10, 13], "texture": "#0"}
			}
		},
		{
			"from": [7, 0, 9],
			"to": [8, 5, 10],
			"faces": {
				"north": {"uv": [7, 11, 8, 16], "texture": "#0"},
				"east": {"uv": [7, 11, 8, 16], "texture": "#0"},
				"south": {"uv": [7, 11, 8, 16], "texture": "#0"},
				"west": {"uv": [7, 11, 8, 16], "texture": "#0"},
				"up": {"uv": [7, 11, 8, 12], "texture": "#0"},
				"down": {"uv": [7, 11, 8, 12], "texture": "#0"}
			}
		},
		{
			"from": [12, 0, 4],
			"to": [13, 2, 5],
			"faces": {
				"north": {"uv": [14, 14, 15, 16], "texture": "#0"},
				"east": {"uv": [14, 14, 15, 16], "texture": "#0"},
				"south": {"uv": [14, 14, 15, 16], "texture": "#0"},
				"west": {"uv": [14, 14, 15, 16], "texture": "#0"},
				"up": {"uv": [14, 14, 15, 15], "texture": "#0"},
				"down": {"uv": [14, 14, 15, 15], "texture": "#0"}
			}
		},
		{
			"from": [10, 0, 12],
			"to": [11, 4, 13],
			"faces": {
				"north": {"uv": [2, 12, 3, 16], "texture": "#0"},
				"east": {"uv": [2, 12, 3, 16], "texture": "#0"},
				"south": {"uv": [2, 12, 3, 16], "texture": "#0"},
				"west": {"uv": [2, 12, 3, 16], "texture": "#0"},
				"up": {"uv": [2, 12, 3, 16], "texture": "#0"},
				"down": {"uv": [2, 12, 3, 16], "texture": "#0"}
			}
		},
		{
			"from": [4, 0, 11],
			"to": [5, 2, 12],
			"faces": {
				"north": {"uv": [5, 13, 6, 15], "texture": "#0"},
				"east": {"uv": [5, 13, 6, 15], "texture": "#0"},
				"south": {"uv": [5, 13, 6, 15], "texture": "#0"},
				"west": {"uv": [5, 13, 6, 15], "texture": "#0"},
				"up": {"uv": [5, 13, 6, 14], "texture": "#0"},
				"down": {"uv": [5, 13, 6, 14], "texture": "#0"}
			}
		},
		{
			"from": [6, 0, 6],
			"to": [7, 2, 7],
			"faces": {
				"north": {"uv": [5, 13, 4, 15], "texture": "#0"},
				"east": {"uv": [5, 13, 4, 15], "texture": "#0"},
				"south": {"uv": [5, 13, 4, 15], "texture": "#0"},
				"west": {"uv": [5, 13, 4, 15], "texture": "#0"},
				"up": {"uv": [5, 13, 4, 14], "texture": "#0"},
				"down": {"uv": [5, 13, 4, 14], "texture": "#0"}
			}
		}
	]
}