{
	"credit": "Made with Blockbench by Valdr687",
	"parent": "minecraft:block/crop",
	"textures": {
		"2": "block/nether_wart_stage2",
		"3": "block/nether_wart_top",
		"particle": "block/nether_wart_stage2",
		"crop": "block/nether_wart_stage0"
	},
	"elements": [
		{
			"from": [10, 0, 2],
			"to": [14, 8, 6],
			"faces": {
				"north": {"uv": [2, 8, 6, 16], "texture": "#3"},
				"east": {"uv": [2, 8, 6, 16], "texture": "#3"},
				"south": {"uv": [2, 8, 6, 16], "texture": "#3"},
				"west": {"uv": [2, 8, 6, 16], "texture": "#3"},
				"down": {"uv": [2, 3, 7, 7], "texture": "#3"}
			}
		},
		{
			"from": [8, 8, 1],
			"to": [16, 13, 9],
			"faces": {
				"north": {"uv": [0, 3, 8, 8], "texture": "#3"},
				"east": {"uv": [0, 3, 8, 8], "texture": "#3"},
				"south": {"uv": [0, 3, 8, 8], "texture": "#3"},
				"west": {"uv": [0, 3, 8, 8], "texture": "#3"},
				"up": {"uv": [8, 8, 16, 16], "texture": "#3"},
				"down": {"uv": [8, 8, 16, 16], "texture": "#3"}
			}
		},
		{
			"from": [2, 0, 11],
			"to": [5, 3, 14],
			"faces": {
				"north": {"uv": [10, 13, 7, 16], "texture": "#2"},
				"east": {"uv": [10, 13, 7, 16], "texture": "#2"},
				"south": {"uv": [10, 13, 7, 16], "texture": "#2"},
				"west": {"uv": [10, 13, 7, 16], "texture": "#2"},
				"down": {"uv": [10, 13, 7, 16], "texture": "#2"}
			}
		},
		{
			"from": [1, 3, 10],
			"to": [6, 6, 15],
			"faces": {
				"north": {"uv": [6, 10, 11, 13], "texture": "#2"},
				"east": {"uv": [6, 10, 11, 13], "texture": "#2"},
				"south": {"uv": [6, 10, 11, 13], "texture": "#2"},
				"west": {"uv": [6, 10, 11, 13], "texture": "#2"},
				"up": {"uv": [3, 0, 8, 5], "texture": "#crop"},
				"down": {"uv": [3, 0, 8, 5], "texture": "#crop"}
			}
		},
		{
			"from": [2, 6, 11],
			"to": [5, 7, 14],
			"faces": {
				"north": {"uv": [11, 10, 14, 11], "texture": "#crop"},
				"east": {"uv": [11, 10, 14, 11], "texture": "#crop"},
				"south": {"uv": [11, 10, 14, 11], "texture": "#crop"},
				"west": {"uv": [11, 10, 14, 11], "texture": "#crop"},
				"up": {"uv": [0, 0, 3, 3], "texture": "#crop"}
			}
		},
		{
			"from": [2, 0, 2],
			"to": [5, 4, 5],
			"faces": {
				"north": {"uv": [14, 12, 11, 16], "texture": "#2"},
				"east": {"uv": [14, 12, 11, 16], "texture": "#2"},
				"south": {"uv": [14, 12, 11, 16], "texture": "#2"},
				"west": {"uv": [14, 12, 11, 16], "texture": "#2"},
				"down": {"uv": [10, 13, 7, 16], "texture": "#2"}
			}
		},
		{
			"from": [1, 4, 1],
			"to": [6, 8, 6],
			"faces": {
				"north": {"uv": [9, 6, 14, 10], "texture": "#2"},
				"east": {"uv": [9, 6, 14, 10], "texture": "#2"},
				"south": {"uv": [9, 6, 14, 10], "texture": "#2"},
				"west": {"uv": [9, 6, 14, 10], "texture": "#2"},
				"up": {"uv": [3, 0, 8, 5], "texture": "#crop"},
				"down": {"uv": [3, 0, 8, 5], "texture": "#crop"}
			}
		},
		{
			"from": [2, 8, 2],
			"to": [5, 9, 5],
			"faces": {
				"north": {"uv": [11, 10, 14, 11], "texture": "#crop"},
				"east": {"uv": [11, 10, 14, 11], "texture": "#crop"},
				"south": {"uv": [11, 10, 14, 11], "texture": "#crop"},
				"west": {"uv": [11, 10, 14, 11], "texture": "#crop"},
				"up": {"uv": [0, 0, 3, 3], "texture": "#crop"}
			}
		},
		{
			"from": [9, 13, 2],
			"to": [15, 14, 8],
			"faces": {
				"north": {"uv": [1, 2, 7, 3], "texture": "#3"},
				"east": {"uv": [1, 2, 7, 3], "texture": "#3"},
				"south": {"uv": [1, 2, 7, 3], "texture": "#3"},
				"west": {"uv": [1, 2, 7, 3], "texture": "#3"},
				"up": {"uv": [9, 9, 15, 15], "texture": "#3"}
			}
		},
		{
			"from": [10, 4, 11],
			"to": [12, 5, 13],
			"faces": {
				"north": {"uv": [11, 10, 13, 11], "texture": "#crop"},
				"east": {"uv": [11, 10, 13, 11], "texture": "#crop"},
				"south": {"uv": [11, 10, 13, 11], "texture": "#crop"},
				"west": {"uv": [11, 10, 13, 11], "texture": "#crop"},
				"up": {"uv": [0, 0, 2, 2], "texture": "#crop"}
			}
		},
		{
			"from": [9, 2, 10],
			"to": [13, 4, 14],
			"faces": {
				"north": {"uv": [0, 5, 4, 7], "texture": "#crop"},
				"east": {"uv": [0, 5, 4, 7], "texture": "#crop"},
				"south": {"uv": [0, 5, 4, 7], "texture": "#crop"},
				"west": {"uv": [0, 5, 4, 7], "texture": "#crop"},
				"up": {"uv": [8, 0, 12, 4], "texture": "#crop"},
				"down": {"uv": [8, 0, 12, 4], "texture": "#crop"}
			}
		},
		{
			"from": [10, 0, 11],
			"to": [12, 2, 13],
			"faces": {
				"north": {"uv": [0, 4, 2, 5], "texture": "#crop"},
				"east": {"uv": [0, 4, 2, 5], "texture": "#crop"},
				"south": {"uv": [0, 4, 2, 5], "texture": "#crop"},
				"west": {"uv": [0, 4, 2, 5], "texture": "#crop"},
				"down": {"uv": [0, 2, 2, 4], "texture": "#crop"}
			}
		}
	]
}