{
  "variants": {
    "axis=x": {
      "model": "minecraft:block/birch_log_horizontal",
      "x": 90,
      "y": 90
    },
    "axis=y": [ 
	{"model": "minecraft:block/birch_log", "weight":90},
	{"model": "minecraft:block/plantes/birch_log/birch_log1", "weight":2},
	{"model": "minecraft:block/plantes/birch_log/birch_log2", "weight":2},
	{"model": "minecraft:block/plantes/birch_log/birch_log3", "weight":2},
  {"model": "minecraft:block/plantes/birch_log/birch_log5", "weight":2},
  {"model": "minecraft:block/plantes/birch_log/birch_log4", "weight":2}
 ],
    "axis=z": {
      "model": "minecraft:block/birch_log_horizontal",
      "x": 90
    }
  }
}