{
  "variants": {
    "": [
{"model": "minecraft:block/potted_mangrove_propagule"},
{"model": "minecraft:block/potted_mangrove_propagule", "y":90},
{"model": "minecraft:block/potted_mangrove_propagule", "y":180},
{"model": "minecraft:block/potted_mangrove_propagule", "y":270},
{"model": "minecraft:block/potted_mangrove_propagule45"},
{"model": "minecraft:block/potted_mangrove_propagule45", "y":90},
{"model": "minecraft:block/potted_mangrove_propagule45", "y":180},
{"model": "minecraft:block/potted_mangrove_propagule45", "y":270}
     ]
  }
}