{
  "variants": {
    "": [
{"model": "minecraft:block/potted_crimson_fungus"},
{"model": "minecraft:block/potted_crimson_fungus", "y":90},
{"model": "minecraft:block/potted_crimson_fungus", "y":180},
{"model": "minecraft:block/potted_crimson_fungus", "y":270},
{"model": "minecraft:block/potted_crimson_fungus45"},
{"model": "minecraft:block/potted_crimson_fungus45", "y":90},
{"model": "minecraft:block/potted_crimson_fungus45", "y":180},
{"model": "minecraft:block/potted_crimson_fungus45", "y":270}
     ]
  }
}