{
  "variants": {
    "": [
{"model": "minecraft:block/potted_birch_sapling"},
{"model": "minecraft:block/potted_birch_sapling", "y":90},
{"model": "minecraft:block/potted_birch_sapling", "y":180},
{"model": "minecraft:block/potted_birch_sapling", "y":270},
{"model": "minecraft:block/potted_birch_sapling45"},
{"model": "minecraft:block/potted_birch_sapling45", "y":90},
{"model": "minecraft:block/potted_birch_sapling45", "y":180},
{"model": "minecraft:block/potted_birch_sapling45", "y":270}
     ]
  }
}