{
    "variants": {
        "": [ 
		{ "model": "block/plantes/seagrass/seagrass", "weight": 37},
		{"model": "block/plantes/seagrass/seagrass1", "weight": 1 },
		{"model": "block/plantes/seagrass/seagrass2", "weight": 37 },
		{"model": "block/plantes/seagrass/seagrass3", "weight": 10 },
		{"model": "block/plantes/seagrass/seagrass4", "weight": 7 },
		{"model": "block/plantes/seagrass/seagrass5", "weight": 5 },
		{"model": "block/plantes/seagrass/seagrass6", "weight": 8 },
		{"model": "block/plantes/seagrass/seagrass7", "weight": 5 }		
		]
    }
}
