{
  "name": "idas:wizardtower",
  "fallback": "minecraft:empty",
  "elements": [
    {
      "weight": 1,
      "element": {
        "location": "idas:wizardtowers/redwizardtower",
        "processors": "idas:waterlogging_fix_processor",
        "projection": "rigid",
        "element_type": "minecraft:single_pool_element"
      }
    },
    {
      "weight": 1,
      "element": {
        "location": "idas:wizardtowers/yellowwizardtower",
        "processors": "idas:waterlogging_fix_processor",
        "projection": "rigid",
        "element_type": "minecraft:single_pool_element"
      }
    },
    {
      "weight": 1,
      "element": {
        "location": "idas:wizardtowers/purplewizardtower",
        "processors": "idas:waterlogging_fix_processor",
        "projection": "rigid",
        "element_type": "minecraft:single_pool_element"
      }
    }
  ]
}
