{
	"credit": "Made with Blockbench",
	"textures": {
		"0": "block/magical_flower",
		"particle": "block/magical_flower"
	},
	"elements": [
		{
			"from": [6, 0, 0],
			"to": [16, 11, 0],
			"rotation": {"angle": -45, "axis": "y", "origin": [0, 0, 0]},
			"faces": {
				"north": {"uv": [0, 0, 16, 16], "texture": "#0"},
				"east": {"uv": [0, 0, 1, 11], "texture": "#0"},
				"south": {"uv": [0, 0, 16, 16], "texture": "#0"},
				"west": {"uv": [0, 0, 1, 11], "texture": "#0"},
				"up": {"uv": [0, 0, 1, 10], "rotation": 270, "texture": "#0"},
				"down": {"uv": [0, 0, 1, 10], "rotation": 90, "texture": "#0"}
			}
		},
		{
			"from": [11, 0, -5],
			"to": [11, 11, 5],
			"rotation": {"angle": -45, "axis": "y", "origin": [0, 0, 0]},
			"faces": {
				"north": {"uv": [0, 11, 1, 11], "texture": "#0"},
				"east": {"uv": [0, 0, 16, 16], "texture": "#0"},
				"south": {"uv": [0, 11, 1, 11], "texture": "#0"},
				"west": {"uv": [0, 0, 16, 16], "texture": "#0"},
				"up": {"uv": [0, 10, 1, 10], "rotation": 180, "texture": "#0"},
				"down": {"uv": [0, 10, 1, 10], "rotation": 180, "texture": "#0"}
			}
		}
	],
	"gui_light": "front",
	"display": {
		"thirdperson_righthand": {
			"translation": [0, 4.25, 1.25],
			"scale": [0.6, 0.6, 0.6]
		},
		"thirdperson_lefthand": {
			"translation": [0, 4.25, 1.25],
			"scale": [0.6, 0.6, 0.6]
		},
		"firstperson_righthand": {
			"rotation": [0, 89.75, 0],
			"translation": [2.75, 4, 0]
		},
		"firstperson_lefthand": {
			"rotation": [-180, 89.25, 180],
			"translation": [2.75, 4, 0]
		},
		"ground": {
			"translation": [0, 4.5, 0]
		},
		"gui": {
			"translation": [0, 4, 0],
			"scale": [2, 1.5, 0]
		},
		"head": {
			"translation": [0.75, 12.75, 0.75],
			"scale": [4, 4, 4]
		},
		"fixed": {
			"rotation": [-90, 0, 0],
			"translation": [0, 0, -22.75],
			"scale": [3, 3, 3]
		}
	}
}